Participant,Relax1_start,Stroop_start,Relax2_start,Arithmetic_start
P1,1738257576,1738257908,1738258088,1738258440
P2,1738257606,1738257911,1738258092,1738258485
P3,1738257577,1738257908,1738258089,1738258482
P4,1738257575,1738257907,1738258087,1738258483
P5,1738261048,1738261353,1738261533,1738261917
P6,1738261048,1738261357,1738261539,1738261916
P7,1738261050,1738261352,1738261533,1738261916
P8,1738261046,1738261352,1738261533,1738261917
P9,1738264233,1738264572,1738264752,1738265117
P10,1738264233,1738264573,1738264754,1738265115
P11,1738264233,1738264579,1738264761,1738265118
P12,1738264236,1738264542,1738264722,1738265118
P13,1738271884,1738272188,1738272369,1738272764
P14,1738271883,1738272187,1738272368,1738272733
P15,1738271880,1738272185,1738272365,1738272732
P16,1738271883,1738272187,1738272368,1738272733
