LocalTimestamp,EmotiBitTimestamp,PacketNumber,DataLength,TypeTag,ProtocolVersion,DataReliability,DC
1738263926.235029,197501.000,28766,4,DC,2,100,EA
1738263926.235029,197501.000,28766,4,DC,2,100,1
1738263926.235029,197501.000,28766,4,DC,2,100,EL
1738263926.235029,197501.000,28766,4,DC,2,100,1
1738263926.260280,197526.250,28784,4,DC,2,100,EA
1738263926.285531,197551.500,28784,4,DC,2,100,1
1738263926.310782,197576.750,28784,4,DC,2,100,EL
1738263926.336033,197602.000,28784,4,DC,2,100,1
1738263926.362034,197628.000,28800,4,DC,2,100,EA
1738263926.388035,197654.000,28800,4,DC,2,100,2
1738263926.414036,197680.000,28800,4,DC,2,100,EL
1738263926.440037,197706.000,28800,4,DC,2,100,2
1738263926.464788,197730.750,28817,4,DC,2,100,EA
1738263926.489539,197755.500,28817,4,DC,2,100,1
1738263926.514290,197780.250,28817,4,DC,2,100,EL
1738263926.539041,197805.000,28817,4,DC,2,100,1
1738263926.564792,197830.750,28834,4,DC,2,100,EA
1738263926.590543,197856.500,28834,4,DC,2,100,2
1738263926.616294,197882.250,28834,4,DC,2,100,EL
1738263926.642045,197908.000,28834,4,DC,2,100,2
1738263926.667046,197933.000,28850,4,DC,2,100,EA
1738263926.692047,197958.000,28850,4,DC,2,100,1
1738263926.717048,197983.000,28850,4,DC,2,100,EL
1738263926.742049,198008.000,28850,4,DC,2,100,1
1738263926.767299,198033.250,28866,4,DC,2,100,EA
1738263926.792551,198058.500,28866,4,DC,2,100,2
1738263926.817801,198083.750,28866,4,DC,2,100,EL
1738263926.843052,198109.000,28866,4,DC,2,100,2
1738263926.869053,198135.000,28884,4,DC,2,100,EA
1738263926.895054,198161.000,28884,4,DC,2,100,2
1738263926.921055,198187.000,28884,4,DC,2,100,EL
1738263926.947056,198213.000,28884,4,DC,2,100,2
1738263926.972057,198238.000,28900,4,DC,2,100,EA
1738263926.997058,198263.000,28900,4,DC,2,100,1
1738263927.022059,198288.000,28900,4,DC,2,100,EL
1738263927.047060,198313.000,28900,4,DC,2,100,1
1738263927.072311,198338.250,28916,4,DC,2,100,EA
1738263927.097562,198363.500,28916,4,DC,2,100,2
1738263927.122813,198388.750,28916,4,DC,2,100,EL
1738263927.148064,198414.000,28916,4,DC,2,100,2
1738263927.174065,198440.000,28932,4,DC,2,100,EA
1738263927.200066,198466.000,28932,4,DC,2,100,1
1738263927.226067,198492.000,28932,4,DC,2,100,EL
1738263927.252068,198518.000,28932,4,DC,2,100,1
1738263927.276819,198542.750,28950,4,DC,2,100,EA
1738263927.301570,198567.500,28950,4,DC,2,100,2
1738263927.326321,198592.250,28950,4,DC,2,100,EL
1738263927.351072,198617.000,28950,4,DC,2,100,2
1738263927.376823,198642.750,28966,4,DC,2,100,EA
1738263927.402574,198668.500,28966,4,DC,2,100,1
1738263927.428324,198694.250,28966,4,DC,2,100,EL
1738263927.454076,198720.000,28966,4,DC,2,100,1
1738263927.479076,198745.000,28982,4,DC,2,100,EA
1738263927.504077,198770.000,28982,4,DC,2,100,2
1738263927.529078,198795.000,28982,4,DC,2,100,EL
1738263927.554079,198820.000,28982,4,DC,2,100,2
1738263927.579580,198845.500,28999,4,DC,2,100,EA
1738263927.605081,198871.000,28999,4,DC,2,100,1
1738263927.630582,198896.500,28999,4,DC,2,100,EL
1738263927.656083,198922.000,28999,4,DC,2,100,1
1738263927.682084,198948.000,29016,4,DC,2,100,EA
1738263927.708085,198974.000,29016,4,DC,2,100,2
1738263927.734086,199000.000,29016,4,DC,2,100,EL
1738263927.760087,199026.000,29016,4,DC,2,100,2
1738263927.785088,199051.000,29032,4,DC,2,100,EA
1738263927.810089,199076.000,29032,4,DC,2,100,1
1738263927.835090,199101.000,29032,4,DC,2,100,EL
1738263927.860091,199126.000,29032,4,DC,2,100,1
1738263927.885342,199151.250,29049,4,DC,2,100,EA
1738263927.910593,199176.500,29049,4,DC,2,100,2
1738263927.935844,199201.750,29049,4,DC,2,100,EL
1738263927.961095,199227.000,29049,4,DC,2,100,2
1738263927.986346,199252.250,29065,4,DC,2,100,EA
1738263928.011597,199277.500,29065,4,DC,2,100,1
1738263928.036848,199302.750,29065,4,DC,2,100,EL
1738263928.062099,199328.000,29065,4,DC,2,100,1
1738263928.087350,199353.250,29082,4,DC,2,100,EA
1738263928.112601,199378.500,29082,4,DC,2,100,2
1738263928.137851,199403.750,29082,4,DC,2,100,EL
1738263928.163102,199429.000,29082,4,DC,2,100,2
1738263928.189103,199455.000,29098,4,DC,2,100,EA
1738263928.215104,199481.000,29098,4,DC,2,100,1
1738263928.241105,199507.000,29098,4,DC,2,100,EL
1738263928.267106,199533.000,29098,4,DC,2,100,1
1738263928.292357,199558.250,29117,4,DC,2,100,EA
1738263928.317608,199583.500,29117,4,DC,2,100,2
1738263928.342859,199608.750,29117,4,DC,2,100,EL
1738263928.368110,199634.000,29117,4,DC,2,100,2
1738263928.393111,199659.000,29133,4,DC,2,100,EA
1738263928.418112,199684.000,29133,4,DC,2,100,1
1738263928.443113,199709.000,29133,4,DC,2,100,EL
1738263928.468114,199734.000,29133,4,DC,2,100,1
1738263928.494865,199760.750,29150,4,DC,2,100,EA
1738263928.521616,199787.500,29150,4,DC,2,100,2
1738263928.548367,199814.250,29150,4,DC,2,100,EL
1738263928.575118,199841.000,29150,4,DC,2,100,2
1738263928.601369,199867.250,29167,4,DC,2,100,EA
1738263928.627620,199893.500,29167,4,DC,2,100,2
1738263928.653871,199919.750,29167,4,DC,2,100,EL
1738263928.680122,199946.000,29167,4,DC,2,100,2
1738263928.705123,199971.000,29184,4,DC,2,100,EA
1738263928.730124,199996.000,29184,4,DC,2,100,1
1738263928.755125,200021.000,29184,4,DC,2,100,EL
1738263928.780126,200046.000,29184,4,DC,2,100,1
1738263928.805377,200071.250,29199,4,DC,2,100,EA
1738263928.830628,200096.500,29199,4,DC,2,100,2
1738263928.855879,200121.750,29199,4,DC,2,100,EL
1738263928.881130,200147.000,29199,4,DC,2,100,2
1738263928.907631,200173.500,29217,4,DC,2,100,EA
1738263928.934132,200200.000,29217,4,DC,2,100,1
1738263928.960633,200226.500,29217,4,DC,2,100,EL
1738263928.987134,200253.000,29217,4,DC,2,100,1
1738263929.011135,200277.000,29233,4,DC,2,100,EA
1738263929.035136,200301.000,29233,4,DC,2,100,2
1738263929.059136,200325.000,29233,4,DC,2,100,EL
1738263929.083137,200349.000,29233,4,DC,2,100,2
1738263929.109138,200375.000,29250,4,DC,2,100,EA
1738263929.135139,200401.000,29250,4,DC,2,100,1
1738263929.161140,200427.000,29250,4,DC,2,100,EL
1738263929.187141,200453.000,29250,4,DC,2,100,1
1738263929.212642,200478.500,29266,4,DC,2,100,EA
1738263929.238143,200504.000,29266,4,DC,2,100,2
1738263929.263644,200529.500,29266,4,DC,2,100,EL
1738263929.289145,200555.000,29266,4,DC,2,100,2
1738263929.314396,200580.250,29283,4,DC,2,100,EA
1738263929.339647,200605.500,29283,4,DC,2,100,1
1738263929.364898,200630.750,29283,4,DC,2,100,EL
1738263929.390149,200656.000,29283,4,DC,2,100,1
1738263929.415900,200681.750,29299,4,DC,2,100,EA
1738263929.441651,200707.500,29299,4,DC,2,100,2
1738263929.467402,200733.250,29299,4,DC,2,100,EL
1738263929.493153,200759.000,29299,4,DC,2,100,2
1738263929.518404,200784.250,29316,4,DC,2,100,EA
1738263929.543655,200809.500,29316,4,DC,2,100,1
1738263929.568906,200834.750,29316,4,DC,2,100,EL
1738263929.594157,200860.000,29316,4,DC,2,100,1
1738263929.619908,200885.750,29334,4,DC,2,100,EA
1738263929.645659,200911.500,29334,4,DC,2,100,2
1738263929.671410,200937.250,29334,4,DC,2,100,EL
1738263929.697161,200963.000,29334,4,DC,2,100,2
1738263929.723912,200989.750,29351,4,DC,2,100,EA
1738263929.750663,201016.500,29351,4,DC,2,100,1
1738263929.777414,201043.250,29351,4,DC,2,100,EL
1738263929.804165,201070.000,29351,4,DC,2,100,1
1738263929.829666,201095.500,29367,4,DC,2,100,EA
1738263929.855167,201121.000,29367,4,DC,2,100,2
1738263929.880668,201146.500,29367,4,DC,2,100,EL
1738263929.906168,201172.000,29367,4,DC,2,100,2
1738263929.931669,201197.500,29385,4,DC,2,100,EA
1738263929.957170,201223.000,29385,4,DC,2,100,1
1738263929.982671,201248.500,29385,4,DC,2,100,EL
1738263930.008173,201274.000,29385,4,DC,2,100,1
1738263930.033173,201299.000,29401,4,DC,2,100,EA
1738263930.058174,201324.000,29401,4,DC,2,100,2
1738263930.083175,201349.000,29401,4,DC,2,100,EL
1738263930.108176,201374.000,29401,4,DC,2,100,2
1738263930.133927,201399.750,29417,4,DC,2,100,EA
1738263930.159678,201425.500,29417,4,DC,2,100,1
1738263930.185429,201451.250,29417,4,DC,2,100,EL
1738263930.211180,201477.000,29417,4,DC,2,100,1
1738263930.236181,201502.000,29434,4,DC,2,100,EA
1738263930.261182,201527.000,29434,4,DC,2,100,2
1738263930.286183,201552.000,29434,4,DC,2,100,EL
1738263930.311184,201577.000,29434,4,DC,2,100,2
1738263930.336685,201602.500,29451,4,DC,2,100,EA
1738263930.362186,201628.000,29451,4,DC,2,100,1
1738263930.387687,201653.500,29451,4,DC,2,100,EL
1738263930.413188,201679.000,29451,4,DC,2,100,1
1738264002.679428,273942.500,8563,4,DC,2,100,EA
1738264074.945669,346206.000,8563,4,DC,2,100,2
1738264147.211910,418469.500,8563,4,DC,2,100,EL
1738264219.478150,490733.000,8563,4,DC,2,100,2
1738264219.504151,490759.000,8580,4,DC,2,100,EA
1738264219.530152,490785.000,8580,4,DC,2,100,1
1738264219.556153,490811.000,8580,4,DC,2,100,EL
1738264219.582154,490837.000,8580,4,DC,2,100,1
1738264219.606905,490861.750,8596,4,DC,2,100,EA
1738264219.631656,490886.500,8596,4,DC,2,100,1
1738264219.656407,490911.250,8596,4,DC,2,100,EL
1738264219.681158,490936.000,8596,4,DC,2,100,1
1738264231.664362,502918.750,16039,4,DC,2,100,EA
1738264243.647567,514901.500,16039,4,DC,2,100,2
1738264255.630771,526884.250,16039,4,DC,2,100,EL
1738264267.613976,538867.000,16039,4,DC,2,100,2
1738264267.639477,538892.500,16055,4,DC,2,100,EA
1738264267.664978,538918.000,16055,4,DC,2,100,1
1738264267.690479,538943.500,16055,4,DC,2,100,EL
1738264267.715980,538969.000,16055,4,DC,2,100,1
1738264267.751981,539005.000,16071,4,DC,2,100,EA
1738264267.787982,539041.000,16071,4,DC,2,100,3
1738264267.823984,539077.000,16071,4,DC,2,100,EL
1738264267.859985,539113.000,16071,4,DC,2,100,3
1738264267.936488,539189.500,16118,4,DC,2,100,EA
1738264268.012991,539266.000,16118,4,DC,2,100,1
1738264268.089494,539342.500,16118,4,DC,2,100,EL
1738264268.165997,539419.000,16118,4,DC,2,100,1
1738264268.191248,539444.250,16136,4,DC,2,100,EA
1738264268.216499,539469.500,16136,4,DC,2,100,2
1738264268.241750,539494.750,16136,4,DC,2,100,EL
1738264268.267001,539520.000,16136,4,DC,2,100,2
1738264268.292001,539545.000,16154,4,DC,2,100,EA
1738264268.317003,539570.000,16154,4,DC,2,100,1
1738264268.342003,539595.000,16154,4,DC,2,100,EL
1738264268.367004,539620.000,16154,4,DC,2,100,1
1738264268.392255,539645.250,16170,4,DC,2,100,EA
1738264268.417506,539670.500,16170,4,DC,2,100,2
1738264268.442757,539695.750,16170,4,DC,2,100,EL
1738264268.468008,539721.000,16170,4,DC,2,100,2
1738264268.493259,539746.250,16186,4,DC,2,100,EA
1738264268.518510,539771.500,16186,4,DC,2,100,1
1738264268.543761,539796.750,16186,4,DC,2,100,EL
1738264268.569012,539822.000,16186,4,DC,2,100,1
1738264319.258435,590509.500,47525,4,DC,2,100,EA
1738264369.947857,641197.000,47525,4,DC,2,100,1
1738264420.637279,691884.500,47525,4,DC,2,100,EL
1738264471.326701,742572.000,47525,4,DC,2,100,1
1738264471.351953,742597.250,47541,4,DC,2,100,EA
1738264471.377203,742622.500,47541,4,DC,2,100,1
1738264471.402454,742647.750,47541,4,DC,2,100,EL
1738264471.427705,742673.000,47541,4,DC,2,100,1
1738264471.452706,742698.000,47557,4,DC,2,100,EA
1738264471.477707,742723.000,47557,4,DC,2,100,2
1738264471.502708,742748.000,47557,4,DC,2,100,EL
1738264471.527709,742773.000,47557,4,DC,2,100,2
1738264471.555210,742800.500,47574,4,DC,2,100,EA
1738264471.582711,742828.000,47574,4,DC,2,100,1
1738264471.610212,742855.500,47574,4,DC,2,100,EL
1738264471.637713,742883.000,47574,4,DC,2,100,1
1738264471.662964,742908.250,47591,4,DC,2,100,EA
1738264471.688215,742933.500,47591,4,DC,2,100,2
1738264471.713466,742958.750,47591,4,DC,2,100,EL
1738264471.738717,742984.000,47591,4,DC,2,100,2
1738264471.763718,743009.000,47607,4,DC,2,100,EA
1738264471.788719,743034.000,47607,4,DC,2,100,1
1738264471.813720,743059.000,47607,4,DC,2,100,EL
1738264471.838721,743084.000,47607,4,DC,2,100,1
1738264471.864222,743109.500,47625,4,DC,2,100,EA
1738264471.889723,743135.000,47625,4,DC,2,100,2
1738264471.915224,743160.500,47625,4,DC,2,100,EL
1738264471.940725,743186.000,47625,4,DC,2,100,2
1738264471.965726,743211.000,47640,4,DC,2,100,EA
1738264471.990727,743236.000,47640,4,DC,2,100,1
1738264472.015728,743261.000,47640,4,DC,2,100,EL
1738264472.040729,743286.000,47640,4,DC,2,100,1
1738264472.065979,743311.250,47657,4,DC,2,100,EA
1738264472.091230,743336.500,47657,4,DC,2,100,2
1738264472.116482,743361.750,47657,4,DC,2,100,EL
1738264472.141732,743387.000,47657,4,DC,2,100,2
1738264472.167983,743413.250,47674,4,DC,2,100,EA
1738264472.194234,743439.500,47674,4,DC,2,100,2
1738264472.220485,743465.750,47674,4,DC,2,100,EL
1738264472.246736,743492.000,47674,4,DC,2,100,2
1738264472.271737,743517.000,47691,4,DC,2,100,EA
1738264472.296738,743542.000,47691,4,DC,2,100,1
1738264472.321739,743567.000,47691,4,DC,2,100,EL
1738264472.346740,743592.000,47691,4,DC,2,100,1
1738264472.371991,743617.250,47706,4,DC,2,100,EA
1738264472.397242,743642.500,47706,4,DC,2,100,2
1738264472.422493,743667.750,47706,4,DC,2,100,EL
1738264472.447744,743693.000,47706,4,DC,2,100,2
1738264472.473745,743719.000,47723,4,DC,2,100,EA
1738264472.499746,743745.000,47723,4,DC,2,100,1
1738264472.525747,743771.000,47723,4,DC,2,100,EL
1738264472.551748,743797.000,47723,4,DC,2,100,1
1738264472.576999,743822.250,47740,4,DC,2,100,EA
1738264472.602250,743847.500,47740,4,DC,2,100,1
1738264472.627501,743872.750,47740,4,DC,2,100,EL
1738264472.652752,743898.000,47740,4,DC,2,100,1
1738264494.407577,765652.000,61278,4,DC,2,100,EA
1738264516.162402,787406.000,61278,4,DC,2,100,1
1738264537.917227,809160.000,61278,4,DC,2,100,EL
1738264559.672052,830914.000,61278,4,DC,2,100,1
1738264559.697553,830939.500,61293,4,DC,2,100,EA
1738264559.723054,830965.000,61293,4,DC,2,100,2
1738264559.748555,830990.500,61293,4,DC,2,100,EL
1738264559.774056,831016.000,61293,4,DC,2,100,2
1738264559.799057,831041.000,61310,4,DC,2,100,EA
1738264559.824058,831066.000,61310,4,DC,2,100,1
1738264559.849059,831091.000,61310,4,DC,2,100,EL
1738264559.874060,831116.000,61310,4,DC,2,100,1
1738264559.899311,831141.250,61327,4,DC,2,100,EA
1738264559.924562,831166.500,61327,4,DC,2,100,2
1738264559.949812,831191.750,61327,4,DC,2,100,EL
1738264559.975063,831217.000,61327,4,DC,2,100,2
1738264560.408080,831650.000,61585,4,DC,2,100,EA
1738264560.841096,832083.000,61585,4,DC,2,100,1
1738264561.274113,832516.000,61585,4,DC,2,100,EL
1738264561.707129,832949.000,61585,4,DC,2,100,1
1738264561.732380,832974.250,61601,4,DC,2,100,EA
1738264561.757631,832999.500,61601,4,DC,2,100,1
1738264561.782882,833024.750,61601,4,DC,2,100,EL
1738264561.808133,833050.000,61601,4,DC,2,100,1
1738264561.833634,833075.500,61618,4,DC,2,100,EA
1738264561.859135,833101.000,61618,4,DC,2,100,2
1738264561.884636,833126.500,61618,4,DC,2,100,EL
1738264561.910137,833152.000,61618,4,DC,2,100,2
1738264561.936138,833178.000,61634,4,DC,2,100,EA
1738264561.962139,833204.000,61634,4,DC,2,100,1
1738264561.988140,833230.000,61634,4,DC,2,100,EL
1738264562.014141,833256.000,61634,4,DC,2,100,1
1738264562.039392,833281.250,61651,4,DC,2,100,EA
1738264562.064643,833306.500,61651,4,DC,2,100,2
1738264562.089894,833331.750,61651,4,DC,2,100,EL
1738264562.115144,833357.000,61651,4,DC,2,100,2
1738264562.140396,833382.250,61667,4,DC,2,100,EA
1738264562.165647,833407.500,61667,4,DC,2,100,1
1738264562.190897,833432.750,61667,4,DC,2,100,EL
1738264562.216148,833458.000,61667,4,DC,2,100,1
1738264562.242149,833484.000,61684,4,DC,2,100,EA
1738264562.268150,833510.000,61684,4,DC,2,100,2
1738264562.294151,833536.000,61684,4,DC,2,100,EL
1738264562.320152,833562.000,61684,4,DC,2,100,2
1738264562.345403,833587.250,61700,4,DC,2,100,EA
1738264562.370654,833612.500,61700,4,DC,2,100,1
1738264562.395905,833637.750,61700,4,DC,2,100,EL
1738264562.421156,833663.000,61700,4,DC,2,100,1
1738264562.446407,833688.250,61717,4,DC,2,100,EA
1738264562.471658,833713.500,61717,4,DC,2,100,2
1738264562.496909,833738.750,61717,4,DC,2,100,EL
1738264562.522160,833764.000,61717,4,DC,2,100,2
1738264562.548411,833790.250,61734,4,DC,2,100,EA
1738264562.574662,833816.500,61734,4,DC,2,100,1
1738264562.600913,833842.750,61734,4,DC,2,100,EL
1738264562.627164,833869.000,61734,4,DC,2,100,1
1738264562.651415,833893.250,61750,4,DC,2,100,EA
1738264562.675666,833917.500,61750,4,DC,2,100,2
1738264562.699917,833941.750,61750,4,DC,2,100,EL
1738264562.724168,833966.000,61750,4,DC,2,100,2
1738264562.749919,833991.750,61766,4,DC,2,100,EA
1738264562.775670,834017.500,61766,4,DC,2,100,1
1738264562.801421,834043.250,61766,4,DC,2,100,EL
1738264562.827172,834069.000,61766,4,DC,2,100,1
1738264562.852422,834094.250,61784,4,DC,2,100,EA
1738264562.877673,834119.500,61784,4,DC,2,100,2
1738264562.902925,834144.750,61784,4,DC,2,100,EL
1738264562.928175,834170.000,61784,4,DC,2,100,2
1738264562.953176,834195.000,61800,4,DC,2,100,EA
1738264562.978177,834220.000,61800,4,DC,2,100,1
1738264563.003178,834245.000,61800,4,DC,2,100,EL
1738264563.028179,834270.000,61800,4,DC,2,100,1
1738264563.053430,834295.250,61816,4,DC,2,100,EA
1738264563.078681,834320.500,61816,4,DC,2,100,1
1738264563.103932,834345.750,61816,4,DC,2,100,EL
1738264563.129183,834371.000,61816,4,DC,2,100,1
1738264563.180435,834422.250,61851,4,DC,2,100,EA
1738264563.231687,834473.500,61851,4,DC,2,100,2
1738264563.282939,834524.750,61851,4,DC,2,100,EL
1738264563.334191,834576.000,61851,4,DC,2,100,2
1738264563.358942,834600.750,61867,4,DC,2,100,EA
1738264563.383693,834625.500,61867,4,DC,2,100,1
1738264563.408444,834650.250,61867,4,DC,2,100,EL
1738264563.433195,834675.000,61867,4,DC,2,100,1
1738264563.458446,834700.250,61884,4,DC,2,100,EA
1738264563.483696,834725.500,61884,4,DC,2,100,2
1738264563.508947,834750.750,61884,4,DC,2,100,EL
1738264563.534198,834776.000,61884,4,DC,2,100,2
1738264563.559699,834801.500,61900,4,DC,2,100,EA
1738264563.585200,834827.000,61900,4,DC,2,100,1
1738264563.610701,834852.500,61900,4,DC,2,100,EL
1738264563.636202,834878.000,61900,4,DC,2,100,1
1738264563.661203,834903.000,61917,4,DC,2,100,EA
1738264563.686204,834928.000,61917,4,DC,2,100,2
1738264563.711205,834953.000,61917,4,DC,2,100,EL
1738264563.736206,834978.000,61917,4,DC,2,100,2
1738264563.762207,835004.000,61933,4,DC,2,100,EA
1738264563.788208,835030.000,61933,4,DC,2,100,2
1738264563.814209,835056.000,61933,4,DC,2,100,EL
1738264563.840210,835082.000,61933,4,DC,2,100,2
1738264563.865711,835107.500,61951,4,DC,2,100,EA
1738264563.891212,835133.000,61951,4,DC,2,100,1
1738264563.916713,835158.500,61951,4,DC,2,100,EL
1738264563.942214,835184.000,61951,4,DC,2,100,1
1738264563.967215,835209.000,61966,4,DC,2,100,EA
1738264563.992216,835234.000,61966,4,DC,2,100,2
1738264564.017217,835259.000,61966,4,DC,2,100,EL
1738264564.042218,835284.000,61966,4,DC,2,100,2
1738264564.068469,835310.250,61983,4,DC,2,100,EA
1738264564.094720,835336.500,61983,4,DC,2,100,1
1738264564.120971,835362.750,61983,4,DC,2,100,EL
1738264564.147222,835389.000,61983,4,DC,2,100,1
1738264565.911788,837153.500,63076,4,DC,2,100,EA
1738264567.676356,838918.000,63076,4,DC,2,100,1
1738264569.440922,840682.500,63076,4,DC,2,100,EL
1738264571.205489,842447.000,63076,4,DC,2,100,1
1738264571.230740,842472.250,63094,4,DC,2,100,EA
1738264571.255991,842497.500,63094,4,DC,2,100,2
1738264571.281242,842522.750,63094,4,DC,2,100,EL
1738264571.306493,842548.000,63094,4,DC,2,100,2
1738264571.331744,842573.250,63110,4,DC,2,100,EA
1738264571.356995,842598.500,63110,4,DC,2,100,1
1738264571.382246,842623.750,63110,4,DC,2,100,EL
1738264571.407497,842649.000,63110,4,DC,2,100,1
1738264571.432998,842674.500,63128,4,DC,2,100,EA
1738264571.458499,842700.000,63128,4,DC,2,100,2
1738264571.484000,842725.500,63128,4,DC,2,100,EL
1738264571.509501,842751.000,63128,4,DC,2,100,2
1738264571.535502,842777.000,63145,4,DC,2,100,EA
1738264571.561503,842803.000,63145,4,DC,2,100,1
1738264571.587504,842829.000,63145,4,DC,2,100,EL
1738264571.613505,842855.000,63145,4,DC,2,100,1
1738264571.651506,842893.000,63167,4,DC,2,100,EA
1738264571.689508,842931.000,63167,4,DC,2,100,2
1738264571.727509,842969.000,63167,4,DC,2,100,EL
1738264571.765511,843007.000,63167,4,DC,2,100,2
1738264571.791012,843032.500,63183,4,DC,2,100,EA
1738264571.816513,843058.000,63183,4,DC,2,100,2
1738264571.842013,843083.500,63183,4,DC,2,100,EL
1738264571.867514,843109.000,63183,4,DC,2,100,2
1738264571.892765,843134.250,63201,4,DC,2,100,EA
1738264571.918016,843159.500,63201,4,DC,2,100,1
1738264571.943267,843184.750,63201,4,DC,2,100,EL
1738264571.968518,843210.000,63201,4,DC,2,100,1
1738264571.993519,843235.000,63217,4,DC,2,100,EA
1738264572.018520,843260.000,63217,4,DC,2,100,2
1738264572.043521,843285.000,63217,4,DC,2,100,EL
1738264572.068522,843310.000,63217,4,DC,2,100,2
1738264572.094773,843336.250,63233,4,DC,2,100,EA
1738264572.121024,843362.500,63233,4,DC,2,100,2
1738264572.147275,843388.750,63233,4,DC,2,100,EL
1738264572.173526,843415.000,63233,4,DC,2,100,2
1738264572.198777,843440.250,63250,4,DC,2,100,EA
1738264572.224028,843465.500,63250,4,DC,2,100,1
1738264572.249279,843490.750,63250,4,DC,2,100,EL
1738264572.274530,843516.000,63250,4,DC,2,100,1
1738264572.300031,843541.500,63269,4,DC,2,100,EA
1738264572.325532,843567.000,63269,4,DC,2,100,2
1738264572.351033,843592.500,63269,4,DC,2,100,EL
1738264572.376534,843618.000,63269,4,DC,2,100,2
1738264572.402535,843644.000,63285,4,DC,2,100,EA
1738264572.428536,843670.000,63285,4,DC,2,100,1
1738264572.454537,843696.000,63285,4,DC,2,100,EL
1738264572.480538,843722.000,63285,4,DC,2,100,1
1738264572.505789,843747.250,63302,4,DC,2,100,EA
1738264572.531039,843772.500,63302,4,DC,2,100,2
1738264572.556291,843797.750,63302,4,DC,2,100,EL
1738264572.581542,843823.000,63302,4,DC,2,100,2
1738264572.606542,843848.000,63318,4,DC,2,100,EA
1738264572.631543,843873.000,63318,4,DC,2,100,1
1738264572.656544,843898.000,63318,4,DC,2,100,EL
1738264572.681545,843923.000,63318,4,DC,2,100,1
1738264572.707546,843949.000,63335,4,DC,2,100,EA
1738264572.733547,843975.000,63335,4,DC,2,100,2
1738264572.759548,844001.000,63335,4,DC,2,100,EL
1738264572.785549,844027.000,63335,4,DC,2,100,2
1738264572.810050,844051.500,63351,4,DC,2,100,EA
1738264572.834551,844076.000,63351,4,DC,2,100,1
1738264572.859052,844100.500,63351,4,DC,2,100,EL
1738264572.883553,844125.000,63351,4,DC,2,100,1
1738264572.909304,844150.750,63368,4,DC,2,100,EA
1738264572.935055,844176.500,63368,4,DC,2,100,2
1738264572.960806,844202.250,63368,4,DC,2,100,EL
1738264572.986557,844228.000,63368,4,DC,2,100,2
1738264573.011558,844253.000,63384,4,DC,2,100,EA
1738264573.036559,844278.000,63384,4,DC,2,100,1
1738264573.061560,844303.000,63384,4,DC,2,100,EL
1738264573.086561,844328.000,63384,4,DC,2,100,1
1738264573.111812,844353.250,63401,4,DC,2,100,EA
1738264573.137063,844378.500,63401,4,DC,2,100,2
1738264573.162313,844403.750,63401,4,DC,2,100,EL
1738264573.187564,844429.000,63401,4,DC,2,100,2
1738264573.213566,844455.000,63418,4,DC,2,100,EA
1738264573.239567,844481.000,63418,4,DC,2,100,1
1738264573.265568,844507.000,63418,4,DC,2,100,EL
1738264573.291569,844533.000,63418,4,DC,2,100,1
1738264588.601149,859842.000,7448,4,DC,2,100,EA
1738264603.910730,875151.000,7448,4,DC,2,100,1
1738264619.220310,890460.000,7448,4,DC,2,100,EL
1738264634.529891,905769.000,7448,4,DC,2,100,1
1738264634.556392,905795.500,7466,4,DC,2,100,EA
1738264634.582893,905822.000,7466,4,DC,2,100,1
1738264634.609394,905848.500,7466,4,DC,2,100,EL
1738264634.635895,905875.000,7466,4,DC,2,100,1
1738264634.660896,905900.000,7484,4,DC,2,100,EA
1738264634.685897,905925.000,7484,4,DC,2,100,2
1738264634.710898,905950.000,7484,4,DC,2,100,EL
1738264634.735899,905975.000,7484,4,DC,2,100,2
1738264634.760900,906000.000,7500,4,DC,2,100,EA
1738264634.785901,906025.000,7500,4,DC,2,100,2
1738264634.810901,906050.000,7500,4,DC,2,100,EL
1738264634.835902,906075.000,7500,4,DC,2,100,2
1738264634.861403,906100.500,7517,4,DC,2,100,EA
1738264634.886904,906126.000,7517,4,DC,2,100,1
1738264634.912405,906151.500,7517,4,DC,2,100,EL
1738264634.937906,906177.000,7517,4,DC,2,100,1
1738264634.962907,906202.000,7534,4,DC,2,100,EA
1738264634.987908,906227.000,7534,4,DC,2,100,2
1738264635.012909,906252.000,7534,4,DC,2,100,EL
1738264635.037910,906277.000,7534,4,DC,2,100,2
1738264635.063911,906303.000,7550,4,DC,2,100,EA
1738264635.089912,906329.000,7550,4,DC,2,100,1
1738264635.115913,906355.000,7550,4,DC,2,100,EL
1738264635.141914,906381.000,7550,4,DC,2,100,1
1738264659.182826,930421.000,22419,4,DC,2,100,EA
1738264683.223737,954461.000,22419,4,DC,2,100,2
1738264707.264649,978501.000,22419,4,DC,2,100,EL
1738264731.305561,1002541.000,22419,4,DC,2,100,2
1738264731.330562,1002566.000,22435,4,DC,2,100,EA
1738264731.355563,1002591.000,22435,4,DC,2,100,1
1738264731.380564,1002616.000,22435,4,DC,2,100,EL
1738264731.405565,1002641.000,22435,4,DC,2,100,1
1738264731.431566,1002667.000,22451,4,DC,2,100,EA
1738264731.457567,1002693.000,22451,4,DC,2,100,2
1738264731.483568,1002719.000,22451,4,DC,2,100,EL
1738264731.509569,1002745.000,22451,4,DC,2,100,2
1738264736.944525,1008179.750,25821,4,DC,2,100,EA
1738264742.379481,1013614.500,25821,4,DC,2,100,1
1738264747.814437,1019049.250,25821,4,DC,2,100,EL
1738264753.249393,1024484.000,25821,4,DC,2,100,1
1738264801.548225,1072781.000,55919,4,DC,2,100,EA
1738264849.847057,1121078.000,55919,4,DC,2,100,2
1738264898.145888,1169375.000,55919,4,DC,2,100,EL
1738264946.444720,1217672.000,55919,4,DC,2,100,2
1738264946.470971,1217698.250,55935,4,DC,2,100,EA
1738264946.497222,1217724.500,55935,4,DC,2,100,1
1738264946.523473,1217750.750,55935,4,DC,2,100,EL
1738264946.549724,1217777.000,55935,4,DC,2,100,1
1738264946.573975,1217801.250,55952,4,DC,2,100,EA
1738264946.598226,1217825.500,55952,4,DC,2,100,2
1738264946.622477,1217849.750,55952,4,DC,2,100,EL
1738264946.646728,1217874.000,55952,4,DC,2,100,2
1738264946.672479,1217899.750,55969,4,DC,2,100,EA
1738264946.698230,1217925.500,55969,4,DC,2,100,2
1738264946.723981,1217951.250,55969,4,DC,2,100,EL
1738264946.749732,1217977.000,55969,4,DC,2,100,2
1738264946.774982,1218002.250,55985,4,DC,2,100,EA
1738264946.800233,1218027.500,55985,4,DC,2,100,1
1738264946.825485,1218052.750,55985,4,DC,2,100,EL
1738264946.850735,1218078.000,55985,4,DC,2,100,1
1738264946.876236,1218103.500,56002,4,DC,2,100,EA
1738264946.901737,1218129.000,56002,4,DC,2,100,2
1738264946.927238,1218154.500,56002,4,DC,2,100,EL
1738264946.952739,1218180.000,56002,4,DC,2,100,2
1738264946.978740,1218206.000,56018,4,DC,2,100,EA
1738264947.004741,1218232.000,56018,4,DC,2,100,1
1738264947.030742,1218258.000,56018,4,DC,2,100,EL
1738264947.056743,1218284.000,56018,4,DC,2,100,1
1738264947.081244,1218308.500,56037,4,DC,2,100,EA
1738264947.105745,1218333.000,56037,4,DC,2,100,2
1738264947.130246,1218357.500,56037,4,DC,2,100,EL
1738264947.154747,1218382.000,56037,4,DC,2,100,2
1738264947.180248,1218407.500,56054,4,DC,2,100,EA
1738264947.205749,1218433.000,56054,4,DC,2,100,1
1738264947.231250,1218458.500,56054,4,DC,2,100,EL
1738264947.256751,1218484.000,56054,4,DC,2,100,1
1738264947.282002,1218509.250,56070,4,DC,2,100,EA
1738264947.307253,1218534.500,56070,4,DC,2,100,2
1738264947.332504,1218559.750,56070,4,DC,2,100,EL
1738264947.357755,1218585.000,56070,4,DC,2,100,2
1738264947.383006,1218610.250,56086,4,DC,2,100,EA
1738264947.408257,1218635.500,56086,4,DC,2,100,1
1738264947.433507,1218660.750,56086,4,DC,2,100,EL
1738264947.458758,1218686.000,56086,4,DC,2,100,1
1738264947.485009,1218712.250,56104,4,DC,2,100,EA
1738264947.511261,1218738.500,56104,4,DC,2,100,2
1738264947.537511,1218764.750,56104,4,DC,2,100,EL
1738264947.563762,1218791.000,56104,4,DC,2,100,2
1738264947.589013,1218816.250,56122,4,DC,2,100,EA
1738264947.614264,1218841.500,56122,4,DC,2,100,1
1738264947.639515,1218866.750,56122,4,DC,2,100,EL
1738264947.664766,1218892.000,56122,4,DC,2,100,1
1738264947.689767,1218917.000,56138,4,DC,2,100,EA
1738264947.714768,1218942.000,56138,4,DC,2,100,2
1738264947.739769,1218967.000,56138,4,DC,2,100,EL
1738264947.764770,1218992.000,56138,4,DC,2,100,2
1738264947.790021,1219017.250,56154,4,DC,2,100,EA
1738264947.815272,1219042.500,56154,4,DC,2,100,1
1738264947.840523,1219067.750,56154,4,DC,2,100,EL
1738264947.865774,1219093.000,56154,4,DC,2,100,1
1738264947.891275,1219118.500,56172,4,DC,2,100,EA
1738264947.916776,1219144.000,56172,4,DC,2,100,2
1738264947.942277,1219169.500,56172,4,DC,2,100,EL
1738264947.967778,1219195.000,56172,4,DC,2,100,2
1738264948.011529,1219238.750,56189,4,DC,2,100,EA
1738264948.055281,1219282.500,56189,4,DC,2,100,2
1738264948.099033,1219326.250,56189,4,DC,2,100,EL
1738264948.142784,1219370.000,56189,4,DC,2,100,2
1738264948.168035,1219395.250,56206,4,DC,2,100,EA
1738264948.193286,1219420.500,56206,4,DC,2,100,2
1738264948.218537,1219445.750,56206,4,DC,2,100,EL
1738264948.243788,1219471.000,56206,4,DC,2,100,2
1738264948.268789,1219496.000,56225,4,DC,2,100,EA
1738264948.293790,1219521.000,56225,4,DC,2,100,1
1738264948.318791,1219546.000,56225,4,DC,2,100,EL
1738264948.343792,1219571.000,56225,4,DC,2,100,1
1738264948.369043,1219596.250,56241,4,DC,2,100,EA
1738264948.394294,1219621.500,56241,4,DC,2,100,2
1738264948.419545,1219646.750,56241,4,DC,2,100,EL
1738264948.444796,1219672.000,56241,4,DC,2,100,2
1738264948.470047,1219697.250,56257,4,DC,2,100,EA
1738264948.495298,1219722.500,56257,4,DC,2,100,1
1738264948.520549,1219747.750,56257,4,DC,2,100,EL
1738264948.545800,1219773.000,56257,4,DC,2,100,1
1738264948.571301,1219798.500,56274,4,DC,2,100,EA
1738264948.596802,1219824.000,56274,4,DC,2,100,2
1738264948.622303,1219849.500,56274,4,DC,2,100,EL
1738264948.647804,1219875.000,56274,4,DC,2,100,2
1738264948.673305,1219900.500,56291,4,DC,2,100,EA
1738264948.698806,1219926.000,56291,4,DC,2,100,2
1738264948.724306,1219951.500,56291,4,DC,2,100,EL
1738264948.749807,1219977.000,56291,4,DC,2,100,2
1738264948.775058,1220002.250,56307,4,DC,2,100,EA
1738264948.800309,1220027.500,56307,4,DC,2,100,1
1738264948.825560,1220052.750,56307,4,DC,2,100,EL
1738264948.850811,1220078.000,56307,4,DC,2,100,1
1738264948.876312,1220103.500,56324,4,DC,2,100,EA
1738264948.901813,1220129.000,56324,4,DC,2,100,2
1738264948.927314,1220154.500,56324,4,DC,2,100,EL
1738264948.952815,1220180.000,56324,4,DC,2,100,2
1738264948.978566,1220205.750,56340,4,DC,2,100,EA
1738264949.004317,1220231.500,56340,4,DC,2,100,1
1738264949.030068,1220257.250,56340,4,DC,2,100,EL
1738264949.055819,1220283.000,56340,4,DC,2,100,1
1738264949.081070,1220308.250,56357,4,DC,2,100,EA
1738264949.106321,1220333.500,56357,4,DC,2,100,2
1738264949.131572,1220358.750,56357,4,DC,2,100,EL
1738264949.156823,1220384.000,56357,4,DC,2,100,2
1738264949.182324,1220409.500,56374,4,DC,2,100,EA
1738264949.207825,1220435.000,56374,4,DC,2,100,1
1738264949.233326,1220460.500,56374,4,DC,2,100,EL
1738264949.258827,1220486.000,56374,4,DC,2,100,1
1738264949.283828,1220511.000,56390,4,DC,2,100,EA
1738264949.308829,1220536.000,56390,4,DC,2,100,2
1738264949.333830,1220561.000,56390,4,DC,2,100,EL
1738264949.358830,1220586.000,56390,4,DC,2,100,2
1738264949.384331,1220611.500,56406,4,DC,2,100,EA
1738264949.409832,1220637.000,56406,4,DC,2,100,1
1738264949.435333,1220662.500,56406,4,DC,2,100,EL
1738264949.460834,1220688.000,56406,4,DC,2,100,1
1738264949.486585,1220713.750,56424,4,DC,2,100,EA
1738264949.512336,1220739.500,56424,4,DC,2,100,2
1738264949.538087,1220765.250,56424,4,DC,2,100,EL
1738264949.563838,1220791.000,56424,4,DC,2,100,2
1738264949.588839,1220816.000,56440,4,DC,2,100,EA
1738264949.613840,1220841.000,56440,4,DC,2,100,1
1738264949.638841,1220866.000,56440,4,DC,2,100,EL
1738264949.663842,1220891.000,56440,4,DC,2,100,1
1738264949.689093,1220916.250,56456,4,DC,2,100,EA
1738264949.714344,1220941.500,56456,4,DC,2,100,2
1738264949.739595,1220966.750,56456,4,DC,2,100,EL
1738264949.764846,1220992.000,56456,4,DC,2,100,2
1738264949.790847,1221018.000,56472,4,DC,2,100,EA
1738264949.816848,1221044.000,56472,4,DC,2,100,1
1738264949.842849,1221070.000,56472,4,DC,2,100,EL
1738264949.868850,1221096.000,56472,4,DC,2,100,1
1738264949.893351,1221120.500,56490,4,DC,2,100,EA
1738264949.917852,1221145.000,56490,4,DC,2,100,2
1738264949.942353,1221169.500,56490,4,DC,2,100,EL
1738264949.966854,1221194.000,56490,4,DC,2,100,2
1738264949.992604,1221219.750,56506,4,DC,2,100,EA
1738264950.018356,1221245.500,56506,4,DC,2,100,1
1738264950.044106,1221271.250,56506,4,DC,2,100,EL
1738264950.069857,1221297.000,56506,4,DC,2,100,1
1738264950.094858,1221322.000,56522,4,DC,2,100,EA
1738264950.119859,1221347.000,56522,4,DC,2,100,2
1738264950.144860,1221372.000,56522,4,DC,2,100,EL
1738264950.169861,1221397.000,56522,4,DC,2,100,2
1738264950.195362,1221422.500,56539,4,DC,2,100,EA
1738264950.220863,1221448.000,56539,4,DC,2,100,1
1738264950.246364,1221473.500,56539,4,DC,2,100,EL
1738264950.271865,1221499.000,56539,4,DC,2,100,1
1738264966.121716,1237348.250,909,4,DC,2,100,EA
1738264981.971567,1253197.500,909,4,DC,2,100,1
1738264997.821418,1269046.750,909,4,DC,2,100,EL
1738265013.671269,1284896.000,909,4,DC,2,100,1
1738265013.696770,1284921.500,926,4,DC,2,100,EA
1738265013.722271,1284947.000,926,4,DC,2,100,2
1738265013.747772,1284972.500,926,4,DC,2,100,EL
1738265013.773273,1284998.000,926,4,DC,2,100,2
1738265013.798274,1285023.000,941,4,DC,2,100,EA
1738265013.823275,1285048.000,941,4,DC,2,100,1
1738265013.848276,1285073.000,941,4,DC,2,100,EL
1738265013.873277,1285098.000,941,4,DC,2,100,1
1738265013.898778,1285123.500,959,4,DC,2,100,EA
1738265013.924279,1285149.000,959,4,DC,2,100,2
1738265013.949780,1285174.500,959,4,DC,2,100,EL
1738265013.975281,1285200.000,959,4,DC,2,100,2
1738265014.001282,1285226.000,975,4,DC,2,100,EA
1738265014.027283,1285252.000,975,4,DC,2,100,2
1738265014.053284,1285278.000,975,4,DC,2,100,EL
1738265014.079285,1285304.000,975,4,DC,2,100,2
1738265014.104286,1285329.000,992,4,DC,2,100,EA
1738265014.129287,1285354.000,992,4,DC,2,100,1
1738265014.154288,1285379.000,992,4,DC,2,100,EL
1738265014.179289,1285404.000,992,4,DC,2,100,1
1738265014.356296,1285581.000,1102,4,DC,2,100,EA
1738265014.533302,1285758.000,1102,4,DC,2,100,2
1738265014.710309,1285935.000,1102,4,DC,2,100,EL
1738265014.887316,1286112.000,1102,4,DC,2,100,2
1738265014.913067,1286137.750,1119,4,DC,2,100,EA
1738265014.938818,1286163.500,1119,4,DC,2,100,1
1738265014.964569,1286189.250,1119,4,DC,2,100,EL
1738265014.990319,1286215.000,1119,4,DC,2,100,1
1738265015.015821,1286240.500,1134,4,DC,2,100,EA
1738265015.041322,1286266.000,1134,4,DC,2,100,2
1738265015.066823,1286291.500,1134,4,DC,2,100,EL
1738265015.092323,1286317.000,1134,4,DC,2,100,2
1738265015.117324,1286342.000,1151,4,DC,2,100,EA
1738265015.142325,1286367.000,1151,4,DC,2,100,1
1738265015.167326,1286392.000,1151,4,DC,2,100,EL
1738265015.192327,1286417.000,1151,4,DC,2,100,1
1738265015.217828,1286442.500,1168,4,DC,2,100,EA
1738265015.243329,1286468.000,1168,4,DC,2,100,2
1738265015.268830,1286493.500,1168,4,DC,2,100,EL
1738265015.294331,1286519.000,1168,4,DC,2,100,2
1738265015.319332,1286544.000,1185,4,DC,2,100,EA
1738265015.344333,1286569.000,1185,4,DC,2,100,1
1738265015.369334,1286594.000,1185,4,DC,2,100,EL
1738265015.394335,1286619.000,1185,4,DC,2,100,1
1738265015.419836,1286644.500,1200,4,DC,2,100,EA
1738265015.445337,1286670.000,1200,4,DC,2,100,2
1738265015.470838,1286695.500,1200,4,DC,2,100,EL
1738265015.496339,1286721.000,1200,4,DC,2,100,2
1738265015.522340,1286747.000,1220,4,DC,2,100,EA
1738265015.548341,1286773.000,1220,4,DC,2,100,1
1738265015.574342,1286799.000,1220,4,DC,2,100,EL
1738265015.600343,1286825.000,1220,4,DC,2,100,1
1738265015.624844,1286849.500,1236,4,DC,2,100,EA
1738265015.649344,1286874.000,1236,4,DC,2,100,2
1738265015.673846,1286898.500,1236,4,DC,2,100,EL
1738265015.698346,1286923.000,1236,4,DC,2,100,2
1738265015.723847,1286948.500,1253,4,DC,2,100,EA
1738265015.749348,1286974.000,1253,4,DC,2,100,1
1738265015.774849,1286999.500,1253,4,DC,2,100,EL
1738265015.800350,1287025.000,1253,4,DC,2,100,1
1738265015.826851,1287051.500,1269,4,DC,2,100,EA
1738265015.853352,1287078.000,1269,4,DC,2,100,1
1738265015.879853,1287104.500,1269,4,DC,2,100,EL
1738265015.906354,1287131.000,1269,4,DC,2,100,1
1738265038.554963,1309778.750,15418,4,DC,2,100,EA
1738265061.203572,1332426.500,15418,4,DC,2,100,1
1738265083.852181,1355074.250,15418,4,DC,2,100,EL
1738265106.500790,1377722.000,15418,4,DC,2,100,1
1738265106.526041,1377747.250,15436,4,DC,2,100,EA
1738265106.551292,1377772.500,15436,4,DC,2,100,1
1738265106.576543,1377797.750,15436,4,DC,2,100,EL
1738265106.601794,1377823.000,15436,4,DC,2,100,1
1738265106.626795,1377848.000,15452,4,DC,2,100,EA
1738265106.651796,1377873.000,15452,4,DC,2,100,2
1738265106.676797,1377898.000,15452,4,DC,2,100,EL
1738265106.701798,1377923.000,15452,4,DC,2,100,2
1738265106.727799,1377949.000,15468,4,DC,2,100,EA
1738265106.753800,1377975.000,15468,4,DC,2,100,1
1738265106.779801,1378001.000,15468,4,DC,2,100,EL
1738265106.805802,1378027.000,15468,4,DC,2,100,1
1738265106.830553,1378051.750,15485,4,DC,2,100,EA
1738265106.855304,1378076.500,15485,4,DC,2,100,2
1738265106.880054,1378101.250,15485,4,DC,2,100,EL
1738265106.904805,1378126.000,15485,4,DC,2,100,2
1738265106.930306,1378151.500,15502,4,DC,2,100,EA
1738265106.955807,1378177.000,15502,4,DC,2,100,2
1738265106.981308,1378202.500,15502,4,DC,2,100,EL
1738265107.006809,1378228.000,15502,4,DC,2,100,2
1738265107.031810,1378253.000,15518,4,DC,2,100,EA
1738265107.056811,1378278.000,15518,4,DC,2,100,1
1738265107.081812,1378303.000,15518,4,DC,2,100,EL
1738265107.106813,1378328.000,15518,4,DC,2,100,1
1738265107.132314,1378353.500,15535,4,DC,2,100,EA
1738265107.157815,1378379.000,15535,4,DC,2,100,2
1738265107.183316,1378404.500,15535,4,DC,2,100,EL
1738265107.208817,1378430.000,15535,4,DC,2,100,2
1738265107.233818,1378455.000,15551,4,DC,2,100,EA
1738265107.258819,1378480.000,15551,4,DC,2,100,1
1738265107.283820,1378505.000,15551,4,DC,2,100,EL
1738265107.308821,1378530.000,15551,4,DC,2,100,1
1738265107.334072,1378555.250,15568,4,DC,2,100,EA
1738265107.359323,1378580.500,15568,4,DC,2,100,2
1738265107.384573,1378605.750,15568,4,DC,2,100,EL
1738265107.409824,1378631.000,15568,4,DC,2,100,2
1738265107.435825,1378657.000,15584,4,DC,2,100,EA
1738265107.461826,1378683.000,15584,4,DC,2,100,1
1738265107.487827,1378709.000,15584,4,DC,2,100,EL
1738265107.513829,1378735.000,15584,4,DC,2,100,1
1738265107.539079,1378760.250,15601,4,DC,2,100,EA
1738265107.564330,1378785.500,15601,4,DC,2,100,2
1738265107.589581,1378810.750,15601,4,DC,2,100,EL
1738265107.614832,1378836.000,15601,4,DC,2,100,2
1738265107.639833,1378861.000,15617,4,DC,2,100,EA
1738265107.664834,1378886.000,15617,4,DC,2,100,1
1738265107.689835,1378911.000,15617,4,DC,2,100,EL
1738265107.714836,1378936.000,15617,4,DC,2,100,1
1738265107.741087,1378962.250,15634,4,DC,2,100,EA
1738265107.767338,1378988.500,15634,4,DC,2,100,2
1738265107.793589,1379014.750,15634,4,DC,2,100,EL
1738265107.819840,1379041.000,15634,4,DC,2,100,2
1738265107.996847,1379218.000,15745,4,DC,2,100,EA
1738265108.173853,1379395.000,15745,4,DC,2,100,1
1738265108.350860,1379572.000,15745,4,DC,2,100,EL
1738265108.527867,1379749.000,15745,4,DC,2,100,1
1738265108.553868,1379775.000,15763,4,DC,2,100,EA
1738265108.579869,1379801.000,15763,4,DC,2,100,2
1738265108.605870,1379827.000,15763,4,DC,2,100,EL
1738265108.631871,1379853.000,15763,4,DC,2,100,2
1738265108.656872,1379878.000,15779,4,DC,2,100,EA
1738265108.681873,1379903.000,15779,4,DC,2,100,1
1738265108.706874,1379928.000,15779,4,DC,2,100,EL
1738265108.731875,1379953.000,15779,4,DC,2,100,1
1738265108.757375,1379978.500,15796,4,DC,2,100,EA
1738265108.782876,1380004.000,15796,4,DC,2,100,2
1738265108.808378,1380029.500,15796,4,DC,2,100,EL
1738265108.833879,1380055.000,15796,4,DC,2,100,2
1738265108.859129,1380080.250,15812,4,DC,2,100,EA
1738265108.884380,1380105.500,15812,4,DC,2,100,1
1738265108.909631,1380130.750,15812,4,DC,2,100,EL
1738265108.934882,1380156.000,15812,4,DC,2,100,1
1738265108.959883,1380181.000,15829,4,DC,2,100,EA
1738265108.984884,1380206.000,15829,4,DC,2,100,1
1738265109.009885,1380231.000,15829,4,DC,2,100,EL
1738265109.034886,1380256.000,15829,4,DC,2,100,1
1738265109.535405,1380756.500,16135,4,DC,2,100,EA
1738265110.035924,1381257.000,16135,4,DC,2,100,1
1738265110.536443,1381757.500,16135,4,DC,2,100,EL
1738265111.036962,1382258.000,16135,4,DC,2,100,1
1738265113.099790,1384320.750,17420,4,DC,2,100,EA
1738265115.162618,1386383.500,17420,4,DC,2,100,1
1738265117.225447,1388446.250,17420,4,DC,2,100,EL
1738265119.288275,1390509.000,17420,4,DC,2,100,1
1738265119.312526,1390533.250,17437,4,DC,2,100,EA
1738265119.336777,1390557.500,17437,4,DC,2,100,1
1738265119.361028,1390581.750,17437,4,DC,2,100,EL
1738265119.385279,1390606.000,17437,4,DC,2,100,1
1738265119.422530,1390643.250,17458,4,DC,2,100,EA
1738265119.459781,1390680.500,17458,4,DC,2,100,2
1738265119.497033,1390717.750,17458,4,DC,2,100,EL
1738265119.534284,1390755.000,17458,4,DC,2,100,2
1738265119.559285,1390780.000,17475,4,DC,2,100,EA
1738265119.584286,1390805.000,17475,4,DC,2,100,2
1738265119.609287,1390830.000,17475,4,DC,2,100,EL
1738265119.634288,1390855.000,17475,4,DC,2,100,2
1738265119.660289,1390881.000,17491,4,DC,2,100,EA
1738265119.686290,1390907.000,17491,4,DC,2,100,1
1738265119.712291,1390933.000,17491,4,DC,2,100,EL
1738265119.738292,1390959.000,17491,4,DC,2,100,1
