LocalTimestamp,EmotiBitTimestamp,PacketNumber,DataLength,TypeTag,ProtocolVersion,DataReliability,EL
1738265309.443165,1583605.000,47436,2,EL,1,100,-10527.200195
1738265309.443165,1583605.000,47436,2,EL,1,100,-10526.799805
1738265309.513238,1583671.000,47452,1,EL,1,100,-10526.000000
1738265309.584373,1583738.000,47468,2,EL,1,100,-10525.000000
1738265309.655508,1583805.000,47468,2,EL,1,100,-10524.000000
1738265309.725582,1583871.000,47484,1,EL,1,100,-10524.000000
1738265309.796716,1583938.000,47498,2,EL,1,100,-10523.400391
1738265309.867851,1584005.000,47498,2,EL,1,100,-10521.200195
1738265309.937925,1584071.000,47515,1,EL,1,100,-10519.799805
1738265310.009060,1584138.000,47530,2,EL,1,100,-10518.799805
1738265310.080194,1584205.000,47530,2,EL,1,100,-10518.000000
1738265310.150268,1584271.000,47546,1,EL,1,100,-10517.200195
1738265310.221403,1584338.000,47563,2,EL,1,100,-10518.400391
1738265310.292537,1584405.000,47563,2,EL,1,100,-10519.400391
1738265310.362611,1584471.000,47581,1,EL,1,100,-10520.000000
1738265310.433746,1584538.000,47596,2,EL,1,100,-10518.799805
1738265310.504881,1584605.000,47596,2,EL,1,100,-10517.799805
1738265310.574954,1584671.000,47612,1,EL,1,100,-10517.799805
1738265310.646089,1584738.000,47627,2,EL,1,100,-10516.799805
1738265310.717224,1584805.000,47627,2,EL,1,100,-10516.200195
1738265310.787297,1584871.000,47643,1,EL,1,100,-10516.799805
1738265310.858432,1584938.000,47658,2,EL,1,100,-10516.400391
1738265310.929567,1585005.000,47658,2,EL,1,100,-10517.200195
1738265310.999640,1585071.000,47677,1,EL,1,100,-10517.000000
1738265311.070775,1585138.000,47692,2,EL,1,100,-10516.599609
1738265311.141910,1585205.000,47692,2,EL,1,100,-10516.000000
1738265311.212514,1585271.500,47712,2,EL,1,100,-10515.000000
1738265311.283118,1585338.000,47712,2,EL,1,100,-10514.799805
1738265311.353722,1585404.500,47728,2,EL,1,100,-10514.200195
1738265311.424326,1585471.000,47728,2,EL,1,100,-10513.000000
1738265311.495461,1585538.000,47746,1,EL,1,100,-10511.799805
1738265311.566065,1585604.500,47761,2,EL,1,100,-10511.799805
1738265311.636669,1585671.000,47761,2,EL,1,100,-10510.599609
1738265311.707804,1585738.000,47778,1,EL,1,100,-10510.000000
1738265311.778408,1585804.500,47792,2,EL,1,100,-10510.000000
1738265311.849012,1585871.000,47792,2,EL,1,100,-10510.000000
1738265311.920147,1585938.000,47808,1,EL,1,100,-10510.000000
1738265311.990751,1586004.500,47824,2,EL,1,100,-10508.000000
1738265312.061355,1586071.000,47824,2,EL,1,100,-10508.000000
1738265312.132490,1586138.000,47840,1,EL,1,100,-10508.000000
1738265312.203094,1586204.500,47854,2,EL,1,100,-10505.599609
1738265312.273698,1586271.000,47854,2,EL,1,100,-10505.400391
1738265312.344833,1586338.000,47870,1,EL,1,100,-10507.000000
1738265312.415437,1586404.500,47886,2,EL,1,100,-10506.400391
1738265312.486041,1586471.000,47886,2,EL,1,100,-10506.400391
1738265312.557176,1586538.000,47902,1,EL,1,100,-10505.400391
1738265312.627780,1586604.500,47919,2,EL,1,100,-10504.400391
1738265312.698385,1586671.000,47919,2,EL,1,100,-10504.599609
1738265312.768989,1586737.500,47935,2,EL,1,100,-10505.000000
1738265312.839593,1586804.000,47935,2,EL,1,100,-10504.000000
1738265312.910728,1586871.000,47950,1,EL,1,100,-10503.799805
1738265312.981332,1586937.500,47966,2,EL,1,100,-10503.000000
1738265313.051936,1587004.000,47966,2,EL,1,100,-10502.400391
1738265313.123071,1587071.000,47982,1,EL,1,100,-10502.000000
1738265313.193675,1587137.500,47997,2,EL,1,100,-10503.000000
1738265313.264279,1587204.000,47997,2,EL,1,100,-10502.400391
1738265313.335414,1587271.000,48012,1,EL,1,100,-10502.400391
1738265313.406018,1587337.500,48029,2,EL,1,100,-10502.000000
1738265313.476622,1587404.000,48029,2,EL,1,100,-10501.799805
1738265313.547757,1587471.000,48044,1,EL,1,100,-10501.799805
1738265313.618361,1587537.500,48059,2,EL,1,100,-10501.000000
1738265313.688965,1587604.000,48059,2,EL,1,100,-10500.000000
1738265313.760100,1587671.000,48074,1,EL,1,100,-10500.000000
1738265313.830704,1587737.500,48091,2,EL,1,100,-10500.000000
1738265313.901308,1587804.000,48091,2,EL,1,100,-10499.200195
1738265313.972443,1587871.000,48106,1,EL,1,100,-10498.799805
1738265314.043047,1587937.500,48121,2,EL,1,100,-10499.599609
1738265314.113651,1588004.000,48121,2,EL,1,100,-10500.000000
1738265314.184786,1588071.000,48137,1,EL,1,100,-10498.799805
1738265314.255390,1588137.500,48153,2,EL,1,100,-10498.000000
1738265314.325994,1588204.000,48153,2,EL,1,100,-10498.200195
1738265314.397129,1588271.000,48168,1,EL,1,100,-10498.599609
1738265314.467733,1588337.500,48184,2,EL,1,100,-10497.599609
1738265314.538337,1588404.000,48184,2,EL,1,100,-10499.599609
1738265314.609472,1588471.000,48199,1,EL,1,100,-10500.799805
1738265314.680076,1588537.500,48215,2,EL,1,100,-10499.000000
1738265314.750680,1588604.000,48215,2,EL,1,100,-10498.400391
1738265314.821815,1588671.000,48230,1,EL,1,100,-10499.000000
1738265314.892419,1588737.500,48247,2,EL,1,100,-10499.599609
1738265314.963023,1588804.000,48247,2,EL,1,100,-10500.799805
1738265315.033627,1588870.500,48261,2,EL,1,100,-10501.799805
1738265315.104231,1588937.000,48261,2,EL,1,100,-10501.599609
1738265315.175366,1589004.000,48277,1,EL,1,100,-10501.200195
1738265315.245970,1589070.500,48293,2,EL,1,100,-10500.000000
1738265315.316575,1589137.000,48293,2,EL,1,100,-10500.799805
1738265315.387709,1589204.000,48309,1,EL,1,100,-10501.200195
1738265315.458313,1589270.500,48323,2,EL,1,100,-10502.000000
1738265315.528918,1589337.000,48323,2,EL,1,100,-10501.400391
1738265315.600052,1589404.000,48340,1,EL,1,100,-10501.400391
1738265315.670656,1589470.500,48357,2,EL,1,100,-10501.000000
1738265315.741261,1589537.000,48357,2,EL,1,100,-10500.200195
1738265315.812396,1589604.000,48373,1,EL,1,100,-10499.799805
1738265315.883000,1589670.500,48388,2,EL,1,100,-10500.799805
1738265315.953604,1589737.000,48388,2,EL,1,100,-10500.799805
1738265316.024739,1589804.000,48404,1,EL,1,100,-10500.400391
1738265316.095343,1589870.500,48419,2,EL,1,100,-10501.200195
1738265316.165947,1589937.000,48419,2,EL,1,100,-10500.000000
1738265316.237082,1590004.000,48435,1,EL,1,100,-10499.400391
1738265316.307686,1590070.500,48450,2,EL,1,100,-10499.000000
1738265316.378290,1590137.000,48450,2,EL,1,100,-10497.599609
1738265316.449425,1590204.000,48466,1,EL,1,100,-10497.599609
1738265316.520029,1590270.500,48481,2,EL,1,100,-10497.599609
1738265316.590633,1590337.000,48481,2,EL,1,100,-10497.400391
1738265316.661768,1590404.000,48503,2,EL,1,100,-10497.000000
1738265316.732903,1590471.000,48503,2,EL,1,100,-10495.400391
1738265316.803507,1590537.500,48518,2,EL,1,100,-10495.599609
1738265316.874111,1590604.000,48518,2,EL,1,100,-10495.599609
1738265316.945246,1590671.000,48534,1,EL,1,100,-10496.400391
1738265317.015850,1590737.500,48549,2,EL,1,100,-10494.599609
1738265317.086454,1590804.000,48549,2,EL,1,100,-10492.799805
1738265317.157589,1590871.000,48565,1,EL,1,100,-10494.000000
1738265317.228193,1590937.500,48580,2,EL,1,100,-10494.400391
1738265317.298797,1591004.000,48580,2,EL,1,100,-10492.599609
1738265317.369932,1591071.000,48597,1,EL,1,100,-10491.200195
1738265317.440536,1591137.500,48611,2,EL,1,100,-10490.799805
1738265317.511140,1591204.000,48611,2,EL,1,100,-10489.200195
1738265317.582275,1591271.000,48627,1,EL,1,100,-10489.799805
1738265317.652879,1591337.500,48643,2,EL,1,100,-10490.200195
1738265317.723483,1591404.000,48643,2,EL,1,100,-10488.799805
1738265317.794618,1591471.000,48659,1,EL,1,100,-10488.000000
1738265317.865222,1591537.500,48673,2,EL,1,100,-10489.599609
1738265317.935826,1591604.000,48673,2,EL,1,100,-10488.799805
1738265318.006961,1591671.000,48689,1,EL,1,100,-10488.000000
1738265318.077565,1591737.500,48705,2,EL,1,100,-10488.400391
1738265318.148169,1591804.000,48705,2,EL,1,100,-10488.000000
1738265318.219304,1591871.000,48721,1,EL,1,100,-10487.799805
1738265318.289908,1591937.500,48735,2,EL,1,100,-10488.400391
1738265318.360512,1592004.000,48735,2,EL,1,100,-10488.000000
1738265318.431647,1592071.000,48752,1,EL,1,100,-10486.400391
1738265318.502251,1592137.500,48767,2,EL,1,100,-10486.799805
1738265318.572855,1592204.000,48767,2,EL,1,100,-10487.200195
1738265318.642929,1592270.000,48783,1,EL,1,100,-10486.599609
1738265318.714063,1592337.000,48799,2,EL,1,100,-10485.400391
1738265318.785198,1592404.000,48799,2,EL,1,100,-10486.599609
1738265318.855803,1592470.500,48814,2,EL,1,100,-10489.000000
1738265318.926407,1592537.000,48814,2,EL,1,100,-10489.400391
1738265318.997541,1592604.000,48829,1,EL,1,100,-10488.799805
1738265319.068146,1592670.500,48846,2,EL,1,100,-10486.599609
1738265319.138750,1592737.000,48846,2,EL,1,100,-10484.000000
1738265319.209885,1592804.000,48861,1,EL,1,100,-10483.400391
1738265319.280489,1592870.500,48876,2,EL,1,100,-10482.599609
1738265319.351093,1592937.000,48876,2,EL,1,100,-10482.000000
1738265319.422228,1593004.000,48891,1,EL,1,100,-10483.599609
1738265319.492832,1593070.500,48908,2,EL,1,100,-10483.200195
1738265319.563436,1593137.000,48908,2,EL,1,100,-10483.000000
1738265319.634571,1593204.000,48923,1,EL,1,100,-10482.400391
1738265319.705175,1593270.500,48938,2,EL,1,100,-10481.000000
1738265319.775779,1593337.000,48938,2,EL,1,100,-10480.599609
1738265319.846914,1593404.000,48954,1,EL,1,100,-10481.000000
1738265319.917518,1593470.500,48970,2,EL,1,100,-10479.799805
1738265319.988122,1593537.000,48970,2,EL,1,100,-10479.200195
1738265320.059257,1593604.000,48985,1,EL,1,100,-10479.200195
1738265320.129861,1593670.500,49001,2,EL,1,100,-10478.599609
1738265320.200465,1593737.000,49001,2,EL,1,100,-10476.200195
1738265320.271600,1593804.000,49016,1,EL,1,100,-10474.000000
1738265320.342204,1593870.500,49032,2,EL,1,100,-10474.799805
1738265320.412808,1593937.000,49032,2,EL,1,100,-10473.000000
1738265320.483943,1594004.000,49047,1,EL,1,100,-10471.799805
1738265320.554547,1594070.500,49063,2,EL,1,100,-10472.200195
1738265320.625151,1594137.000,49063,2,EL,1,100,-10472.000000
1738265320.696286,1594204.000,49078,1,EL,1,100,-10472.599609
1738265320.766890,1594270.500,49094,2,EL,1,100,-10472.000000
1738265320.837494,1594337.000,49094,2,EL,1,100,-10471.400391
1738265320.908629,1594404.000,49110,1,EL,1,100,-10470.200195
1738265320.979233,1594470.500,49128,2,EL,1,100,-10467.599609
1738265321.049837,1594537.000,49128,2,EL,1,100,-10467.000000
1738265321.120972,1594604.000,49142,1,EL,1,100,-10468.599609
1738265321.191576,1594670.500,49159,2,EL,1,100,-10466.400391
1738265321.262180,1594737.000,49159,2,EL,1,100,-10464.799805
1738265321.332784,1594803.500,49174,2,EL,1,100,-10463.000000
1738265321.403389,1594870.000,49174,2,EL,1,100,-10462.200195
1738265321.474523,1594937.000,49190,1,EL,1,100,-10460.599609
1738265321.545127,1595003.500,49205,2,EL,1,100,-10459.200195
1738265321.615731,1595070.000,49205,2,EL,1,100,-10459.000000
1738265321.686867,1595137.000,49221,1,EL,1,100,-10457.599609
1738265321.757470,1595203.500,49236,2,EL,1,100,-10457.000000
1738265321.828074,1595270.000,49236,2,EL,1,100,-10456.599609
1738265321.899209,1595337.000,49252,1,EL,1,100,-10456.200195
1738265321.969814,1595403.500,49267,2,EL,1,100,-10453.599609
1738265322.040418,1595470.000,49267,2,EL,1,100,-10453.200195
1738265322.111022,1595536.500,49288,2,EL,1,100,-10454.000000
1738265322.181626,1595603.000,49288,2,EL,1,100,-10454.000000
1738265322.252761,1595670.000,49304,2,EL,1,100,-10452.200195
1738265322.323896,1595737.000,49304,2,EL,1,100,-10450.400391
1738265322.395030,1595804.000,49320,1,EL,1,100,-10448.200195
1738265322.465635,1595870.500,49335,2,EL,1,100,-10446.799805
1738265322.536239,1595937.000,49335,2,EL,1,100,-10447.400391
1738265322.606312,1596003.000,49351,1,EL,1,100,-10446.400391
1738265322.677447,1596070.000,49366,2,EL,1,100,-10444.400391
1738265322.748582,1596137.000,49366,2,EL,1,100,-10444.599609
1738265322.819717,1596204.000,49382,1,EL,1,100,-10443.599609
1738265322.890321,1596270.500,49397,2,EL,1,100,-10442.599609
1738265322.960925,1596337.000,49397,2,EL,1,100,-10440.799805
1738265323.030998,1596403.000,49414,1,EL,1,100,-10439.799805
1738265323.102133,1596470.000,49428,2,EL,1,100,-10438.799805
1738265323.173268,1596537.000,49428,2,EL,1,100,-10437.599609
1738265323.243341,1596603.000,49444,1,EL,1,100,-10436.799805
1738265323.314476,1596670.000,49460,2,EL,1,100,-10436.599609
1738265323.385611,1596737.000,49460,2,EL,1,100,-10435.799805
1738265323.455684,1596803.000,49476,1,EL,1,100,-10435.000000
1738265323.526819,1596870.000,49490,2,EL,1,100,-10433.599609
1738265323.597954,1596937.000,49490,2,EL,1,100,-10432.400391
1738265323.668027,1597003.000,49506,1,EL,1,100,-10431.200195
1738265323.739162,1597070.000,49522,2,EL,1,100,-10429.799805
1738265323.810297,1597137.000,49522,2,EL,1,100,-10429.000000
1738265323.880370,1597203.000,49538,1,EL,1,100,-10429.000000
1738265323.951505,1597270.000,49553,2,EL,1,100,-10427.400391
1738265324.022640,1597337.000,49553,2,EL,1,100,-10427.400391
1738265324.093244,1597403.500,49569,2,EL,1,100,-10428.400391
1738265324.163848,1597470.000,49569,2,EL,1,100,-10426.200195
1738265324.234983,1597537.000,49584,1,EL,1,100,-10425.400391
1738265324.305587,1597603.500,49600,2,EL,1,100,-10423.799805
1738265324.376191,1597670.000,49600,2,EL,1,100,-10423.400391
1738265324.447326,1597737.000,49616,1,EL,1,100,-10423.599609
1738265324.517930,1597803.500,49631,2,EL,1,100,-10423.599609
1738265324.588534,1597870.000,49631,2,EL,1,100,-10421.599609
1738265324.659669,1597937.000,49646,1,EL,1,100,-10420.400391
1738265324.730273,1598003.500,49663,2,EL,1,100,-10419.799805
1738265324.800877,1598070.000,49663,2,EL,1,100,-10417.400391
1738265324.872012,1598137.000,49678,1,EL,1,100,-10414.000000
1738265324.942616,1598203.500,49693,2,EL,1,100,-10412.599609
1738265325.013221,1598270.000,49693,2,EL,1,100,-10409.799805
1738265325.084355,1598337.000,49708,1,EL,1,100,-10407.000000
1738265325.154959,1598403.500,49725,2,EL,1,100,-10406.799805
1738265325.225564,1598470.000,49725,2,EL,1,100,-10404.599609
1738265325.296699,1598537.000,49740,1,EL,1,100,-10403.400391
1738265325.367303,1598603.500,49755,2,EL,1,100,-10403.400391
1738265325.437907,1598670.000,49755,2,EL,1,100,-10405.000000
1738265325.509042,1598737.000,49771,1,EL,1,100,-10407.000000
1738265325.579646,1598803.500,49787,2,EL,1,100,-10407.000000
1738265325.650250,1598870.000,49787,2,EL,1,100,-10402.400391
1738265325.721385,1598937.000,49802,1,EL,1,100,-10397.400391
1738265325.791989,1599003.500,49818,2,EL,1,100,-10414.799805
1738265325.862593,1599070.000,49818,2,EL,1,100,-10422.200195
1738265325.933728,1599137.000,49833,1,EL,1,100,-10413.599609
1738265326.004332,1599203.500,49849,2,EL,1,100,-10443.799805
1738265326.074936,1599270.000,49849,2,EL,1,100,-10419.200195
1738265326.146071,1599337.000,49864,1,EL,1,100,-10368.200195
1738265326.216675,1599403.500,49883,2,EL,1,100,-10291.799805
1738265326.287279,1599470.000,49883,2,EL,1,100,-10190.200195
1738265326.357883,1599536.500,49897,2,EL,1,100,-10009.599609
1738265326.428487,1599603.000,49897,2,EL,1,100,-9821.200195
1738265326.499622,1599670.000,49913,1,EL,1,100,-9732.200195
1738265326.570226,1599736.500,49929,2,EL,1,100,-9669.799805
1738265326.640830,1599803.000,49929,2,EL,1,100,-9606.799805
1738265326.711965,1599870.000,49945,1,EL,1,100,-9562.200195
1738265326.782569,1599936.500,49959,2,EL,1,100,-9525.400391
1738265326.853173,1600003.000,49959,2,EL,1,100,-9506.599609
1738265326.924308,1600070.000,49976,1,EL,1,100,-9505.200195
1738265326.994912,1600136.500,49991,2,EL,1,100,-9486.799805
1738265327.065516,1600203.000,49991,2,EL,1,100,-9464.400391
1738265327.136651,1600270.000,50007,1,EL,1,100,-9447.400391
1738265327.207255,1600336.500,50022,2,EL,1,100,-9431.799805
1738265327.277859,1600403.000,50022,2,EL,1,100,-9413.200195
1738265327.348994,1600470.000,50038,1,EL,1,100,-9394.599609
1738265327.419598,1600536.500,50053,2,EL,1,100,-9372.799805
1738265327.490202,1600603.000,50053,2,EL,1,100,-9344.799805
1738265327.560807,1600669.500,50075,2,EL,1,100,-9324.200195
1738265327.631411,1600736.000,50075,2,EL,1,100,-9312.599609
1738265327.702545,1600803.000,50090,2,EL,1,100,-9324.400391
1738265327.773680,1600870.000,50090,2,EL,1,100,-9365.200195
1738265327.843754,1600936.000,50106,1,EL,1,100,-9383.200195
1738265327.914888,1601003.000,50121,2,EL,1,100,-9379.200195
1738265327.986023,1601070.000,50121,2,EL,1,100,-9375.799805
1738265328.056097,1601136.000,50137,1,EL,1,100,-9376.799805
1738265328.127232,1601203.000,50154,2,EL,1,100,-9381.000000
1738265328.198366,1601270.000,50154,2,EL,1,100,-9384.000000
1738265328.268440,1601336.000,50170,1,EL,1,100,-9379.799805
1738265328.339575,1601403.000,50185,2,EL,1,100,-9373.200195
1738265328.410710,1601470.000,50185,2,EL,1,100,-9371.599609
1738265328.480783,1601536.000,50201,1,EL,1,100,-9380.599609
1738265328.551918,1601603.000,50216,2,EL,1,100,-9385.400391
1738265328.623053,1601670.000,50216,2,EL,1,100,-9390.599609
1738265328.693126,1601736.000,50233,1,EL,1,100,-9412.200195
1738265328.763730,1601802.500,50249,2,EL,1,100,-9427.200195
1738265328.834334,1601869.000,50249,2,EL,1,100,-9447.200195
1738265328.905469,1601936.000,50265,1,EL,1,100,-9453.599609
1738265328.976073,1602002.500,50281,2,EL,1,100,-9458.599609
1738265329.046677,1602069.000,50281,2,EL,1,100,-9479.599609
1738265329.117812,1602136.000,50297,1,EL,1,100,-9492.000000
1738265329.188947,1602203.000,50311,2,EL,1,100,-9483.599609
1738265329.260082,1602270.000,50311,2,EL,1,100,-9480.799805
1738265329.330155,1602336.000,50327,1,EL,1,100,-9478.799805
1738265329.400759,1602402.500,50343,2,EL,1,100,-9477.200195
1738265329.471363,1602469.000,50343,2,EL,1,100,-9475.000000
1738265329.542498,1602536.000,50359,1,EL,1,100,-9473.000000
1738265329.613102,1602602.500,50374,2,EL,1,100,-9467.599609
1738265329.683706,1602669.000,50374,2,EL,1,100,-9458.599609
1738265329.754841,1602736.000,50390,1,EL,1,100,-9461.000000
1738265329.825445,1602802.500,50405,2,EL,1,100,-9468.200195
1738265329.896049,1602869.000,50405,2,EL,1,100,-9471.200195
1738265329.967184,1602936.000,50421,2,EL,1,100,-9474.400391
1738265330.038319,1603003.000,50421,2,EL,1,100,-9475.400391
1738265330.108392,1603069.000,50437,1,EL,1,100,-9477.599609
1738265330.179527,1603136.000,50452,2,EL,1,100,-9481.599609
1738265330.250662,1603203.000,50452,2,EL,1,100,-9484.200195
1738265330.320735,1603269.000,50467,1,EL,1,100,-9484.400391
1738265330.391870,1603336.000,50484,2,EL,1,100,-9486.200195
1738265330.463005,1603403.000,50484,2,EL,1,100,-9487.200195
1738265330.533078,1603469.000,50499,1,EL,1,100,-9490.799805
1738265330.604213,1603536.000,50514,2,EL,1,100,-9497.400391
1738265330.675348,1603603.000,50514,2,EL,1,100,-9504.000000
1738265330.745422,1603669.000,50529,1,EL,1,100,-9508.400391
1738265330.816556,1603736.000,50546,2,EL,1,100,-9511.200195
1738265330.887691,1603803.000,50546,2,EL,1,100,-9513.799805
1738265330.957765,1603869.000,50561,1,EL,1,100,-9517.799805
1738265331.028899,1603936.000,50576,2,EL,1,100,-9521.599609
1738265331.100034,1604003.000,50576,2,EL,1,100,-9525.599609
1738265331.170108,1604069.000,50592,1,EL,1,100,-9528.599609
1738265331.241243,1604136.000,50610,2,EL,1,100,-9528.200195
1738265331.312377,1604203.000,50610,2,EL,1,100,-9530.400391
1738265331.382451,1604269.000,50625,1,EL,1,100,-9531.799805
1738265331.453586,1604336.000,50641,2,EL,1,100,-9536.000000
1738265331.524721,1604403.000,50641,2,EL,1,100,-9539.200195
1738265331.594794,1604469.000,50660,1,EL,1,100,-9538.000000
1738265331.665929,1604536.000,50676,2,EL,1,100,-9534.599609
1738265331.737064,1604603.000,50676,2,EL,1,100,-9535.200195
1738265331.807137,1604669.000,50691,1,EL,1,100,-9535.400391
1738265331.878272,1604736.000,50708,2,EL,1,100,-9535.200195
1738265331.949407,1604803.000,50708,2,EL,1,100,-9537.000000
1738265332.019480,1604869.000,50722,1,EL,1,100,-9539.200195
1738265332.090615,1604936.000,50738,2,EL,1,100,-9541.400391
1738265332.161750,1605003.000,50738,2,EL,1,100,-9544.000000
1738265332.232354,1605069.500,50754,2,EL,1,100,-9545.799805
1738265332.302958,1605136.000,50754,2,EL,1,100,-9548.000000
1738265332.374093,1605203.000,50772,1,EL,1,100,-9549.000000
1738265332.444697,1605269.500,50786,2,EL,1,100,-9550.000000
1738265332.515301,1605336.000,50786,2,EL,1,100,-9547.599609
1738265332.586436,1605403.000,50803,1,EL,1,100,-9545.799805
1738265332.657040,1605469.500,50818,2,EL,1,100,-9545.200195
1738265332.727644,1605536.000,50818,2,EL,1,100,-9542.000000
1738265332.798779,1605603.000,50834,1,EL,1,100,-9540.599609
1738265332.869383,1605669.500,50849,2,EL,1,100,-9542.400391
1738265332.939987,1605736.000,50849,2,EL,1,100,-9544.400391
1738265333.010591,1605802.500,50872,2,EL,1,100,-9544.799805
1738265333.081195,1605869.000,50872,2,EL,1,100,-9547.400391
1738265333.151799,1605935.500,50889,2,EL,1,100,-9548.000000
1738265333.222403,1606002.000,50889,2,EL,1,100,-9548.200195
1738265333.293538,1606069.000,50906,1,EL,1,100,-9550.200195
1738265333.364142,1606135.500,50921,2,EL,1,100,-9552.000000
1738265333.434747,1606202.000,50921,2,EL,1,100,-9555.400391
1738265333.505881,1606269.000,50937,1,EL,1,100,-9556.799805
1738265333.576485,1606335.500,50952,2,EL,1,100,-9559.200195
1738265333.647089,1606402.000,50952,2,EL,1,100,-9561.000000
1738265333.718225,1606469.000,50968,1,EL,1,100,-9563.400391
1738265333.788829,1606535.500,50983,2,EL,1,100,-9565.000000
1738265333.859433,1606602.000,50983,2,EL,1,100,-9567.200195
1738265333.930568,1606669.000,50999,1,EL,1,100,-9569.000000
1738265334.001172,1606735.500,51014,2,EL,1,100,-9572.799805
1738265334.071776,1606802.000,51014,2,EL,1,100,-9574.200195
1738265334.142910,1606869.000,51032,2,EL,1,100,-9571.200195
1738265334.214046,1606936.000,51032,2,EL,1,100,-9584.000000
1738265334.284119,1607002.000,51046,1,EL,1,100,-9590.599609
1738265334.355254,1607069.000,51063,2,EL,1,100,-9593.799805
1738265334.426389,1607136.000,51063,2,EL,1,100,-9596.599609
1738265334.496462,1607202.000,51078,1,EL,1,100,-9600.400391
1738265334.567597,1607269.000,51094,2,EL,1,100,-9603.200195
1738265334.638732,1607336.000,51094,2,EL,1,100,-9606.799805
1738265334.709336,1607402.500,51109,2,EL,1,100,-9611.799805
1738265334.779940,1607469.000,51109,2,EL,1,100,-9614.799805
1738265334.851075,1607536.000,51125,1,EL,1,100,-9619.000000
1738265334.921679,1607602.500,51140,2,EL,1,100,-9623.599609
1738265334.992283,1607669.000,51140,2,EL,1,100,-9632.400391
1738265335.063418,1607736.000,51157,1,EL,1,100,-9641.000000
1738265335.134022,1607802.500,51171,2,EL,1,100,-9648.000000
1738265335.204626,1607869.000,51171,2,EL,1,100,-9659.400391
1738265335.275761,1607936.000,51187,1,EL,1,100,-9670.400391
1738265335.346365,1608002.500,51203,2,EL,1,100,-9676.400391
1738265335.416969,1608069.000,51203,2,EL,1,100,-9682.000000
1738265335.488104,1608136.000,51219,1,EL,1,100,-9686.599609
1738265335.558708,1608202.500,51235,2,EL,1,100,-9691.599609
1738265335.629312,1608269.000,51235,2,EL,1,100,-9692.599609
1738265335.700447,1608336.000,51251,1,EL,1,100,-9693.799805
1738265335.771051,1608402.500,51267,2,EL,1,100,-9695.200195
1738265335.841655,1608469.000,51267,2,EL,1,100,-9697.400391
1738265335.912790,1608536.000,51283,1,EL,1,100,-9698.599609
1738265335.983394,1608602.500,51297,2,EL,1,100,-9698.599609
1738265336.053998,1608669.000,51297,2,EL,1,100,-9700.000000
1738265336.125133,1608736.000,51314,1,EL,1,100,-9701.599609
1738265336.195737,1608802.500,51329,2,EL,1,100,-9701.799805
1738265336.266341,1608869.000,51329,2,EL,1,100,-9702.000000
1738265336.337476,1608936.000,51345,1,EL,1,100,-9700.400391
1738265336.408080,1609002.500,51360,2,EL,1,100,-9697.000000
1738265336.478684,1609069.000,51360,2,EL,1,100,-9697.599609
1738265336.549819,1609136.000,51376,1,EL,1,100,-9699.599609
1738265336.620423,1609202.500,51391,2,EL,1,100,-9698.000000
1738265336.691027,1609269.000,51391,2,EL,1,100,-9697.599609
1738265336.762162,1609336.000,51407,1,EL,1,100,-9697.799805
1738265336.832766,1609402.500,51425,2,EL,1,100,-9696.599609
1738265336.903370,1609469.000,51425,2,EL,1,100,-9697.200195
1738265336.973974,1609535.500,51440,2,EL,1,100,-9698.000000
1738265337.044579,1609602.000,51440,2,EL,1,100,-9697.799805
1738265337.115713,1609669.000,51455,1,EL,1,100,-9698.000000
1738265337.186317,1609735.500,51472,2,EL,1,100,-9700.200195
1738265337.256922,1609802.000,51472,2,EL,1,100,-9699.799805
1738265337.328057,1609869.000,51489,1,EL,1,100,-9699.799805
1738265337.398661,1609935.500,51504,2,EL,1,100,-9699.400391
1738265337.469265,1610002.000,51504,2,EL,1,100,-9701.599609
1738265337.540400,1610069.000,51520,1,EL,1,100,-9703.000000
1738265337.611004,1610135.500,51536,2,EL,1,100,-9703.400391
1738265337.681608,1610202.000,51536,2,EL,1,100,-9706.200195
1738265337.752743,1610269.000,51551,1,EL,1,100,-9708.400391
1738265337.823347,1610335.500,51570,2,EL,1,100,-9707.799805
1738265337.893951,1610402.000,51570,2,EL,1,100,-9711.200195
1738265337.965086,1610469.000,51584,1,EL,1,100,-9719.200195
1738265338.035690,1610535.500,51600,2,EL,1,100,-9729.200195
1738265338.106294,1610602.000,51600,2,EL,1,100,-9737.000000
1738265338.176898,1610668.500,51618,2,EL,1,100,-9740.400391
1738265338.247502,1610735.000,51618,2,EL,1,100,-9736.200195
1738265338.318637,1610802.000,51634,1,EL,1,100,-9733.400391
1738265338.389418,1610868.667,51654,3,EL,1,100,-9733.799805
1738265338.460199,1610935.333,51654,3,EL,1,100,-9733.400391
1738265338.530980,1611002.000,51654,3,EL,1,100,-9734.000000
1738265338.602115,1611069.000,51670,1,EL,1,100,-9734.000000
1738265338.672719,1611135.500,51685,2,EL,1,100,-9736.000000
1738265338.743323,1611202.000,51685,2,EL,1,100,-9737.400391
1738265338.814458,1611269.000,51700,1,EL,1,100,-9738.799805
1738265338.885062,1611335.500,51717,2,EL,1,100,-9738.000000
1738265338.955666,1611402.000,51717,2,EL,1,100,-9739.200195
1738265339.026801,1611469.000,51732,1,EL,1,100,-9740.000000
1738265339.097405,1611535.500,51747,2,EL,1,100,-9739.200195
1738265339.168009,1611602.000,51747,2,EL,1,100,-9738.200195
1738265339.239144,1611669.000,51762,1,EL,1,100,-9738.400391
1738265339.309748,1611735.500,51779,2,EL,1,100,-9739.799805
1738265339.380352,1611802.000,51779,2,EL,1,100,-9740.200195
1738265339.451487,1611869.000,51794,1,EL,1,100,-9741.200195
1738265339.522091,1611935.500,51809,2,EL,1,100,-9739.799805
1738265339.592695,1612002.000,51809,2,EL,1,100,-9738.400391
1738265339.663830,1612069.000,51827,1,EL,1,100,-9737.799805
1738265339.734434,1612135.500,51843,2,EL,1,100,-9738.400391
1738265339.805038,1612202.000,51843,2,EL,1,100,-9738.000000
1738265339.876173,1612269.000,51858,1,EL,1,100,-9739.799805
1738265339.946777,1612335.500,51875,2,EL,1,100,-9743.200195
1738265340.017381,1612402.000,51875,2,EL,1,100,-9745.599609
1738265340.087455,1612468.000,51889,1,EL,1,100,-9748.400391
1738265340.158590,1612535.000,51905,2,EL,1,100,-9749.400391
1738265340.229724,1612602.000,51905,2,EL,1,100,-9752.000000
1738265340.300328,1612668.500,51921,2,EL,1,100,-9755.400391
1738265340.370933,1612735.000,51921,2,EL,1,100,-9761.400391
1738265340.442068,1612802.000,51937,1,EL,1,100,-9764.799805
1738265340.512672,1612868.500,51951,2,EL,1,100,-9767.000000
1738265340.583276,1612935.000,51951,2,EL,1,100,-9771.599609
1738265340.654411,1613002.000,51967,1,EL,1,100,-9775.000000
1738265340.725015,1613068.500,51983,2,EL,1,100,-9778.000000
1738265340.795619,1613135.000,51983,2,EL,1,100,-9782.799805
1738265340.866754,1613202.000,51999,1,EL,1,100,-9786.400391
1738265340.937358,1613268.500,52013,2,EL,1,100,-9790.200195
1738265341.007962,1613335.000,52013,2,EL,1,100,-9794.799805
1738265341.079097,1613402.000,52030,1,EL,1,100,-9799.200195
1738265341.149701,1613468.500,52047,2,EL,1,100,-9800.400391
1738265341.220305,1613535.000,52047,2,EL,1,100,-9805.200195
1738265341.291440,1613602.000,52063,1,EL,1,100,-9809.799805
1738265341.362044,1613668.500,52078,2,EL,1,100,-9811.799805
1738265341.432648,1613735.000,52078,2,EL,1,100,-9815.400391
1738265341.503783,1613802.000,52094,1,EL,1,100,-9819.000000
1738265341.574387,1613868.500,52109,2,EL,1,100,-9822.799805
1738265341.644991,1613935.000,52109,2,EL,1,100,-9825.400391
1738265341.716126,1614002.000,52127,1,EL,1,100,-9827.400391
1738265341.786730,1614068.500,52142,2,EL,1,100,-9828.200195
1738265341.857334,1614135.000,52142,2,EL,1,100,-9832.400391
1738265341.928469,1614202.000,52158,1,EL,1,100,-9836.799805
1738265341.999073,1614268.500,52173,2,EL,1,100,-9838.200195
1738265342.069677,1614335.000,52173,2,EL,1,100,-9840.200195
1738265342.140812,1614402.000,52190,1,EL,1,100,-9842.200195
1738265342.211416,1614468.500,52208,2,EL,1,100,-9842.200195
1738265342.282020,1614535.000,52208,2,EL,1,100,-9842.599609
1738265342.353155,1614602.000,52224,1,EL,1,100,-9845.799805
1738265342.423759,1614668.500,52240,2,EL,1,100,-9846.400391
1738265342.494363,1614735.000,52240,2,EL,1,100,-9846.200195
1738265342.565498,1614802.000,52256,1,EL,1,100,-9846.200195
1738265342.636102,1614868.500,52271,2,EL,1,100,-9847.400391
1738265342.706706,1614935.000,52271,2,EL,1,100,-9848.400391
1738265342.777310,1615001.500,52287,2,EL,1,100,-9849.200195
1738265342.847914,1615068.000,52287,2,EL,1,100,-9848.200195
1738265342.919050,1615135.000,52302,1,EL,1,100,-9848.400391
1738265342.989654,1615201.500,52320,2,EL,1,100,-9849.799805
1738265343.060258,1615268.000,52320,2,EL,1,100,-9850.000000
1738265343.131392,1615335.000,52335,1,EL,1,100,-9850.200195
1738265343.201997,1615401.500,52351,2,EL,1,100,-9848.400391
1738265343.272601,1615468.000,52351,2,EL,1,100,-9848.400391
1738265343.343735,1615535.000,52366,1,EL,1,100,-9848.599609
1738265343.414340,1615601.500,52382,2,EL,1,100,-9847.799805
1738265343.484944,1615668.000,52382,2,EL,1,100,-9846.400391
1738265343.556079,1615735.000,52398,1,EL,1,100,-9845.200195
1738265343.626683,1615801.500,52413,2,EL,1,100,-9843.799805
1738265343.697287,1615868.000,52413,2,EL,1,100,-9842.799805
1738265343.768422,1615935.000,52430,1,EL,1,100,-9842.200195
1738265343.839203,1616001.667,52450,3,EL,1,100,-9841.000000
1738265343.909984,1616068.333,52450,3,EL,1,100,-9841.400391
1738265343.980765,1616135.000,52450,3,EL,1,100,-9841.799805
1738265344.051900,1616202.000,52465,1,EL,1,100,-9840.000000
1738265344.122504,1616268.500,52481,2,EL,1,100,-9840.000000
1738265344.193108,1616335.000,52481,2,EL,1,100,-9839.400391
1738265344.263181,1616401.000,52497,1,EL,1,100,-9838.799805
1738265344.334316,1616468.000,52512,2,EL,1,100,-9841.000000
1738265344.405451,1616535.000,52512,2,EL,1,100,-9841.599609
1738265344.475524,1616601.000,52527,1,EL,1,100,-9840.000000
1738265344.546659,1616668.000,52544,2,EL,1,100,-9839.599609
1738265344.617794,1616735.000,52544,2,EL,1,100,-9836.799805
1738265344.687867,1616801.000,52559,1,EL,1,100,-9835.000000
1738265344.759002,1616868.000,52574,2,EL,1,100,-9835.799805
1738265344.830137,1616935.000,52574,2,EL,1,100,-9834.799805
1738265344.900210,1617001.000,52589,1,EL,1,100,-9835.599609
1738265344.971345,1617068.000,52606,2,EL,1,100,-9836.799805
1738265345.042480,1617135.000,52606,2,EL,1,100,-9836.400391
1738265345.112553,1617201.000,52623,1,EL,1,100,-9836.400391
1738265345.183688,1617268.000,52639,2,EL,1,100,-9836.400391
1738265345.254823,1617335.000,52639,2,EL,1,100,-9836.200195
1738265345.325427,1617401.500,52654,2,EL,1,100,-9835.200195
1738265345.396031,1617468.000,52654,2,EL,1,100,-9833.200195
1738265345.467166,1617535.000,52670,1,EL,1,100,-9832.799805
1738265345.537770,1617601.500,52685,2,EL,1,100,-9834.000000
1738265345.608374,1617668.000,52685,2,EL,1,100,-9832.599609
1738265345.679509,1617735.000,52702,1,EL,1,100,-9832.400391
1738265345.750113,1617801.500,52718,2,EL,1,100,-9833.200195
1738265345.820717,1617868.000,52718,2,EL,1,100,-9834.400391
1738265345.891852,1617935.000,52734,1,EL,1,100,-9834.000000
1738265345.962456,1618001.500,52750,2,EL,1,100,-9834.799805
1738265346.033061,1618068.000,52750,2,EL,1,100,-9833.599609
1738265346.104195,1618135.000,52766,1,EL,1,100,-9832.599609
1738265346.174799,1618201.500,52780,2,EL,1,100,-9832.799805
1738265346.245404,1618268.000,52780,2,EL,1,100,-9832.599609
1738265346.316539,1618335.000,52796,1,EL,1,100,-9833.000000
1738265346.387142,1618401.500,52812,2,EL,1,100,-9831.599609
1738265346.457747,1618468.000,52812,2,EL,1,100,-9832.400391
1738265346.528882,1618535.000,52828,1,EL,1,100,-9833.200195
1738265346.599486,1618601.500,52844,2,EL,1,100,-9834.799805
1738265346.670090,1618668.000,52844,2,EL,1,100,-9833.799805
1738265346.741225,1618735.000,52861,1,EL,1,100,-9834.799805
1738265346.811829,1618801.500,52876,2,EL,1,100,-9834.599609
1738265346.882433,1618868.000,52876,2,EL,1,100,-9835.400391
1738265346.952506,1618934.000,52892,1,EL,1,100,-9837.200195
1738265347.023641,1619001.000,52907,2,EL,1,100,-9835.799805
1738265347.094776,1619068.000,52907,2,EL,1,100,-9835.200195
1738265347.165911,1619135.000,52923,1,EL,1,100,-9836.799805
1738265347.236515,1619201.500,52938,2,EL,1,100,-9834.799805
1738265347.307119,1619268.000,52938,2,EL,1,100,-9834.200195
1738265347.378254,1619335.000,52954,1,EL,1,100,-9835.599609
1738265347.448858,1619401.500,52974,2,EL,1,100,-9835.000000
1738265347.519462,1619468.000,52974,2,EL,1,100,-9835.200195
1738265347.589535,1619534.000,52991,1,EL,1,100,-9837.200195
1738265347.660670,1619601.000,53006,2,EL,1,100,-9836.000000
1738265347.731805,1619668.000,53006,2,EL,1,100,-9835.200195
1738265347.802409,1619734.500,53023,2,EL,1,100,-9837.200195
1738265347.873013,1619801.000,53023,2,EL,1,100,-9835.799805
1738265347.944148,1619868.000,53038,1,EL,1,100,-9836.200195
1738265348.014752,1619934.500,53053,2,EL,1,100,-9837.200195
1738265348.085356,1620001.000,53053,2,EL,1,100,-9835.599609
1738265348.156491,1620068.000,53071,1,EL,1,100,-9834.599609
1738265348.227095,1620134.500,53087,2,EL,1,100,-9832.200195
1738265348.297699,1620201.000,53087,2,EL,1,100,-9833.200195
1738265348.368834,1620268.000,53102,1,EL,1,100,-9833.599609
1738265348.439438,1620334.500,53118,2,EL,1,100,-9834.200195
1738265348.510042,1620401.000,53118,2,EL,1,100,-9834.599609
1738265348.581177,1620468.000,53133,1,EL,1,100,-9833.799805
1738265348.651781,1620534.500,53149,2,EL,1,100,-9830.799805
1738265348.722385,1620601.000,53149,2,EL,1,100,-9831.000000
1738265348.793520,1620668.000,53164,1,EL,1,100,-9831.200195
1738265348.864124,1620734.500,53180,2,EL,1,100,-9832.599609
1738265348.934728,1620801.000,53180,2,EL,1,100,-9832.000000
1738265349.005863,1620868.000,53195,1,EL,1,100,-9831.000000
1738265349.076468,1620934.500,53211,2,EL,1,100,-9829.799805
1738265349.147072,1621001.000,53211,2,EL,1,100,-9830.000000
1738265349.218206,1621068.000,53227,1,EL,1,100,-9829.200195
1738265349.288987,1621134.667,53247,3,EL,1,100,-9829.799805
1738265349.359768,1621201.333,53247,3,EL,1,100,-9829.000000
1738265349.430550,1621268.000,53247,3,EL,1,100,-9828.400391
1738265349.500623,1621334.000,53262,1,EL,1,100,-9827.799805
1738265349.571758,1621401.000,53278,2,EL,1,100,-9827.799805
1738265349.642893,1621468.000,53278,2,EL,1,100,-9828.799805
1738265349.712966,1621534.000,53293,1,EL,1,100,-9829.599609
1738265349.784101,1621601.000,53309,2,EL,1,100,-9829.000000
1738265349.855236,1621668.000,53309,2,EL,1,100,-9828.200195
1738265349.925309,1621734.000,53325,1,EL,1,100,-9828.400391
1738265349.996444,1621801.000,53342,2,EL,1,100,-9827.799805
1738265350.067579,1621868.000,53342,2,EL,1,100,-9827.599609
1738265350.137652,1621934.000,53357,1,EL,1,100,-9827.599609
1738265350.208256,1622000.500,53374,2,EL,1,100,-9825.599609
1738265350.278860,1622067.000,53374,2,EL,1,100,-9825.000000
1738265350.349995,1622134.000,53389,1,EL,1,100,-9825.799805
1738265350.420599,1622200.500,53405,2,EL,1,100,-9826.400391
1738265350.491203,1622267.000,53405,2,EL,1,100,-9826.200195
1738265350.562338,1622334.000,53419,1,EL,1,100,-9825.200195
1738265350.632942,1622400.500,53438,2,EL,1,100,-9825.400391
1738265350.703546,1622467.000,53438,2,EL,1,100,-9824.599609
1738265350.774681,1622534.000,53453,2,EL,1,100,-9824.200195
1738265350.845816,1622601.000,53453,2,EL,1,100,-9823.599609
1738265350.915889,1622667.000,53469,1,EL,1,100,-9823.799805
1738265350.987024,1622734.000,53484,2,EL,1,100,-9825.200195
1738265351.058159,1622801.000,53484,2,EL,1,100,-9823.200195
1738265351.128232,1622867.000,53500,1,EL,1,100,-9821.599609
1738265351.199367,1622934.000,53515,2,EL,1,100,-9820.599609
1738265351.270502,1623001.000,53515,2,EL,1,100,-9819.799805
1738265351.340575,1623067.000,53532,1,EL,1,100,-9819.599609
1738265351.411710,1623134.000,53546,2,EL,1,100,-9819.599609
1738265351.482845,1623201.000,53546,2,EL,1,100,-9821.000000
1738265351.552918,1623267.000,53564,1,EL,1,100,-9820.799805
1738265351.624053,1623334.000,53580,2,EL,1,100,-9820.799805
1738265351.695188,1623401.000,53580,2,EL,1,100,-9821.200195
1738265351.765261,1623467.000,53596,1,EL,1,100,-9819.599609
1738265351.836396,1623534.000,53610,2,EL,1,100,-9819.000000
1738265351.907531,1623601.000,53610,2,EL,1,100,-9820.400391
1738265351.977605,1623667.000,53626,1,EL,1,100,-9821.000000
1738265352.048739,1623734.000,53642,2,EL,1,100,-9820.599609
1738265352.119874,1623801.000,53642,2,EL,1,100,-9816.799805
1738265352.189948,1623867.000,53658,1,EL,1,100,-9816.000000
1738265352.261083,1623934.000,53672,2,EL,1,100,-9816.599609
1738265352.332217,1624001.000,53672,2,EL,1,100,-9815.400391
1738265352.402291,1624067.000,53691,1,EL,1,100,-9816.200195
1738265352.473426,1624134.000,53706,2,EL,1,100,-9816.400391
1738265352.544560,1624201.000,53706,2,EL,1,100,-9813.799805
1738265352.614634,1624267.000,53722,1,EL,1,100,-9812.599609
1738265352.685769,1624334.000,53737,2,EL,1,100,-9812.599609
1738265352.756904,1624401.000,53737,2,EL,1,100,-9811.200195
1738265352.826977,1624467.000,53755,1,EL,1,100,-9810.799805
1738265352.898112,1624534.000,53770,2,EL,1,100,-9811.200195
1738265352.969247,1624601.000,53770,2,EL,1,100,-9812.400391
1738265353.039320,1624667.000,53788,1,EL,1,100,-9812.000000
1738265353.110455,1624734.000,53804,2,EL,1,100,-9810.599609
1738265353.181590,1624801.000,53804,2,EL,1,100,-9810.200195
1738265353.251663,1624867.000,53819,1,EL,1,100,-9807.799805
1738265353.322798,1624934.000,53834,2,EL,1,100,-9809.200195
1738265353.393933,1625001.000,53834,2,EL,1,100,-9810.200195
1738265353.464537,1625067.500,53851,2,EL,1,100,-9812.599609
1738265353.535141,1625134.000,53851,2,EL,1,100,-9811.000000
1738265353.606276,1625201.000,53866,1,EL,1,100,-9811.200195
1738265353.676880,1625267.500,53881,2,EL,1,100,-9813.599609
1738265353.747484,1625334.000,53881,2,EL,1,100,-9811.799805
1738265353.818619,1625401.000,53897,1,EL,1,100,-9811.200195
1738265353.889223,1625467.500,53915,2,EL,1,100,-9810.200195
1738265353.959827,1625534.000,53915,2,EL,1,100,-9808.400391
1738265354.029900,1625600.000,53930,1,EL,1,100,-9807.400391
1738265354.101035,1625667.000,53946,2,EL,1,100,-9806.799805
1738265354.172170,1625734.000,53946,2,EL,1,100,-9807.200195
1738265354.242243,1625800.000,53961,1,EL,1,100,-9807.000000
1738265354.313378,1625867.000,53977,2,EL,1,100,-9805.000000
1738265354.384513,1625934.000,53977,2,EL,1,100,-9805.200195
1738265354.454587,1626000.000,53992,1,EL,1,100,-9806.000000
1738265354.525721,1626067.000,54008,2,EL,1,100,-9806.000000
1738265354.596856,1626134.000,54008,2,EL,1,100,-9806.000000
1738265354.667991,1626201.000,54023,1,EL,1,100,-9807.200195
1738265354.738418,1626267.333,54047,3,EL,1,100,-9806.000000
1738265354.808846,1626333.667,54047,3,EL,1,100,-9806.200195
1738265354.879272,1626400.000,54047,3,EL,1,100,-9805.799805
1738265354.950408,1626467.000,54062,1,EL,1,100,-9805.000000
1738265355.021012,1626533.500,54078,2,EL,1,100,-9807.200195
1738265355.091616,1626600.000,54078,2,EL,1,100,-9807.000000
1738265355.162750,1626667.000,54093,1,EL,1,100,-9806.400391
1738265355.233355,1626733.500,54109,2,EL,1,100,-9806.599609
1738265355.303959,1626800.000,54109,2,EL,1,100,-9806.000000
1738265355.375094,1626867.000,54124,1,EL,1,100,-9807.000000
1738265355.445698,1626933.500,54140,2,EL,1,100,-9806.000000
1738265355.516302,1627000.000,54140,2,EL,1,100,-9805.400391
1738265355.587437,1627067.000,54158,1,EL,1,100,-9806.799805
1738265355.658041,1627133.500,54173,2,EL,1,100,-9806.000000
1738265355.728645,1627200.000,54173,2,EL,1,100,-9806.000000
1738265355.799780,1627267.000,54188,2,EL,1,100,-9805.200195
1738265355.870915,1627334.000,54188,2,EL,1,100,-9804.000000
1738265355.940988,1627400.000,54205,1,EL,1,100,-9802.599609
1738265356.012123,1627467.000,54220,2,EL,1,100,-9801.000000
1738265356.083258,1627534.000,54220,2,EL,1,100,-9802.599609
1738265356.153331,1627600.000,54236,1,EL,1,100,-9802.000000
1738265356.224466,1627667.000,54251,2,EL,1,100,-9800.599609
1738265356.295601,1627734.000,54251,2,EL,1,100,-9800.599609
1738265356.365674,1627800.000,54267,1,EL,1,100,-9799.599609
1738265356.436809,1627867.000,54282,2,EL,1,100,-9799.000000
1738265356.507944,1627934.000,54282,2,EL,1,100,-9800.599609
1738265356.578017,1628000.000,54298,1,EL,1,100,-9799.599609
1738265356.649152,1628067.000,54313,2,EL,1,100,-9795.799805
1738265356.720287,1628134.000,54313,2,EL,1,100,-9795.599609
1738265356.790360,1628200.000,54329,1,EL,1,100,-9794.599609
1738265356.861495,1628267.000,54344,2,EL,1,100,-9793.799805
1738265356.932630,1628334.000,54344,2,EL,1,100,-9793.599609
1738265357.002703,1628400.000,54361,1,EL,1,100,-9793.000000
1738265357.073307,1628466.500,54375,2,EL,1,100,-9793.000000
1738265357.143911,1628533.000,54375,2,EL,1,100,-9791.400391
1738265357.215046,1628600.000,54391,1,EL,1,100,-9789.400391
1738265357.285650,1628666.500,54409,2,EL,1,100,-9789.200195
1738265357.356254,1628733.000,54409,2,EL,1,100,-9788.400391
1738265357.427389,1628800.000,54425,1,EL,1,100,-9789.200195
1738265357.497993,1628866.500,54439,2,EL,1,100,-9785.000000
1738265357.568598,1628933.000,54439,2,EL,1,100,-9782.200195
1738265357.639732,1629000.000,54455,1,EL,1,100,-9779.400391
1738265357.710867,1629067.000,54471,2,EL,1,100,-9778.400391
1738265357.782002,1629134.000,54471,2,EL,1,100,-9776.599609
1738265357.852606,1629200.500,54487,2,EL,1,100,-9775.799805
1738265357.923210,1629267.000,54487,2,EL,1,100,-9775.000000
1738265357.993284,1629333.000,54502,1,EL,1,100,-9773.000000
1738265358.064419,1629400.000,54520,2,EL,1,100,-9771.599609
1738265358.135553,1629467.000,54520,2,EL,1,100,-9771.599609
1738265358.205627,1629533.000,54535,1,EL,1,100,-9771.000000
1738265358.276762,1629600.000,54551,2,EL,1,100,-9770.799805
1738265358.347897,1629667.000,54551,2,EL,1,100,-9767.599609
1738265358.417970,1629733.000,54569,1,EL,1,100,-9766.200195
1738265358.489105,1629800.000,54584,2,EL,1,100,-9768.599609
1738265358.560240,1629867.000,54584,2,EL,1,100,-9767.599609
1738265358.630313,1629933.000,54599,1,EL,1,100,-9766.799805
1738265358.701448,1630000.000,54616,2,EL,1,100,-9765.599609
1738265358.772583,1630067.000,54616,2,EL,1,100,-9764.400391
1738265358.842656,1630133.000,54631,1,EL,1,100,-9764.200195
1738265358.913791,1630200.000,54646,2,EL,1,100,-9764.200195
1738265358.984926,1630267.000,54646,2,EL,1,100,-9765.799805
1738265359.054999,1630333.000,54661,1,EL,1,100,-9768.200195
1738265359.126134,1630400.000,54678,2,EL,1,100,-9770.000000
1738265359.197269,1630467.000,54678,2,EL,1,100,-9771.000000
1738265359.267342,1630533.000,54693,1,EL,1,100,-9771.799805
1738265359.338477,1630600.000,54708,2,EL,1,100,-9774.400391
1738265359.409612,1630667.000,54708,2,EL,1,100,-9776.400391
1738265359.479685,1630733.000,54724,1,EL,1,100,-9779.000000
1738265359.550820,1630800.000,54740,2,EL,1,100,-9779.799805
1738265359.621955,1630867.000,54740,2,EL,1,100,-9781.599609
1738265359.692028,1630933.000,54755,1,EL,1,100,-9784.400391
1738265359.763163,1631000.000,54772,2,EL,1,100,-9785.200195
1738265359.834298,1631067.000,54772,2,EL,1,100,-9785.400391
1738265359.904902,1631133.500,54786,2,EL,1,100,-9787.400391
1738265359.975506,1631200.000,54786,2,EL,1,100,-9788.799805
1738265360.046641,1631267.000,54802,1,EL,1,100,-9793.200195
1738265360.117068,1631333.333,54826,3,EL,1,100,-9799.200195
1738265360.187495,1631399.667,54826,3,EL,1,100,-9800.200195
1738265360.257922,1631466.000,54826,3,EL,1,100,-9803.000000
1738265360.329057,1631533.000,54841,2,EL,1,100,-9804.599609
1738265360.400192,1631600.000,54841,2,EL,1,100,-9806.000000
1738265360.471327,1631667.000,54857,1,EL,1,100,-9809.200195
1738265360.541931,1631733.500,54875,2,EL,1,100,-9808.599609
1738265360.612535,1631800.000,54875,2,EL,1,100,-9811.200195
1738265360.683670,1631867.000,54891,1,EL,1,100,-9814.799805
1738265360.754274,1631933.500,54905,2,EL,1,100,-9817.799805
1738265360.824878,1632000.000,54905,2,EL,1,100,-9819.799805
1738265360.896013,1632067.000,54922,1,EL,1,100,-9820.599609
1738265360.966617,1632133.500,54939,2,EL,1,100,-9821.000000
1738265361.037221,1632200.000,54939,2,EL,1,100,-9821.200195
1738265361.108356,1632267.000,54955,1,EL,1,100,-9820.599609
1738265361.178960,1632333.500,54971,2,EL,1,100,-9822.799805
1738265361.249564,1632400.000,54971,2,EL,1,100,-9821.400391
1738265361.319638,1632466.000,54988,1,EL,1,100,-9819.000000
1738265361.390773,1632533.000,55003,2,EL,1,100,-9812.000000
1738265361.461908,1632600.000,55003,2,EL,1,100,-9798.599609
1738265361.533042,1632667.000,55019,1,EL,1,100,-9782.799805
1738265361.603647,1632733.500,55035,2,EL,1,100,-9766.799805
1738265361.674251,1632800.000,55035,2,EL,1,100,-9764.400391
1738265361.744855,1632866.500,55050,2,EL,1,100,-9781.000000
1738265361.815459,1632933.000,55050,2,EL,1,100,-9801.400391
1738265361.886594,1633000.000,55065,1,EL,1,100,-9813.799805
1738265361.957198,1633066.500,55082,2,EL,1,100,-9881.000000
1738265362.027802,1633133.000,55082,2,EL,1,100,-10108.000000
1738265362.098937,1633200.000,55097,1,EL,1,100,-10208.799805
1738265362.169541,1633266.500,55112,2,EL,1,100,-10242.200195
1738265362.240145,1633333.000,55112,2,EL,1,100,-10260.000000
1738265362.311280,1633400.000,55128,1,EL,1,100,-10273.200195
1738265362.381884,1633466.500,55146,2,EL,1,100,-10285.000000
1738265362.452488,1633533.000,55146,2,EL,1,100,-10295.000000
1738265362.523623,1633600.000,55161,1,EL,1,100,-10305.400391
1738265362.594227,1633666.500,55177,2,EL,1,100,-10314.799805
1738265362.664831,1633733.000,55177,2,EL,1,100,-10323.000000
1738265362.735966,1633800.000,55192,1,EL,1,100,-10330.799805
1738265362.806570,1633866.500,55208,2,EL,1,100,-10337.599609
1738265362.877174,1633933.000,55208,2,EL,1,100,-10345.599609
1738265362.948309,1634000.000,55223,1,EL,1,100,-10354.400391
1738265363.018913,1634066.500,55239,2,EL,1,100,-10361.200195
1738265363.089517,1634133.000,55239,2,EL,1,100,-10364.599609
1738265363.160652,1634200.000,55254,1,EL,1,100,-10368.599609
1738265363.231256,1634266.500,55270,2,EL,1,100,-10373.400391
1738265363.301860,1634333.000,55270,2,EL,1,100,-10377.400391
1738265363.372995,1634400.000,55286,1,EL,1,100,-10382.599609
1738265363.443599,1634466.500,55303,2,EL,1,100,-10386.400391
1738265363.514203,1634533.000,55303,2,EL,1,100,-10386.799805
1738265363.585338,1634600.000,55318,1,EL,1,100,-10384.799805
1738265363.655942,1634666.500,55335,2,EL,1,100,-10382.599609
1738265363.726546,1634733.000,55335,2,EL,1,100,-10381.400391
1738265363.797681,1634800.000,55350,1,EL,1,100,-10380.799805
1738265363.868285,1634866.500,55366,2,EL,1,100,-10382.200195
1738265363.938890,1634933.000,55366,2,EL,1,100,-10383.400391
1738265364.010024,1635000.000,55380,1,EL,1,100,-10385.000000
1738265364.080628,1635066.500,55397,2,EL,1,100,-10387.799805
1738265364.151232,1635133.000,55397,2,EL,1,100,-10388.599609
1738265364.222367,1635200.000,55412,1,EL,1,100,-10389.200195
1738265364.292971,1635266.500,55428,2,EL,1,100,-10390.599609
1738265364.363575,1635333.000,55428,2,EL,1,100,-10389.400391
1738265364.434180,1635399.500,55443,2,EL,1,100,-10390.799805
1738265364.504784,1635466.000,55443,2,EL,1,100,-10389.000000
1738265364.575919,1635533.000,55459,1,EL,1,100,-10388.799805
1738265364.646523,1635599.500,55474,2,EL,1,100,-10390.599609
1738265364.717127,1635666.000,55474,2,EL,1,100,-10390.599609
1738265364.788262,1635733.000,55491,1,EL,1,100,-10392.400391
1738265364.858866,1635799.500,55505,2,EL,1,100,-10395.000000
1738265364.929470,1635866.000,55505,2,EL,1,100,-10396.200195
1738265365.000605,1635933.000,55521,1,EL,1,100,-10396.799805
1738265365.071209,1635999.500,55537,2,EL,1,100,-10398.799805
1738265365.141813,1636066.000,55537,2,EL,1,100,-10399.599609
1738265365.212948,1636133.000,55553,1,EL,1,100,-10402.000000
1738265365.283552,1636199.500,55567,2,EL,1,100,-10405.799805
1738265365.354156,1636266.000,55567,2,EL,1,100,-10405.799805
