LocalTimestamp,EmotiBitTimestamp,PacketNumber,DataLength,TypeTag,ProtocolVersion,DataReliability,EM
1738265309.333809,1583502.000,47417,4,EM,1,100,RS
1738265309.333809,1583502.000,47417,4,EM,1,100,RB
1738265309.333809,1583502.000,47417,4,EM,1,100,2025-01-30_12-28-31-797037.csv
1738265309.333809,1583502.000,47417,4,EM,1,100,PS
1738265309.387160,1583552.250,47447,4,EM,1,100,RS
1738265309.440511,1583602.500,47447,4,EM,1,100,RB
1738265309.493862,1583652.750,47447,4,EM,1,100,2025-01-30_12-28-31-797037.csv
1738265309.547213,1583703.000,47447,4,EM,1,100,PS
1738265309.600565,1583753.250,47479,4,EM,1,100,RS
1738265309.653916,1583803.500,47479,4,EM,1,100,RB
1738265309.707267,1583853.750,47479,4,EM,1,100,2025-01-30_12-28-31-797037.csv
1738265309.760618,1583904.000,47479,4,EM,1,100,PS
1738265309.813969,1583954.250,47509,4,EM,1,100,RS
1738265309.867321,1584004.500,47509,4,EM,1,100,RB
1738265309.920672,1584054.750,47509,4,EM,1,100,2025-01-30_12-28-31-797037.csv
1738265309.974023,1584105.000,47509,4,EM,1,100,PS
1738265310.027374,1584155.250,47541,4,EM,1,100,RS
1738265310.080725,1584205.500,47541,4,EM,1,100,RB
1738265310.134077,1584255.750,47541,4,EM,1,100,2025-01-30_12-28-31-797037.csv
1738265310.187428,1584306.000,47541,4,EM,1,100,PS
1738265310.240779,1584356.250,47576,4,EM,1,100,RS
1738265310.294130,1584406.500,47576,4,EM,1,100,RB
1738265310.347481,1584456.750,47576,4,EM,1,100,2025-01-30_12-28-31-797037.csv
1738265310.400832,1584507.000,47576,4,EM,1,100,PS
1738265310.454184,1584557.250,47607,4,EM,1,100,RS
1738265310.507535,1584607.500,47607,4,EM,1,100,RB
1738265310.560886,1584657.750,47607,4,EM,1,100,2025-01-30_12-28-31-797037.csv
1738265310.614237,1584708.000,47607,4,EM,1,100,PS
1738265310.667588,1584758.250,47638,4,EM,1,100,RS
1738265310.720940,1584808.500,47638,4,EM,1,100,RB
1738265310.774291,1584858.750,47638,4,EM,1,100,2025-01-30_12-28-31-797037.csv
1738265310.827642,1584909.000,47638,4,EM,1,100,PS
1738265310.882055,1584960.250,47669,4,EM,1,100,RS
1738265310.936468,1585011.500,47669,4,EM,1,100,RB
1738265310.990881,1585062.750,47669,4,EM,1,100,2025-01-30_12-28-31-797037.csv
1738265311.045294,1585114.000,47669,4,EM,1,100,PS
1738265311.116163,1585180.750,47707,4,EM,1,100,RS
1738265311.187033,1585247.500,47707,4,EM,1,100,RB
1738265311.257902,1585314.250,47707,4,EM,1,100,2025-01-30_12-28-31-797037.csv
1738265311.328772,1585381.000,47707,4,EM,1,100,PS
1738265311.382123,1585431.250,47739,4,EM,1,100,RS
1738265311.435474,1585481.500,47739,4,EM,1,100,RB
1738265311.488825,1585531.750,47739,4,EM,1,100,2025-01-30_12-28-31-797037.csv
1738265311.542176,1585582.000,47739,4,EM,1,100,PS
1738265311.595793,1585632.500,47772,4,EM,1,100,RS
1738265311.649410,1585683.000,47772,4,EM,1,100,RB
1738265311.703026,1585733.500,47772,4,EM,1,100,2025-01-30_12-28-31-797037.csv
1738265311.756643,1585784.000,47772,4,EM,1,100,PS
1738265311.809729,1585834.000,47803,4,EM,1,100,RS
1738265311.862814,1585884.000,47803,4,EM,1,100,RB
1738265311.915900,1585934.000,47803,4,EM,1,100,2025-01-30_12-28-31-797037.csv
1738265311.968986,1585984.000,47803,4,EM,1,100,PS
1738265312.022337,1586034.250,47835,4,EM,1,100,RS
1738265312.075688,1586084.500,47835,4,EM,1,100,RB
1738265312.129040,1586134.750,47835,4,EM,1,100,2025-01-30_12-28-31-797037.csv
1738265312.182391,1586185.000,47835,4,EM,1,100,PS
1738265312.235742,1586235.250,47865,4,EM,1,100,RS
1738265312.289093,1586285.500,47865,4,EM,1,100,RB
1738265312.342444,1586335.750,47865,4,EM,1,100,2025-01-30_12-28-31-797037.csv
1738265312.395796,1586386.000,47865,4,EM,1,100,PS
1738265312.449147,1586436.250,47897,4,EM,1,100,RS
1738265312.502498,1586486.500,47897,4,EM,1,100,RB
1738265312.555849,1586536.750,47897,4,EM,1,100,2025-01-30_12-28-31-797037.csv
1738265312.609200,1586587.000,47897,4,EM,1,100,PS
1738265312.662552,1586637.250,47929,4,EM,1,100,RS
1738265312.715903,1586687.500,47929,4,EM,1,100,RB
1738265312.769254,1586737.750,47929,4,EM,1,100,2025-01-30_12-28-31-797037.csv
1738265312.822605,1586788.000,47929,4,EM,1,100,PS
1738265312.875956,1586838.250,47961,4,EM,1,100,RS
1738265312.929307,1586888.500,47961,4,EM,1,100,RB
1738265312.982659,1586938.750,47961,4,EM,1,100,2025-01-30_12-28-31-797037.csv
1738265313.036010,1586989.000,47961,4,EM,1,100,PS
1738265313.090423,1587040.250,47992,4,EM,1,100,RS
1738265313.144836,1587091.500,47992,4,EM,1,100,RB
1738265313.199249,1587142.750,47992,4,EM,1,100,2025-01-30_12-28-31-797037.csv
1738265313.253662,1587194.000,47992,4,EM,1,100,PS
1738265313.306747,1587244.000,48023,4,EM,1,100,RS
1738265313.359833,1587294.000,48023,4,EM,1,100,RB
1738265313.412919,1587344.000,48023,4,EM,1,100,2025-01-30_12-28-31-797037.csv
1738265313.466005,1587394.000,48023,4,EM,1,100,PS
1738265313.519356,1587444.250,48054,4,EM,1,100,RS
1738265313.572707,1587494.500,48054,4,EM,1,100,RB
1738265313.626058,1587544.750,48054,4,EM,1,100,2025-01-30_12-28-31-797037.csv
1738265313.679410,1587595.000,48054,4,EM,1,100,PS
1738265313.732761,1587645.250,48085,4,EM,1,100,RS
1738265313.786112,1587695.500,48085,4,EM,1,100,RB
1738265313.839463,1587745.750,48085,4,EM,1,100,2025-01-30_12-28-31-797037.csv
1738265313.892814,1587796.000,48085,4,EM,1,100,PS
1738265313.946165,1587846.250,48116,4,EM,1,100,RS
1738265313.999517,1587896.500,48116,4,EM,1,100,RB
1738265314.052868,1587946.750,48116,4,EM,1,100,2025-01-30_12-28-31-797037.csv
1738265314.106219,1587997.000,48116,4,EM,1,100,PS
1738265314.159570,1588047.250,48148,4,EM,1,100,RS
1738265314.212921,1588097.500,48148,4,EM,1,100,RB
1738265314.266273,1588147.750,48148,4,EM,1,100,2025-01-30_12-28-31-797037.csv
1738265314.319624,1588198.000,48148,4,EM,1,100,PS
1738265314.372975,1588248.250,48178,4,EM,1,100,RS
1738265314.426326,1588298.500,48178,4,EM,1,100,RB
1738265314.479677,1588348.750,48178,4,EM,1,100,2025-01-30_12-28-31-797037.csv
1738265314.533029,1588399.000,48178,4,EM,1,100,PS
1738265314.586380,1588449.250,48210,4,EM,1,100,RS
1738265314.639731,1588499.500,48210,4,EM,1,100,RB
1738265314.693082,1588549.750,48210,4,EM,1,100,2025-01-30_12-28-31-797037.csv
1738265314.746433,1588600.000,48210,4,EM,1,100,PS
1738265314.799784,1588650.250,48241,4,EM,1,100,RS
1738265314.853136,1588700.500,48241,4,EM,1,100,RB
1738265314.906487,1588750.750,48241,4,EM,1,100,2025-01-30_12-28-31-797037.csv
1738265314.959838,1588801.000,48241,4,EM,1,100,PS
1738265315.013189,1588851.250,48272,4,EM,1,100,RS
1738265315.066540,1588901.500,48272,4,EM,1,100,RB
1738265315.119892,1588951.750,48272,4,EM,1,100,2025-01-30_12-28-31-797037.csv
1738265315.173243,1589002.000,48272,4,EM,1,100,PS
1738265315.226594,1589052.250,48304,4,EM,1,100,RS
1738265315.279945,1589102.500,48304,4,EM,1,100,RB
1738265315.333297,1589152.750,48304,4,EM,1,100,2025-01-30_12-28-31-797037.csv
1738265315.386648,1589203.000,48304,4,EM,1,100,PS
1738265315.440795,1589254.000,48334,4,EM,1,100,RS
1738265315.494943,1589305.000,48334,4,EM,1,100,RB
1738265315.549090,1589356.000,48334,4,EM,1,100,2025-01-30_12-28-31-797037.csv
1738265315.603238,1589407.000,48334,4,EM,1,100,PS
1738265315.656589,1589457.250,48368,4,EM,1,100,RS
1738265315.709940,1589507.500,48368,4,EM,1,100,RB
1738265315.763291,1589557.750,48368,4,EM,1,100,2025-01-30_12-28-31-797037.csv
1738265315.816642,1589608.000,48368,4,EM,1,100,PS
1738265315.869994,1589658.250,48399,4,EM,1,100,RS
1738265315.923345,1589708.500,48399,4,EM,1,100,RB
1738265315.976696,1589758.750,48399,4,EM,1,100,2025-01-30_12-28-31-797037.csv
1738265316.030047,1589809.000,48399,4,EM,1,100,PS
1738265316.083398,1589859.250,48430,4,EM,1,100,RS
1738265316.136750,1589909.500,48430,4,EM,1,100,RB
1738265316.190101,1589959.750,48430,4,EM,1,100,2025-01-30_12-28-31-797037.csv
1738265316.243452,1590010.000,48430,4,EM,1,100,PS
1738265316.297069,1590060.500,48461,4,EM,1,100,RS
1738265316.350685,1590111.000,48461,4,EM,1,100,RB
1738265316.404302,1590161.500,48461,4,EM,1,100,2025-01-30_12-28-31-797037.csv
1738265316.457918,1590212.000,48461,4,EM,1,100,PS
1738265316.534893,1590284.500,48497,4,EM,1,100,RS
1738265316.611867,1590357.000,48497,4,EM,1,100,RB
1738265316.688842,1590429.500,48497,4,EM,1,100,2025-01-30_12-28-31-797037.csv
1738265316.765816,1590502.000,48497,4,EM,1,100,PS
1738265316.819167,1590552.250,48529,4,EM,1,100,RS
1738265316.872518,1590602.500,48529,4,EM,1,100,RB
1738265316.925869,1590652.750,48529,4,EM,1,100,2025-01-30_12-28-31-797037.csv
1738265316.979221,1590703.000,48529,4,EM,1,100,PS
1738265317.032572,1590753.250,48560,4,EM,1,100,RS
1738265317.085923,1590803.500,48560,4,EM,1,100,RB
1738265317.139274,1590853.750,48560,4,EM,1,100,2025-01-30_12-28-31-797037.csv
1738265317.192626,1590904.000,48560,4,EM,1,100,PS
1738265317.245977,1590954.250,48591,4,EM,1,100,RS
1738265317.299328,1591004.500,48591,4,EM,1,100,RB
1738265317.352679,1591054.750,48591,4,EM,1,100,2025-01-30_12-28-31-797037.csv
1738265317.406030,1591105.000,48591,4,EM,1,100,PS
1738265317.459381,1591155.250,48622,4,EM,1,100,RS
1738265317.512733,1591205.500,48622,4,EM,1,100,RB
1738265317.566084,1591255.750,48622,4,EM,1,100,2025-01-30_12-28-31-797037.csv
1738265317.619435,1591306.000,48622,4,EM,1,100,PS
1738265317.672786,1591356.250,48654,4,EM,1,100,RS
1738265317.726137,1591406.500,48654,4,EM,1,100,RB
1738265317.779489,1591456.750,48654,4,EM,1,100,2025-01-30_12-28-31-797037.csv
1738265317.832840,1591507.000,48654,4,EM,1,100,PS
1738265317.886191,1591557.250,48684,4,EM,1,100,RS
1738265317.939542,1591607.500,48684,4,EM,1,100,RB
1738265317.992893,1591657.750,48684,4,EM,1,100,2025-01-30_12-28-31-797037.csv
1738265318.046245,1591708.000,48684,4,EM,1,100,PS
1738265318.099596,1591758.250,48716,4,EM,1,100,RS
1738265318.152947,1591808.500,48716,4,EM,1,100,RB
1738265318.206298,1591858.750,48716,4,EM,1,100,2025-01-30_12-28-31-797037.csv
1738265318.259649,1591909.000,48716,4,EM,1,100,PS
1738265318.313797,1591960.000,48746,4,EM,1,100,RS
1738265318.367944,1592011.000,48746,4,EM,1,100,RB
1738265318.422092,1592062.000,48746,4,EM,1,100,2025-01-30_12-28-31-797037.csv
1738265318.476239,1592113.000,48746,4,EM,1,100,PS
1738265318.529590,1592163.250,48778,4,EM,1,100,RS
1738265318.582942,1592213.500,48778,4,EM,1,100,RB
1738265318.636293,1592263.750,48778,4,EM,1,100,2025-01-30_12-28-31-797037.csv
1738265318.689644,1592314.000,48778,4,EM,1,100,PS
1738265318.742995,1592364.250,48809,4,EM,1,100,RS
1738265318.796346,1592414.500,48809,4,EM,1,100,RB
1738265318.849698,1592464.750,48809,4,EM,1,100,2025-01-30_12-28-31-797037.csv
1738265318.903049,1592515.000,48809,4,EM,1,100,PS
1738265318.957462,1592566.250,48840,4,EM,1,100,RS
1738265319.011875,1592617.500,48840,4,EM,1,100,RB
1738265319.066288,1592668.750,48840,4,EM,1,100,2025-01-30_12-28-31-797037.csv
1738265319.120700,1592720.000,48840,4,EM,1,100,PS
1738265319.174052,1592770.250,48871,4,EM,1,100,RS
1738265319.227403,1592820.500,48871,4,EM,1,100,RB
1738265319.280754,1592870.750,48871,4,EM,1,100,2025-01-30_12-28-31-797037.csv
1738265319.334105,1592921.000,48871,4,EM,1,100,PS
1738265319.387456,1592971.250,48902,4,EM,1,100,RS
1738265319.440808,1593021.500,48902,4,EM,1,100,RB
1738265319.494159,1593071.750,48902,4,EM,1,100,2025-01-30_12-28-31-797037.csv
1738265319.547510,1593122.000,48902,4,EM,1,100,PS
1738265319.601923,1593173.250,48933,4,EM,1,100,RS
1738265319.656336,1593224.500,48933,4,EM,1,100,RB
1738265319.710749,1593275.750,48933,4,EM,1,100,2025-01-30_12-28-31-797037.csv
1738265319.765162,1593327.000,48933,4,EM,1,100,PS
1738265319.818513,1593377.250,48965,4,EM,1,100,RS
1738265319.871864,1593427.500,48965,4,EM,1,100,RB
1738265319.925215,1593477.750,48965,4,EM,1,100,2025-01-30_12-28-31-797037.csv
1738265319.978566,1593528.000,48965,4,EM,1,100,PS
1738265320.031918,1593578.250,48995,4,EM,1,100,RS
1738265320.085269,1593628.500,48995,4,EM,1,100,RB
1738265320.138620,1593678.750,48995,4,EM,1,100,2025-01-30_12-28-31-797037.csv
1738265320.191971,1593729.000,48995,4,EM,1,100,PS
1738265320.245588,1593779.500,49027,4,EM,1,100,RS
1738265320.299205,1593830.000,49027,4,EM,1,100,RB
1738265320.352821,1593880.500,49027,4,EM,1,100,2025-01-30_12-28-31-797037.csv
1738265320.406438,1593931.000,49027,4,EM,1,100,PS
1738265320.459789,1593981.250,49057,4,EM,1,100,RS
1738265320.513140,1594031.500,49057,4,EM,1,100,RB
1738265320.566491,1594081.750,49057,4,EM,1,100,2025-01-30_12-28-31-797037.csv
1738265320.619843,1594132.000,49057,4,EM,1,100,PS
1738265320.673194,1594182.250,49089,4,EM,1,100,RS
1738265320.726545,1594232.500,49089,4,EM,1,100,RB
1738265320.779896,1594282.750,49089,4,EM,1,100,2025-01-30_12-28-31-797037.csv
1738265320.833247,1594333.000,49089,4,EM,1,100,PS
1738265320.886599,1594383.250,49123,4,EM,1,100,RS
1738265320.939950,1594433.500,49123,4,EM,1,100,RB
1738265320.993301,1594483.750,49123,4,EM,1,100,2025-01-30_12-28-31-797037.csv
1738265321.046652,1594534.000,49123,4,EM,1,100,PS
1738265321.100003,1594584.250,49153,4,EM,1,100,RS
1738265321.153354,1594634.500,49153,4,EM,1,100,RB
1738265321.206706,1594684.750,49153,4,EM,1,100,2025-01-30_12-28-31-797037.csv
1738265321.260057,1594735.000,49153,4,EM,1,100,PS
1738265321.314204,1594786.000,49185,4,EM,1,100,RS
1738265321.368352,1594837.000,49185,4,EM,1,100,RB
1738265321.422499,1594888.000,49185,4,EM,1,100,2025-01-30_12-28-31-797037.csv
1738265321.476647,1594939.000,49185,4,EM,1,100,PS
1738265321.529998,1594989.250,49216,4,EM,1,100,RS
1738265321.583349,1595039.500,49216,4,EM,1,100,RB
1738265321.636700,1595089.750,49216,4,EM,1,100,2025-01-30_12-28-31-797037.csv
1738265321.690052,1595140.000,49216,4,EM,1,100,PS
1738265321.743403,1595190.250,49247,4,EM,1,100,RS
1738265321.796754,1595240.500,49247,4,EM,1,100,RB
1738265321.850105,1595290.750,49247,4,EM,1,100,2025-01-30_12-28-31-797037.csv
1738265321.903456,1595341.000,49247,4,EM,1,100,PS
1738265321.982289,1595415.250,49283,4,EM,1,100,RS
1738265322.061121,1595489.500,49283,4,EM,1,100,RB
1738265322.139953,1595563.750,49283,4,EM,1,100,2025-01-30_12-28-31-797037.csv
1738265322.218786,1595638.000,49283,4,EM,1,100,PS
1738265322.272137,1595688.250,49315,4,EM,1,100,RS
1738265322.325488,1595738.500,49315,4,EM,1,100,RB
1738265322.378839,1595788.750,49315,4,EM,1,100,2025-01-30_12-28-31-797037.csv
1738265322.432191,1595839.000,49315,4,EM,1,100,PS
1738265322.485542,1595889.250,49346,4,EM,1,100,RS
1738265322.538893,1595939.500,49346,4,EM,1,100,RB
1738265322.592244,1595989.750,49346,4,EM,1,100,2025-01-30_12-28-31-797037.csv
1738265322.645595,1596040.000,49346,4,EM,1,100,PS
1738265322.698946,1596090.250,49377,4,EM,1,100,RS
1738265322.752298,1596140.500,49377,4,EM,1,100,RB
1738265322.805649,1596190.750,49377,4,EM,1,100,2025-01-30_12-28-31-797037.csv
1738265322.859000,1596241.000,49377,4,EM,1,100,PS
1738265322.912882,1596291.750,49408,4,EM,1,100,RS
1738265322.966764,1596342.500,49408,4,EM,1,100,RB
1738265323.020646,1596393.250,49408,4,EM,1,100,2025-01-30_12-28-31-797037.csv
1738265323.074528,1596444.000,49408,4,EM,1,100,PS
1738265323.128145,1596494.500,49439,4,EM,1,100,RS
1738265323.181762,1596545.000,49439,4,EM,1,100,RB
1738265323.235378,1596595.500,49439,4,EM,1,100,2025-01-30_12-28-31-797037.csv
1738265323.288995,1596646.000,49439,4,EM,1,100,PS
1738265323.342346,1596696.250,49471,4,EM,1,100,RS
1738265323.395697,1596746.500,49471,4,EM,1,100,RB
1738265323.449049,1596796.750,49471,4,EM,1,100,2025-01-30_12-28-31-797037.csv
1738265323.502400,1596847.000,49471,4,EM,1,100,PS
1738265323.555751,1596897.250,49501,4,EM,1,100,RS
1738265323.609102,1596947.500,49501,4,EM,1,100,RB
1738265323.662453,1596997.750,49501,4,EM,1,100,2025-01-30_12-28-31-797037.csv
1738265323.715804,1597048.000,49501,4,EM,1,100,PS
1738265323.769421,1597098.500,49533,4,EM,1,100,RS
1738265323.823038,1597149.000,49533,4,EM,1,100,RB
1738265323.876654,1597199.500,49533,4,EM,1,100,2025-01-30_12-28-31-797037.csv
1738265323.930271,1597250.000,49533,4,EM,1,100,PS
1738265323.983622,1597300.250,49563,4,EM,1,100,RS
1738265324.036973,1597350.500,49563,4,EM,1,100,RB
1738265324.090324,1597400.750,49563,4,EM,1,100,2025-01-30_12-28-31-797037.csv
1738265324.143676,1597451.000,49563,4,EM,1,100,PS
1738265324.197027,1597501.250,49595,4,EM,1,100,RS
1738265324.250378,1597551.500,49595,4,EM,1,100,RB
1738265324.303729,1597601.750,49595,4,EM,1,100,2025-01-30_12-28-31-797037.csv
1738265324.357080,1597652.000,49595,4,EM,1,100,PS
1738265324.410432,1597702.250,49626,4,EM,1,100,RS
1738265324.463783,1597752.500,49626,4,EM,1,100,RB
1738265324.517134,1597802.750,49626,4,EM,1,100,2025-01-30_12-28-31-797037.csv
1738265324.570485,1597853.000,49626,4,EM,1,100,PS
1738265324.623837,1597903.250,49657,4,EM,1,100,RS
1738265324.677188,1597953.500,49657,4,EM,1,100,RB
1738265324.730539,1598003.750,49657,4,EM,1,100,2025-01-30_12-28-31-797037.csv
1738265324.783890,1598054.000,49657,4,EM,1,100,PS
1738265324.837241,1598104.250,49688,4,EM,1,100,RS
1738265324.890592,1598154.500,49688,4,EM,1,100,RB
1738265324.943944,1598204.750,49688,4,EM,1,100,2025-01-30_12-28-31-797037.csv
1738265324.997295,1598255.000,49688,4,EM,1,100,PS
1738265325.051442,1598306.000,49719,4,EM,1,100,RS
1738265325.105590,1598357.000,49719,4,EM,1,100,RB
1738265325.159737,1598408.000,49719,4,EM,1,100,2025-01-30_12-28-31-797037.csv
1738265325.213885,1598459.000,49719,4,EM,1,100,PS
1738265325.267236,1598509.250,49750,4,EM,1,100,RS
1738265325.320587,1598559.500,49750,4,EM,1,100,RB
1738265325.373938,1598609.750,49750,4,EM,1,100,2025-01-30_12-28-31-797037.csv
1738265325.427289,1598660.000,49750,4,EM,1,100,PS
1738265325.480641,1598710.250,49782,4,EM,1,100,RS
1738265325.533992,1598760.500,49782,4,EM,1,100,RB
1738265325.587343,1598810.750,49782,4,EM,1,100,2025-01-30_12-28-31-797037.csv
1738265325.640694,1598861.000,49782,4,EM,1,100,PS
1738265325.694046,1598911.250,49812,4,EM,1,100,RS
1738265325.747397,1598961.500,49812,4,EM,1,100,RB
1738265325.800748,1599011.750,49812,4,EM,1,100,2025-01-30_12-28-31-797037.csv
1738265325.854099,1599062.000,49812,4,EM,1,100,PS
1738265325.907716,1599112.500,49844,4,EM,1,100,RS
1738265325.961332,1599163.000,49844,4,EM,1,100,RB
1738265326.014949,1599213.500,49844,4,EM,1,100,2025-01-30_12-28-31-797037.csv
1738265326.068566,1599264.000,49844,4,EM,1,100,PS
1738265326.121917,1599314.250,49877,4,EM,1,100,RS
1738265326.175268,1599364.500,49877,4,EM,1,100,RB
1738265326.228619,1599414.750,49877,4,EM,1,100,2025-01-30_12-28-31-797037.csv
1738265326.281970,1599465.000,49877,4,EM,1,100,PS
1738265326.335321,1599515.250,49908,4,EM,1,100,RS
1738265326.388673,1599565.500,49908,4,EM,1,100,RB
1738265326.442024,1599615.750,49908,4,EM,1,100,2025-01-30_12-28-31-797037.csv
1738265326.495375,1599666.000,49908,4,EM,1,100,PS
1738265326.548726,1599716.250,49940,4,EM,1,100,RS
1738265326.602077,1599766.500,49940,4,EM,1,100,RB
1738265326.655429,1599816.750,49940,4,EM,1,100,2025-01-30_12-28-31-797037.csv
1738265326.708780,1599867.000,49940,4,EM,1,100,PS
1738265326.762131,1599917.250,49970,4,EM,1,100,RS
1738265326.815482,1599967.500,49970,4,EM,1,100,RB
1738265326.868834,1600017.750,49970,4,EM,1,100,2025-01-30_12-28-31-797037.csv
1738265326.922185,1600068.000,49970,4,EM,1,100,PS
1738265326.976332,1600119.000,50002,4,EM,1,100,RS
1738265327.030480,1600170.000,50002,4,EM,1,100,RB
1738265327.084627,1600221.000,50002,4,EM,1,100,2025-01-30_12-28-31-797037.csv
1738265327.138775,1600272.000,50002,4,EM,1,100,PS
1738265327.192126,1600322.250,50033,4,EM,1,100,RS
1738265327.245477,1600372.500,50033,4,EM,1,100,RB
1738265327.298828,1600422.750,50033,4,EM,1,100,2025-01-30_12-28-31-797037.csv
1738265327.352179,1600473.000,50033,4,EM,1,100,PS
1738265327.429950,1600546.250,50069,4,EM,1,100,RS
1738265327.507721,1600619.500,50069,4,EM,1,100,RB
1738265327.585491,1600692.750,50069,4,EM,1,100,2025-01-30_12-28-31-797037.csv
1738265327.663262,1600766.000,50069,4,EM,1,100,PS
1738265327.716348,1600816.000,50101,4,EM,1,100,RS
1738265327.769433,1600866.000,50101,4,EM,1,100,RB
1738265327.822519,1600916.000,50101,4,EM,1,100,2025-01-30_12-28-31-797037.csv
1738265327.875605,1600966.000,50101,4,EM,1,100,PS
1738265327.928956,1601016.250,50132,4,EM,1,100,RS
1738265327.982307,1601066.500,50132,4,EM,1,100,RB
1738265328.035659,1601116.750,50132,4,EM,1,100,2025-01-30_12-28-31-797037.csv
1738265328.089010,1601167.000,50132,4,EM,1,100,PS
1738265328.142361,1601217.250,50165,4,EM,1,100,RS
1738265328.195712,1601267.500,50165,4,EM,1,100,RB
1738265328.249063,1601317.750,50165,4,EM,1,100,2025-01-30_12-28-31-797037.csv
1738265328.302415,1601368.000,50165,4,EM,1,100,PS
1738265328.355766,1601418.250,50196,4,EM,1,100,RS
1738265328.409117,1601468.500,50196,4,EM,1,100,RB
1738265328.462468,1601518.750,50196,4,EM,1,100,2025-01-30_12-28-31-797037.csv
1738265328.515819,1601569.000,50196,4,EM,1,100,PS
1738265328.569170,1601619.250,50227,4,EM,1,100,RS
1738265328.622522,1601669.500,50227,4,EM,1,100,RB
1738265328.675873,1601719.750,50227,4,EM,1,100,2025-01-30_12-28-31-797037.csv
1738265328.729224,1601770.000,50227,4,EM,1,100,PS
1738265328.782575,1601820.250,50260,4,EM,1,100,RS
1738265328.835927,1601870.500,50260,4,EM,1,100,RB
1738265328.889278,1601920.750,50260,4,EM,1,100,2025-01-30_12-28-31-797037.csv
1738265328.942629,1601971.000,50260,4,EM,1,100,PS
1738265328.995980,1602021.250,50292,4,EM,1,100,RS
1738265329.049331,1602071.500,50292,4,EM,1,100,RB
1738265329.102683,1602121.750,50292,4,EM,1,100,2025-01-30_12-28-31-797037.csv
1738265329.156034,1602172.000,50292,4,EM,1,100,PS
1738265329.209385,1602222.250,50322,4,EM,1,100,RS
1738265329.262736,1602272.500,50322,4,EM,1,100,RB
1738265329.316087,1602322.750,50322,4,EM,1,100,2025-01-30_12-28-31-797037.csv
1738265329.369438,1602373.000,50322,4,EM,1,100,PS
1738265329.422790,1602423.250,50354,4,EM,1,100,RS
1738265329.476141,1602473.500,50354,4,EM,1,100,RB
1738265329.529492,1602523.750,50354,4,EM,1,100,2025-01-30_12-28-31-797037.csv
1738265329.582843,1602574.000,50354,4,EM,1,100,PS
1738265329.636725,1602624.750,50384,4,EM,1,100,RS
1738265329.690607,1602675.500,50384,4,EM,1,100,RB
1738265329.744489,1602726.250,50384,4,EM,1,100,2025-01-30_12-28-31-797037.csv
1738265329.798372,1602777.000,50384,4,EM,1,100,PS
1738265329.851988,1602827.500,50416,4,EM,1,100,RS
1738265329.905605,1602878.000,50416,4,EM,1,100,RB
1738265329.959221,1602928.500,50416,4,EM,1,100,2025-01-30_12-28-31-797037.csv
1738265330.012838,1602979.000,50416,4,EM,1,100,PS
1738265330.065924,1603029.000,50447,4,EM,1,100,RS
1738265330.119009,1603079.000,50447,4,EM,1,100,RB
1738265330.172095,1603129.000,50447,4,EM,1,100,2025-01-30_12-28-31-797037.csv
1738265330.225181,1603179.000,50447,4,EM,1,100,PS
1738265330.278532,1603229.250,50478,4,EM,1,100,RS
1738265330.331883,1603279.500,50478,4,EM,1,100,RB
1738265330.385235,1603329.750,50478,4,EM,1,100,2025-01-30_12-28-31-797037.csv
1738265330.438586,1603380.000,50478,4,EM,1,100,PS
1738265330.491937,1603430.250,50509,4,EM,1,100,RS
1738265330.545288,1603480.500,50509,4,EM,1,100,RB
1738265330.598639,1603530.750,50509,4,EM,1,100,2025-01-30_12-28-31-797037.csv
1738265330.651991,1603581.000,50509,4,EM,1,100,PS
1738265330.705607,1603631.500,50540,4,EM,1,100,RS
1738265330.759224,1603682.000,50540,4,EM,1,100,RB
1738265330.812840,1603732.500,50540,4,EM,1,100,2025-01-30_12-28-31-797037.csv
1738265330.866457,1603783.000,50540,4,EM,1,100,PS
1738265330.919808,1603833.250,50571,4,EM,1,100,RS
1738265330.973160,1603883.500,50571,4,EM,1,100,RB
1738265331.026511,1603933.750,50571,4,EM,1,100,2025-01-30_12-28-31-797037.csv
1738265331.079862,1603984.000,50571,4,EM,1,100,PS
1738265331.133213,1604034.250,50603,4,EM,1,100,RS
1738265331.186564,1604084.500,50603,4,EM,1,100,RB
1738265331.239915,1604134.750,50603,4,EM,1,100,2025-01-30_12-28-31-797037.csv
1738265331.293267,1604185.000,50603,4,EM,1,100,PS
1738265331.346618,1604235.250,50635,4,EM,1,100,RS
1738265331.399969,1604285.500,50635,4,EM,1,100,RB
1738265331.453320,1604335.750,50635,4,EM,1,100,2025-01-30_12-28-31-797037.csv
1738265331.506671,1604386.000,50635,4,EM,1,100,PS
1738265331.560023,1604436.250,50671,4,EM,1,100,RS
1738265331.613374,1604486.500,50671,4,EM,1,100,RB
1738265331.666725,1604536.750,50671,4,EM,1,100,2025-01-30_12-28-31-797037.csv
1738265331.720076,1604587.000,50671,4,EM,1,100,PS
1738265331.774224,1604638.000,50702,4,EM,1,100,RS
1738265331.828371,1604689.000,50702,4,EM,1,100,RB
1738265331.882519,1604740.000,50702,4,EM,1,100,2025-01-30_12-28-31-797037.csv
1738265331.936666,1604791.000,50702,4,EM,1,100,PS
1738265331.990283,1604841.500,50733,4,EM,1,100,RS
1738265332.043899,1604892.000,50733,4,EM,1,100,RB
1738265332.097516,1604942.500,50733,4,EM,1,100,2025-01-30_12-28-31-797037.csv
1738265332.151133,1604993.000,50733,4,EM,1,100,PS
1738265332.205015,1605043.750,50765,4,EM,1,100,RS
1738265332.258897,1605094.500,50765,4,EM,1,100,RB
1738265332.312779,1605145.250,50765,4,EM,1,100,2025-01-30_12-28-31-797037.csv
1738265332.366661,1605196.000,50765,4,EM,1,100,PS
1738265332.420012,1605246.250,50797,4,EM,1,100,RS
1738265332.473363,1605296.500,50797,4,EM,1,100,RB
1738265332.526714,1605346.750,50797,4,EM,1,100,2025-01-30_12-28-31-797037.csv
1738265332.580066,1605397.000,50797,4,EM,1,100,PS
1738265332.633417,1605447.250,50829,4,EM,1,100,RS
1738265332.686768,1605497.500,50829,4,EM,1,100,RB
1738265332.740119,1605547.750,50829,4,EM,1,100,2025-01-30_12-28-31-797037.csv
1738265332.793470,1605598.000,50829,4,EM,1,100,PS
1738265332.873895,1605673.750,50867,4,EM,1,100,RS
1738265332.954320,1605749.500,50867,4,EM,1,100,RB
1738265333.034745,1605825.250,50867,4,EM,1,100,2025-01-30_12-28-31-797037.csv
1738265333.115170,1605901.000,50867,4,EM,1,100,PS
1738265333.168521,1605951.250,50900,4,EM,1,100,RS
1738265333.221873,1606001.500,50900,4,EM,1,100,RB
1738265333.275224,1606051.750,50900,4,EM,1,100,2025-01-30_12-28-31-797037.csv
1738265333.328575,1606102.000,50900,4,EM,1,100,PS
1738265333.381926,1606152.250,50932,4,EM,1,100,RS
1738265333.435277,1606202.500,50932,4,EM,1,100,RB
1738265333.488628,1606252.750,50932,4,EM,1,100,2025-01-30_12-28-31-797037.csv
1738265333.541980,1606303.000,50932,4,EM,1,100,PS
1738265333.595331,1606353.250,50963,4,EM,1,100,RS
1738265333.648682,1606403.500,50963,4,EM,1,100,RB
1738265333.702033,1606453.750,50963,4,EM,1,100,2025-01-30_12-28-31-797037.csv
1738265333.755384,1606504.000,50963,4,EM,1,100,PS
1738265333.808736,1606554.250,50994,4,EM,1,100,RS
1738265333.862087,1606604.500,50994,4,EM,1,100,RB
1738265333.915438,1606654.750,50994,4,EM,1,100,2025-01-30_12-28-31-797037.csv
1738265333.968789,1606705.000,50994,4,EM,1,100,PS
1738265334.022406,1606755.500,51025,4,EM,1,100,RS
1738265334.076022,1606806.000,51025,4,EM,1,100,RB
1738265334.129639,1606856.500,51025,4,EM,1,100,2025-01-30_12-28-31-797037.csv
1738265334.183256,1606907.000,51025,4,EM,1,100,PS
1738265334.237403,1606958.000,51057,4,EM,1,100,RS
1738265334.291551,1607009.000,51057,4,EM,1,100,RB
1738265334.345698,1607060.000,51057,4,EM,1,100,2025-01-30_12-28-31-797037.csv
1738265334.399846,1607111.000,51057,4,EM,1,100,PS
1738265334.453197,1607161.250,51089,4,EM,1,100,RS
1738265334.506548,1607211.500,51089,4,EM,1,100,RB
1738265334.559899,1607261.750,51089,4,EM,1,100,2025-01-30_12-28-31-797037.csv
1738265334.613250,1607312.000,51089,4,EM,1,100,PS
1738265334.666602,1607362.250,51120,4,EM,1,100,RS
1738265334.719953,1607412.500,51120,4,EM,1,100,RB
1738265334.773304,1607462.750,51120,4,EM,1,100,2025-01-30_12-28-31-797037.csv
1738265334.826655,1607513.000,51120,4,EM,1,100,PS
1738265334.880537,1607563.750,51151,4,EM,1,100,RS
1738265334.934419,1607614.500,51151,4,EM,1,100,RB
1738265334.988302,1607665.250,51151,4,EM,1,100,2025-01-30_12-28-31-797037.csv
1738265335.042183,1607716.000,51151,4,EM,1,100,PS
1738265335.095535,1607766.250,51182,4,EM,1,100,RS
1738265335.148886,1607816.500,51182,4,EM,1,100,RB
1738265335.202237,1607866.750,51182,4,EM,1,100,2025-01-30_12-28-31-797037.csv
1738265335.255588,1607917.000,51182,4,EM,1,100,PS
1738265335.309205,1607967.500,51214,4,EM,1,100,RS
1738265335.362822,1608018.000,51214,4,EM,1,100,RB
1738265335.416438,1608068.500,51214,4,EM,1,100,2025-01-30_12-28-31-797037.csv
1738265335.470055,1608119.000,51214,4,EM,1,100,PS
1738265335.523406,1608169.250,51246,4,EM,1,100,RS
1738265335.576757,1608219.500,51246,4,EM,1,100,RB
1738265335.630108,1608269.750,51246,4,EM,1,100,2025-01-30_12-28-31-797037.csv
1738265335.683460,1608320.000,51246,4,EM,1,100,PS
1738265335.737872,1608371.250,51278,4,EM,1,100,RS
1738265335.792285,1608422.500,51278,4,EM,1,100,RB
1738265335.846698,1608473.750,51278,4,EM,1,100,2025-01-30_12-28-31-797037.csv
1738265335.901111,1608525.000,51278,4,EM,1,100,PS
1738265335.956586,1608577.250,51308,4,EM,1,100,RS
1738265336.012060,1608629.500,51308,4,EM,1,100,RB
1738265336.067535,1608681.750,51308,4,EM,1,100,2025-01-30_12-28-31-797037.csv
1738265336.123010,1608734.000,51308,4,EM,1,100,PS
1738265336.177157,1608785.000,51340,4,EM,1,100,RS
1738265336.231305,1608836.000,51340,4,EM,1,100,RB
1738265336.285452,1608887.000,51340,4,EM,1,100,2025-01-30_12-28-31-797037.csv
1738265336.339600,1608938.000,51340,4,EM,1,100,PS
1738265336.392951,1608988.250,51371,4,EM,1,100,RS
1738265336.446302,1609038.500,51371,4,EM,1,100,RB
1738265336.499653,1609088.750,51371,4,EM,1,100,2025-01-30_12-28-31-797037.csv
1738265336.553004,1609139.000,51371,4,EM,1,100,PS
1738265336.606356,1609189.250,51402,4,EM,1,100,RS
1738265336.659707,1609239.500,51402,4,EM,1,100,RB
1738265336.713058,1609289.750,51402,4,EM,1,100,2025-01-30_12-28-31-797037.csv
1738265336.766409,1609340.000,51402,4,EM,1,100,PS
1738265336.819760,1609390.250,51435,4,EM,1,100,RS
1738265336.873111,1609440.500,51435,4,EM,1,100,RB
1738265336.926463,1609490.750,51435,4,EM,1,100,2025-01-30_12-28-31-797037.csv
1738265336.979814,1609541.000,51435,4,EM,1,100,PS
1738265337.033961,1609592.000,51466,4,EM,1,100,RS
1738265337.088109,1609643.000,51466,4,EM,1,100,RB
1738265337.142256,1609694.000,51466,4,EM,1,100,2025-01-30_12-28-31-797037.csv
1738265337.196404,1609745.000,51466,4,EM,1,100,PS
1738265337.253206,1609798.500,51499,4,EM,1,100,RS
1738265337.310007,1609852.000,51499,4,EM,1,100,RB
1738265337.366809,1609905.500,51499,4,EM,1,100,2025-01-30_12-28-31-797037.csv
1738265337.423611,1609959.000,51499,4,EM,1,100,PS
1738265337.476962,1610009.250,51531,4,EM,1,100,RS
1738265337.530313,1610059.500,51531,4,EM,1,100,RB
1738265337.583664,1610109.750,51531,4,EM,1,100,2025-01-30_12-28-31-797037.csv
1738265337.637016,1610160.000,51531,4,EM,1,100,PS
1738265337.692490,1610212.250,51562,4,EM,1,100,RS
1738265337.747965,1610264.500,51562,4,EM,1,100,RB
1738265337.803440,1610316.750,51562,4,EM,1,100,2025-01-30_12-28-31-797037.csv
1738265337.858914,1610369.000,51562,4,EM,1,100,PS
1738265337.912531,1610419.500,51595,4,EM,1,100,RS
1738265337.966147,1610470.000,51595,4,EM,1,100,RB
1738265338.019764,1610520.500,51595,4,EM,1,100,2025-01-30_12-28-31-797037.csv
1738265338.073381,1610571.000,51595,4,EM,1,100,PS
1738265338.128590,1610623.000,51629,4,EM,1,100,RS
1738265338.183799,1610675.000,51629,4,EM,1,100,RB
1738265338.239008,1610727.000,51629,4,EM,1,100,2025-01-30_12-28-31-797037.csv
1738265338.294218,1610779.000,51629,4,EM,1,100,PS
1738265338.353939,1610835.250,51649,4,EM,1,100,RS
1738265338.413661,1610891.500,51649,4,EM,1,100,RB
1738265338.473382,1610947.750,51649,4,EM,1,100,2025-01-30_12-28-31-797037.csv
1738265338.533103,1611004.000,51649,4,EM,1,100,PS
1738265338.586455,1611054.250,51680,4,EM,1,100,RS
1738265338.639806,1611104.500,51680,4,EM,1,100,RB
1738265338.693157,1611154.750,51680,4,EM,1,100,2025-01-30_12-28-31-797037.csv
1738265338.746508,1611205.000,51680,4,EM,1,100,PS
1738265338.799860,1611255.250,51711,4,EM,1,100,RS
1738265338.853211,1611305.500,51711,4,EM,1,100,RB
1738265338.906562,1611355.750,51711,4,EM,1,100,2025-01-30_12-28-31-797037.csv
1738265338.959913,1611406.000,51711,4,EM,1,100,PS
1738265339.013264,1611456.250,51742,4,EM,1,100,RS
1738265339.066615,1611506.500,51742,4,EM,1,100,RB
1738265339.119967,1611556.750,51742,4,EM,1,100,2025-01-30_12-28-31-797037.csv
1738265339.173318,1611607.000,51742,4,EM,1,100,PS
1738265339.226669,1611657.250,51773,4,EM,1,100,RS
1738265339.280020,1611707.500,51773,4,EM,1,100,RB
1738265339.333371,1611757.750,51773,4,EM,1,100,2025-01-30_12-28-31-797037.csv
1738265339.386723,1611808.000,51773,4,EM,1,100,PS
1738265339.440074,1611858.250,51804,4,EM,1,100,RS
1738265339.493425,1611908.500,51804,4,EM,1,100,RB
1738265339.546776,1611958.750,51804,4,EM,1,100,2025-01-30_12-28-31-797037.csv
1738265339.600127,1612009.000,51804,4,EM,1,100,PS
1738265339.654009,1612059.750,51838,4,EM,1,100,RS
1738265339.707891,1612110.500,51838,4,EM,1,100,RB
1738265339.761774,1612161.250,51838,4,EM,1,100,2025-01-30_12-28-31-797037.csv
1738265339.815655,1612212.000,51838,4,EM,1,100,PS
1738265339.869007,1612262.250,51869,4,EM,1,100,RS
1738265339.922358,1612312.500,51869,4,EM,1,100,RB
1738265339.975709,1612362.750,51869,4,EM,1,100,2025-01-30_12-28-31-797037.csv
1738265340.029060,1612413.000,51869,4,EM,1,100,PS
1738265340.083208,1612464.000,51900,4,EM,1,100,RS
1738265340.137355,1612515.000,51900,4,EM,1,100,RB
1738265340.191503,1612566.000,51900,4,EM,1,100,2025-01-30_12-28-31-797037.csv
1738265340.245650,1612617.000,51900,4,EM,1,100,PS
1738265340.299001,1612667.250,51932,4,EM,1,100,RS
1738265340.352353,1612717.500,51932,4,EM,1,100,RB
1738265340.405704,1612767.750,51932,4,EM,1,100,2025-01-30_12-28-31-797037.csv
1738265340.459055,1612818.000,51932,4,EM,1,100,PS
1738265340.512406,1612868.250,51962,4,EM,1,100,RS
1738265340.565758,1612918.500,51962,4,EM,1,100,RB
1738265340.619109,1612968.750,51962,4,EM,1,100,2025-01-30_12-28-31-797037.csv
1738265340.672460,1613019.000,51962,4,EM,1,100,PS
1738265340.725811,1613069.250,51994,4,EM,1,100,RS
1738265340.779162,1613119.500,51994,4,EM,1,100,RB
1738265340.832513,1613169.750,51994,4,EM,1,100,2025-01-30_12-28-31-797037.csv
1738265340.885864,1613220.000,51994,4,EM,1,100,PS
1738265340.939216,1613270.250,52024,4,EM,1,100,RS
1738265340.992567,1613320.500,52024,4,EM,1,100,RB
1738265341.045918,1613370.750,52024,4,EM,1,100,2025-01-30_12-28-31-797037.csv
1738265341.099269,1613421.000,52024,4,EM,1,100,PS
1738265341.152621,1613471.250,52058,4,EM,1,100,RS
1738265341.205972,1613521.500,52058,4,EM,1,100,RB
1738265341.259323,1613571.750,52058,4,EM,1,100,2025-01-30_12-28-31-797037.csv
1738265341.312674,1613622.000,52058,4,EM,1,100,PS
1738265341.366025,1613672.250,52089,4,EM,1,100,RS
1738265341.419377,1613722.500,52089,4,EM,1,100,RB
1738265341.472728,1613772.750,52089,4,EM,1,100,2025-01-30_12-28-31-797037.csv
1738265341.526079,1613823.000,52089,4,EM,1,100,PS
1738265341.579430,1613873.250,52120,4,EM,1,100,RS
1738265341.632781,1613923.500,52120,4,EM,1,100,RB
1738265341.686132,1613973.750,52120,4,EM,1,100,2025-01-30_12-28-31-797037.csv
1738265341.739484,1614024.000,52120,4,EM,1,100,PS
1738265341.792835,1614074.250,52153,4,EM,1,100,RS
1738265341.846186,1614124.500,52153,4,EM,1,100,RB
1738265341.899537,1614174.750,52153,4,EM,1,100,2025-01-30_12-28-31-797037.csv
1738265341.952888,1614225.000,52153,4,EM,1,100,PS
1738265342.006240,1614275.250,52184,4,EM,1,100,RS
1738265342.059591,1614325.500,52184,4,EM,1,100,RB
1738265342.112942,1614375.750,52184,4,EM,1,100,2025-01-30_12-28-31-797037.csv
1738265342.166293,1614426.000,52184,4,EM,1,100,PS
1738265342.220441,1614477.000,52219,4,EM,1,100,RS
1738265342.274588,1614528.000,52219,4,EM,1,100,RB
1738265342.328736,1614579.000,52219,4,EM,1,100,2025-01-30_12-28-31-797037.csv
1738265342.382883,1614630.000,52219,4,EM,1,100,PS
1738265342.436234,1614680.250,52251,4,EM,1,100,RS
1738265342.489586,1614730.500,52251,4,EM,1,100,RB
1738265342.542937,1614780.750,52251,4,EM,1,100,2025-01-30_12-28-31-797037.csv
1738265342.596288,1614831.000,52251,4,EM,1,100,PS
1738265342.649374,1614881.000,52281,4,EM,1,100,RS
1738265342.702460,1614931.000,52281,4,EM,1,100,RB
1738265342.755545,1614981.000,52281,4,EM,1,100,2025-01-30_12-28-31-797037.csv
1738265342.808631,1615031.000,52281,4,EM,1,100,PS
1738265342.861982,1615081.250,52313,4,EM,1,100,RS
1738265342.915334,1615131.500,52313,4,EM,1,100,RB
1738265342.968685,1615181.750,52313,4,EM,1,100,2025-01-30_12-28-31-797037.csv
1738265343.022036,1615232.000,52313,4,EM,1,100,PS
1738265343.075387,1615282.250,52345,4,EM,1,100,RS
1738265343.128738,1615332.500,52345,4,EM,1,100,RB
1738265343.182089,1615382.750,52345,4,EM,1,100,2025-01-30_12-28-31-797037.csv
1738265343.235440,1615433.000,52345,4,EM,1,100,PS
1738265343.288792,1615483.250,52377,4,EM,1,100,RS
1738265343.342143,1615533.500,52377,4,EM,1,100,RB
1738265343.395494,1615583.750,52377,4,EM,1,100,2025-01-30_12-28-31-797037.csv
1738265343.448845,1615634.000,52377,4,EM,1,100,PS
1738265343.502197,1615684.250,52408,4,EM,1,100,RS
1738265343.555548,1615734.500,52408,4,EM,1,100,RB
1738265343.608899,1615784.750,52408,4,EM,1,100,2025-01-30_12-28-31-797037.csv
1738265343.662250,1615835.000,52408,4,EM,1,100,PS
1738265343.742410,1615910.500,52444,4,EM,1,100,RS
1738265343.822569,1615986.000,52444,4,EM,1,100,RB
1738265343.902729,1616061.500,52444,4,EM,1,100,2025-01-30_12-28-31-797037.csv
1738265343.982888,1616137.000,52444,4,EM,1,100,PS
1738265344.036239,1616187.250,52476,4,EM,1,100,RS
1738265344.089591,1616237.500,52476,4,EM,1,100,RB
1738265344.142942,1616287.750,52476,4,EM,1,100,2025-01-30_12-28-31-797037.csv
1738265344.196293,1616338.000,52476,4,EM,1,100,PS
1738265344.249644,1616388.250,52507,4,EM,1,100,RS
1738265344.302995,1616438.500,52507,4,EM,1,100,RB
1738265344.356347,1616488.750,52507,4,EM,1,100,2025-01-30_12-28-31-797037.csv
1738265344.409698,1616539.000,52507,4,EM,1,100,PS
1738265344.463049,1616589.250,52538,4,EM,1,100,RS
1738265344.516400,1616639.500,52538,4,EM,1,100,RB
1738265344.569751,1616689.750,52538,4,EM,1,100,2025-01-30_12-28-31-797037.csv
1738265344.623102,1616740.000,52538,4,EM,1,100,PS
1738265344.676454,1616790.250,52569,4,EM,1,100,RS
1738265344.729805,1616840.500,52569,4,EM,1,100,RB
1738265344.783156,1616890.750,52569,4,EM,1,100,2025-01-30_12-28-31-797037.csv
1738265344.836507,1616941.000,52569,4,EM,1,100,PS
1738265344.889858,1616991.250,52600,4,EM,1,100,RS
1738265344.943210,1617041.500,52600,4,EM,1,100,RB
1738265344.996561,1617091.750,52600,4,EM,1,100,2025-01-30_12-28-31-797037.csv
1738265345.049912,1617142.000,52600,4,EM,1,100,PS
1738265345.103263,1617192.250,52634,4,EM,1,100,RS
1738265345.156615,1617242.500,52634,4,EM,1,100,RB
1738265345.209966,1617292.750,52634,4,EM,1,100,2025-01-30_12-28-31-797037.csv
1738265345.263317,1617343.000,52634,4,EM,1,100,PS
1738265345.316668,1617393.250,52665,4,EM,1,100,RS
1738265345.370019,1617443.500,52665,4,EM,1,100,RB
1738265345.423370,1617493.750,52665,4,EM,1,100,2025-01-30_12-28-31-797037.csv
1738265345.476722,1617544.000,52665,4,EM,1,100,PS
1738265345.530073,1617594.250,52696,4,EM,1,100,RS
1738265345.583424,1617644.500,52696,4,EM,1,100,RB
1738265345.636775,1617694.750,52696,4,EM,1,100,2025-01-30_12-28-31-797037.csv
1738265345.690126,1617745.000,52696,4,EM,1,100,PS
1738265345.743478,1617795.250,52729,4,EM,1,100,RS
1738265345.796829,1617845.500,52729,4,EM,1,100,RB
1738265345.850180,1617895.750,52729,4,EM,1,100,2025-01-30_12-28-31-797037.csv
1738265345.903531,1617946.000,52729,4,EM,1,100,PS
1738265345.957679,1617997.000,52761,4,EM,1,100,RS
1738265346.011826,1618048.000,52761,4,EM,1,100,RB
1738265346.065974,1618099.000,52761,4,EM,1,100,2025-01-30_12-28-31-797037.csv
1738265346.120121,1618150.000,52761,4,EM,1,100,PS
1738265346.173472,1618200.250,52791,4,EM,1,100,RS
1738265346.226824,1618250.500,52791,4,EM,1,100,RB
1738265346.280175,1618300.750,52791,4,EM,1,100,2025-01-30_12-28-31-797037.csv
1738265346.333526,1618351.000,52791,4,EM,1,100,PS
1738265346.386877,1618401.250,52823,4,EM,1,100,RS
1738265346.440228,1618451.500,52823,4,EM,1,100,RB
1738265346.493579,1618501.750,52823,4,EM,1,100,2025-01-30_12-28-31-797037.csv
1738265346.546931,1618552.000,52823,4,EM,1,100,PS
1738265346.600282,1618602.250,52855,4,EM,1,100,RS
1738265346.653633,1618652.500,52855,4,EM,1,100,RB
1738265346.706984,1618702.750,52855,4,EM,1,100,2025-01-30_12-28-31-797037.csv
1738265346.760335,1618753.000,52855,4,EM,1,100,PS
1738265346.813687,1618803.250,52887,4,EM,1,100,RS
1738265346.867038,1618853.500,52887,4,EM,1,100,RB
1738265346.920389,1618903.750,52887,4,EM,1,100,2025-01-30_12-28-31-797037.csv
1738265346.973740,1618954.000,52887,4,EM,1,100,PS
1738265347.027092,1619004.250,52918,4,EM,1,100,RS
1738265347.080443,1619054.500,52918,4,EM,1,100,RB
1738265347.133794,1619104.750,52918,4,EM,1,100,2025-01-30_12-28-31-797037.csv
1738265347.187145,1619155.000,52918,4,EM,1,100,PS
1738265347.240496,1619205.250,52949,4,EM,1,100,RS
1738265347.293847,1619255.500,52949,4,EM,1,100,RB
1738265347.347199,1619305.750,52949,4,EM,1,100,2025-01-30_12-28-31-797037.csv
1738265347.400550,1619356.000,52949,4,EM,1,100,PS
1738265347.453901,1619406.250,52984,4,EM,1,100,RS
1738265347.507252,1619456.500,52984,4,EM,1,100,RB
1738265347.560603,1619506.750,52984,4,EM,1,100,2025-01-30_12-28-31-797037.csv
1738265347.613955,1619557.000,52984,4,EM,1,100,PS
1738265347.667306,1619607.250,53017,4,EM,1,100,RS
1738265347.720657,1619657.500,53017,4,EM,1,100,RB
1738265347.774008,1619707.750,53017,4,EM,1,100,2025-01-30_12-28-31-797037.csv
1738265347.827359,1619758.000,53017,4,EM,1,100,PS
1738265347.880711,1619808.250,53048,4,EM,1,100,RS
1738265347.934062,1619858.500,53048,4,EM,1,100,RB
1738265347.987413,1619908.750,53048,4,EM,1,100,2025-01-30_12-28-31-797037.csv
1738265348.040764,1619959.000,53048,4,EM,1,100,PS
1738265348.096239,1620011.250,53082,4,EM,1,100,RS
1738265348.151713,1620063.500,53082,4,EM,1,100,RB
1738265348.207188,1620115.750,53082,4,EM,1,100,2025-01-30_12-28-31-797037.csv
1738265348.262663,1620168.000,53082,4,EM,1,100,PS
1738265348.316014,1620218.250,53112,4,EM,1,100,RS
1738265348.369365,1620268.500,53112,4,EM,1,100,RB
1738265348.422716,1620318.750,53112,4,EM,1,100,2025-01-30_12-28-31-797037.csv
1738265348.476068,1620369.000,53112,4,EM,1,100,PS
1738265348.529419,1620419.250,53144,4,EM,1,100,RS
1738265348.582770,1620469.500,53144,4,EM,1,100,RB
1738265348.636121,1620519.750,53144,4,EM,1,100,2025-01-30_12-28-31-797037.csv
1738265348.689472,1620570.000,53144,4,EM,1,100,PS
1738265348.742823,1620620.250,53174,4,EM,1,100,RS
1738265348.796175,1620670.500,53174,4,EM,1,100,RB
1738265348.849526,1620720.750,53174,4,EM,1,100,2025-01-30_12-28-31-797037.csv
1738265348.902877,1620771.000,53174,4,EM,1,100,PS
1738265348.956228,1620821.250,53206,4,EM,1,100,RS
1738265349.009579,1620871.500,53206,4,EM,1,100,RB
1738265349.062931,1620921.750,53206,4,EM,1,100,2025-01-30_12-28-31-797037.csv
1738265349.116282,1620972.000,53206,4,EM,1,100,PS
1738265349.195379,1621046.500,53242,4,EM,1,100,RS
1738265349.274477,1621121.000,53242,4,EM,1,100,RB
1738265349.353575,1621195.500,53242,4,EM,1,100,2025-01-30_12-28-31-797037.csv
1738265349.432673,1621270.000,53242,4,EM,1,100,PS
1738265349.486024,1621320.250,53272,4,EM,1,100,RS
1738265349.539375,1621370.500,53272,4,EM,1,100,RB
1738265349.592726,1621420.750,53272,4,EM,1,100,2025-01-30_12-28-31-797037.csv
1738265349.646078,1621471.000,53272,4,EM,1,100,PS
1738265349.699429,1621521.250,53304,4,EM,1,100,RS
1738265349.752780,1621571.500,53304,4,EM,1,100,RB
1738265349.806131,1621621.750,53304,4,EM,1,100,2025-01-30_12-28-31-797037.csv
1738265349.859483,1621672.000,53304,4,EM,1,100,PS
1738265349.912834,1621722.250,53335,4,EM,1,100,RS
1738265349.966185,1621772.500,53335,4,EM,1,100,RB
1738265350.019536,1621822.750,53335,4,EM,1,100,2025-01-30_12-28-31-797037.csv
1738265350.072887,1621873.000,53335,4,EM,1,100,PS
1738265350.126239,1621923.250,53368,4,EM,1,100,RS
1738265350.179590,1621973.500,53368,4,EM,1,100,RB
1738265350.232941,1622023.750,53368,4,EM,1,100,2025-01-30_12-28-31-797037.csv
1738265350.286292,1622074.000,53368,4,EM,1,100,PS
1738265350.339909,1622124.500,53400,4,EM,1,100,RS
1738265350.393525,1622175.000,53400,4,EM,1,100,RB
1738265350.447142,1622225.500,53400,4,EM,1,100,2025-01-30_12-28-31-797037.csv
1738265350.500759,1622276.000,53400,4,EM,1,100,PS
1738265350.554110,1622326.250,53430,4,EM,1,100,RS
1738265350.607461,1622376.500,53430,4,EM,1,100,RB
1738265350.660812,1622426.750,53430,4,EM,1,100,2025-01-30_12-28-31-797037.csv
1738265350.714163,1622477.000,53430,4,EM,1,100,PS
1738265350.767514,1622527.250,53464,4,EM,1,100,RS
1738265350.820866,1622577.500,53464,4,EM,1,100,RB
1738265350.874217,1622627.750,53464,4,EM,1,100,2025-01-30_12-28-31-797037.csv
1738265350.927568,1622678.000,53464,4,EM,1,100,PS
1738265350.980919,1622728.250,53495,4,EM,1,100,RS
1738265351.034271,1622778.500,53495,4,EM,1,100,RB
1738265351.087622,1622828.750,53495,4,EM,1,100,2025-01-30_12-28-31-797037.csv
1738265351.140973,1622879.000,53495,4,EM,1,100,PS
1738265351.195386,1622930.250,53526,4,EM,1,100,RS
1738265351.249799,1622981.500,53526,4,EM,1,100,RB
1738265351.304212,1623032.750,53526,4,EM,1,100,2025-01-30_12-28-31-797037.csv
1738265351.358624,1623084.000,53526,4,EM,1,100,PS
1738265351.411976,1623134.250,53557,4,EM,1,100,RS
1738265351.465327,1623184.500,53557,4,EM,1,100,RB
1738265351.518678,1623234.750,53557,4,EM,1,100,2025-01-30_12-28-31-797037.csv
1738265351.572029,1623285.000,53557,4,EM,1,100,PS
1738265351.625381,1623335.250,53591,4,EM,1,100,RS
1738265351.678732,1623385.500,53591,4,EM,1,100,RB
1738265351.732083,1623435.750,53591,4,EM,1,100,2025-01-30_12-28-31-797037.csv
1738265351.785434,1623486.000,53591,4,EM,1,100,PS
1738265351.838785,1623536.250,53621,4,EM,1,100,RS
1738265351.892137,1623586.500,53621,4,EM,1,100,RB
1738265351.945488,1623636.750,53621,4,EM,1,100,2025-01-30_12-28-31-797037.csv
1738265351.998839,1623687.000,53621,4,EM,1,100,PS
1738265352.052190,1623737.250,53653,4,EM,1,100,RS
1738265352.105541,1623787.500,53653,4,EM,1,100,RB
1738265352.158892,1623837.750,53653,4,EM,1,100,2025-01-30_12-28-31-797037.csv
1738265352.212244,1623888.000,53653,4,EM,1,100,PS
1738265352.265595,1623938.250,53683,4,EM,1,100,RS
1738265352.318946,1623988.500,53683,4,EM,1,100,RB
1738265352.372297,1624038.750,53683,4,EM,1,100,2025-01-30_12-28-31-797037.csv
1738265352.425648,1624089.000,53683,4,EM,1,100,PS
1738265352.479000,1624139.250,53717,4,EM,1,100,RS
1738265352.532351,1624189.500,53717,4,EM,1,100,RB
1738265352.585702,1624239.750,53717,4,EM,1,100,2025-01-30_12-28-31-797037.csv
1738265352.639053,1624290.000,53717,4,EM,1,100,PS
1738265352.692405,1624340.250,53750,4,EM,1,100,RS
1738265352.745756,1624390.500,53750,4,EM,1,100,RB
1738265352.799107,1624440.750,53750,4,EM,1,100,2025-01-30_12-28-31-797037.csv
1738265352.852458,1624491.000,53750,4,EM,1,100,PS
1738265352.905809,1624541.250,53781,4,EM,1,100,RS
1738265352.959160,1624591.500,53781,4,EM,1,100,RB
1738265353.012511,1624641.750,53781,4,EM,1,100,2025-01-30_12-28-31-797037.csv
1738265353.065863,1624692.000,53781,4,EM,1,100,PS
1738265353.120276,1624743.250,53814,4,EM,1,100,RS
1738265353.174689,1624794.500,53814,4,EM,1,100,RB
1738265353.229101,1624845.750,53814,4,EM,1,100,2025-01-30_12-28-31-797037.csv
1738265353.283514,1624897.000,53814,4,EM,1,100,PS
1738265353.336600,1624947.000,53845,4,EM,1,100,RS
1738265353.389686,1624997.000,53845,4,EM,1,100,RB
1738265353.442772,1625047.000,53845,4,EM,1,100,2025-01-30_12-28-31-797037.csv
1738265353.495857,1625097.000,53845,4,EM,1,100,PS
1738265353.549209,1625147.250,53876,4,EM,1,100,RS
1738265353.602560,1625197.500,53876,4,EM,1,100,RB
1738265353.655911,1625247.750,53876,4,EM,1,100,2025-01-30_12-28-31-797037.csv
1738265353.709262,1625298.000,53876,4,EM,1,100,PS
1738265353.763941,1625349.500,53908,4,EM,1,100,RS
1738265353.818619,1625401.000,53908,4,EM,1,100,RB
1738265353.873297,1625452.500,53908,4,EM,1,100,2025-01-30_12-28-31-797037.csv
1738265353.927976,1625504.000,53908,4,EM,1,100,PS
1738265353.981327,1625554.250,53940,4,EM,1,100,RS
1738265354.034678,1625604.500,53940,4,EM,1,100,RB
1738265354.088029,1625654.750,53940,4,EM,1,100,2025-01-30_12-28-31-797037.csv
1738265354.141380,1625705.000,53940,4,EM,1,100,PS
1738265354.195528,1625756.000,53972,4,EM,1,100,RS
1738265354.249675,1625807.000,53972,4,EM,1,100,RB
1738265354.303823,1625858.000,53972,4,EM,1,100,2025-01-30_12-28-31-797037.csv
1738265354.357970,1625909.000,53972,4,EM,1,100,PS
1738265354.411056,1625959.000,54002,4,EM,1,100,RS
1738265354.464142,1626009.000,54002,4,EM,1,100,RB
1738265354.517228,1626059.000,54002,4,EM,1,100,2025-01-30_12-28-31-797037.csv
1738265354.570313,1626109.000,54002,4,EM,1,100,PS
1738265354.648350,1626182.500,54039,4,EM,1,100,RS
1738265354.726386,1626256.000,54039,4,EM,1,100,RB
1738265354.804422,1626329.500,54039,4,EM,1,100,2025-01-30_12-28-31-797037.csv
1738265354.882458,1626403.000,54039,4,EM,1,100,PS
1738265354.935809,1626453.250,54073,4,EM,1,100,RS
1738265354.989160,1626503.500,54073,4,EM,1,100,RB
1738265355.042511,1626553.750,54073,4,EM,1,100,2025-01-30_12-28-31-797037.csv
1738265355.095862,1626604.000,54073,4,EM,1,100,PS
1738265355.149214,1626654.250,54103,4,EM,1,100,RS
1738265355.202565,1626704.500,54103,4,EM,1,100,RB
1738265355.255916,1626754.750,54103,4,EM,1,100,2025-01-30_12-28-31-797037.csv
1738265355.309267,1626805.000,54103,4,EM,1,100,PS
1738265355.362618,1626855.250,54135,4,EM,1,100,RS
1738265355.415970,1626905.500,54135,4,EM,1,100,RB
1738265355.469321,1626955.750,54135,4,EM,1,100,2025-01-30_12-28-31-797037.csv
1738265355.522672,1627006.000,54135,4,EM,1,100,PS
1738265355.576289,1627056.500,54168,4,EM,1,100,RS
1738265355.629905,1627107.000,54168,4,EM,1,100,RB
1738265355.683522,1627157.500,54168,4,EM,1,100,2025-01-30_12-28-31-797037.csv
1738265355.737139,1627208.000,54168,4,EM,1,100,PS
1738265355.790490,1627258.250,54199,4,EM,1,100,RS
1738265355.843841,1627308.500,54199,4,EM,1,100,RB
1738265355.897192,1627358.750,54199,4,EM,1,100,2025-01-30_12-28-31-797037.csv
1738265355.950543,1627409.000,54199,4,EM,1,100,PS
1738265356.003895,1627459.250,54231,4,EM,1,100,RS
1738265356.057246,1627509.500,54231,4,EM,1,100,RB
1738265356.110597,1627559.750,54231,4,EM,1,100,2025-01-30_12-28-31-797037.csv
1738265356.163948,1627610.000,54231,4,EM,1,100,PS
1738265356.217299,1627660.250,54262,4,EM,1,100,RS
1738265356.270650,1627710.500,54262,4,EM,1,100,RB
1738265356.324002,1627760.750,54262,4,EM,1,100,2025-01-30_12-28-31-797037.csv
1738265356.377353,1627811.000,54262,4,EM,1,100,PS
1738265356.430704,1627861.250,54293,4,EM,1,100,RS
1738265356.484055,1627911.500,54293,4,EM,1,100,RB
1738265356.537406,1627961.750,54293,4,EM,1,100,2025-01-30_12-28-31-797037.csv
1738265356.590758,1628012.000,54293,4,EM,1,100,PS
1738265356.645967,1628064.000,54324,4,EM,1,100,RS
1738265356.701176,1628116.000,54324,4,EM,1,100,RB
1738265356.756385,1628168.000,54324,4,EM,1,100,2025-01-30_12-28-31-797037.csv
1738265356.811594,1628220.000,54324,4,EM,1,100,PS
1738265356.864946,1628270.250,54355,4,EM,1,100,RS
1738265356.918297,1628320.500,54355,4,EM,1,100,RB
1738265356.971648,1628370.750,54355,4,EM,1,100,2025-01-30_12-28-31-797037.csv
1738265357.024999,1628421.000,54355,4,EM,1,100,PS
1738265357.078350,1628471.250,54386,4,EM,1,100,RS
1738265357.131702,1628521.500,54386,4,EM,1,100,RB
1738265357.185053,1628571.750,54386,4,EM,1,100,2025-01-30_12-28-31-797037.csv
1738265357.238404,1628622.000,54386,4,EM,1,100,PS
1738265357.291755,1628672.250,54420,4,EM,1,100,RS
1738265357.345106,1628722.500,54420,4,EM,1,100,RB
1738265357.398458,1628772.750,54420,4,EM,1,100,2025-01-30_12-28-31-797037.csv
1738265357.451809,1628823.000,54420,4,EM,1,100,PS
1738265357.505160,1628873.250,54450,4,EM,1,100,RS
1738265357.558511,1628923.500,54450,4,EM,1,100,RB
1738265357.611862,1628973.750,54450,4,EM,1,100,2025-01-30_12-28-31-797037.csv
1738265357.665214,1629024.000,54450,4,EM,1,100,PS
1738265357.718565,1629074.250,54482,4,EM,1,100,RS
1738265357.771916,1629124.500,54482,4,EM,1,100,RB
1738265357.825267,1629174.750,54482,4,EM,1,100,2025-01-30_12-28-31-797037.csv
1738265357.878618,1629225.000,54482,4,EM,1,100,PS
1738265357.933031,1629276.250,54514,4,EM,1,100,RS
1738265357.987444,1629327.500,54514,4,EM,1,100,RB
1738265358.041857,1629378.750,54514,4,EM,1,100,2025-01-30_12-28-31-797037.csv
1738265358.096270,1629430.000,54514,4,EM,1,100,PS
1738265358.149621,1629480.250,54546,4,EM,1,100,RS
1738265358.202972,1629530.500,54546,4,EM,1,100,RB
1738265358.256324,1629580.750,54546,4,EM,1,100,2025-01-30_12-28-31-797037.csv
1738265358.309675,1629631.000,54546,4,EM,1,100,PS
1738265358.363026,1629681.250,54579,4,EM,1,100,RS
1738265358.416377,1629731.500,54579,4,EM,1,100,RB
1738265358.469728,1629781.750,54579,4,EM,1,100,2025-01-30_12-28-31-797037.csv
1738265358.523080,1629832.000,54579,4,EM,1,100,PS
1738265358.576431,1629882.250,54610,4,EM,1,100,RS
1738265358.629782,1629932.500,54610,4,EM,1,100,RB
1738265358.683133,1629982.750,54610,4,EM,1,100,2025-01-30_12-28-31-797037.csv
1738265358.736484,1630033.000,54610,4,EM,1,100,PS
1738265358.789835,1630083.250,54641,4,EM,1,100,RS
1738265358.843187,1630133.500,54641,4,EM,1,100,RB
1738265358.896538,1630183.750,54641,4,EM,1,100,2025-01-30_12-28-31-797037.csv
1738265358.949889,1630234.000,54641,4,EM,1,100,PS
1738265359.003240,1630284.250,54672,4,EM,1,100,RS
1738265359.056592,1630334.500,54672,4,EM,1,100,RB
1738265359.109943,1630384.750,54672,4,EM,1,100,2025-01-30_12-28-31-797037.csv
1738265359.163294,1630435.000,54672,4,EM,1,100,PS
1738265359.216645,1630485.250,54703,4,EM,1,100,RS
1738265359.269996,1630535.500,54703,4,EM,1,100,RB
1738265359.323348,1630585.750,54703,4,EM,1,100,2025-01-30_12-28-31-797037.csv
1738265359.376699,1630636.000,54703,4,EM,1,100,PS
1738265359.430050,1630686.250,54735,4,EM,1,100,RS
1738265359.483401,1630736.500,54735,4,EM,1,100,RB
1738265359.536752,1630786.750,54735,4,EM,1,100,2025-01-30_12-28-31-797037.csv
1738265359.590103,1630837.000,54735,4,EM,1,100,PS
1738265359.643455,1630887.250,54766,4,EM,1,100,RS
1738265359.696806,1630937.500,54766,4,EM,1,100,RB
1738265359.750157,1630987.750,54766,4,EM,1,100,2025-01-30_12-28-31-797037.csv
1738265359.803508,1631038.000,54766,4,EM,1,100,PS
1738265359.858452,1631089.750,54797,4,EM,1,100,RS
1738265359.913396,1631141.500,54797,4,EM,1,100,RB
1738265359.968339,1631193.250,54797,4,EM,1,100,2025-01-30_12-28-31-797037.csv
1738265360.023283,1631245.000,54797,4,EM,1,100,PS
1738265360.093356,1631311.000,54820,4,EM,1,100,RS
1738265360.163430,1631377.000,54820,4,EM,1,100,RB
1738265360.233503,1631443.000,54820,4,EM,1,100,2025-01-30_12-28-31-797037.csv
1738265360.303576,1631509.000,54820,4,EM,1,100,PS
1738265360.356927,1631559.250,54852,4,EM,1,100,RS
1738265360.410279,1631609.500,54852,4,EM,1,100,RB
1738265360.463630,1631659.750,54852,4,EM,1,100,2025-01-30_12-28-31-797037.csv
1738265360.516981,1631710.000,54852,4,EM,1,100,PS
1738265360.570332,1631760.250,54886,4,EM,1,100,RS
1738265360.623683,1631810.500,54886,4,EM,1,100,RB
1738265360.677034,1631860.750,54886,4,EM,1,100,2025-01-30_12-28-31-797037.csv
1738265360.730386,1631911.000,54886,4,EM,1,100,PS
1738265360.784002,1631961.500,54916,4,EM,1,100,RS
1738265360.837619,1632012.000,54916,4,EM,1,100,RB
1738265360.891236,1632062.500,54916,4,EM,1,100,2025-01-30_12-28-31-797037.csv
1738265360.944852,1632113.000,54916,4,EM,1,100,PS
1738265360.998203,1632163.250,54950,4,EM,1,100,RS
1738265361.051555,1632213.500,54950,4,EM,1,100,RB
1738265361.104906,1632263.750,54950,4,EM,1,100,2025-01-30_12-28-31-797037.csv
1738265361.158257,1632314.000,54950,4,EM,1,100,PS
1738265361.211608,1632364.250,54981,4,EM,1,100,RS
1738265361.264959,1632414.500,54981,4,EM,1,100,RB
1738265361.318310,1632464.750,54981,4,EM,1,100,2025-01-30_12-28-31-797037.csv
1738265361.371662,1632515.000,54981,4,EM,1,100,PS
1738265361.425013,1632565.250,55014,4,EM,1,100,RS
1738265361.478364,1632615.500,55014,4,EM,1,100,RB
1738265361.531715,1632665.750,55014,4,EM,1,100,2025-01-30_12-28-31-797037.csv
1738265361.585067,1632716.000,55014,4,EM,1,100,PS
1738265361.638418,1632766.250,55045,4,EM,1,100,RS
1738265361.691769,1632816.500,55045,4,EM,1,100,RB
1738265361.745120,1632866.750,55045,4,EM,1,100,2025-01-30_12-28-31-797037.csv
1738265361.798471,1632917.000,55045,4,EM,1,100,PS
1738265361.851822,1632967.250,55076,4,EM,1,100,RS
1738265361.905174,1633017.500,55076,4,EM,1,100,RB
1738265361.958525,1633067.750,55076,4,EM,1,100,2025-01-30_12-28-31-797037.csv
1738265362.011876,1633118.000,55076,4,EM,1,100,PS
1738265362.066289,1633169.250,55107,4,EM,1,100,RS
1738265362.120702,1633220.500,55107,4,EM,1,100,RB
1738265362.175115,1633271.750,55107,4,EM,1,100,2025-01-30_12-28-31-797037.csv
1738265362.229528,1633323.000,55107,4,EM,1,100,PS
1738265362.282879,1633373.250,55139,4,EM,1,100,RS
1738265362.336230,1633423.500,55139,4,EM,1,100,RB
1738265362.389581,1633473.750,55139,4,EM,1,100,2025-01-30_12-28-31-797037.csv
1738265362.442933,1633524.000,55139,4,EM,1,100,PS
1738265362.496284,1633574.250,55171,4,EM,1,100,RS
1738265362.549635,1633624.500,55171,4,EM,1,100,RB
1738265362.602986,1633674.750,55171,4,EM,1,100,2025-01-30_12-28-31-797037.csv
1738265362.656337,1633725.000,55171,4,EM,1,100,PS
1738265362.709954,1633775.500,55203,4,EM,1,100,RS
1738265362.763571,1633826.000,55203,4,EM,1,100,RB
1738265362.817187,1633876.500,55203,4,EM,1,100,2025-01-30_12-28-31-797037.csv
1738265362.870804,1633927.000,55203,4,EM,1,100,PS
1738265362.924155,1633977.250,55233,4,EM,1,100,RS
1738265362.977506,1634027.500,55233,4,EM,1,100,RB
1738265363.030857,1634077.750,55233,4,EM,1,100,2025-01-30_12-28-31-797037.csv
1738265363.084208,1634128.000,55233,4,EM,1,100,PS
1738265363.137560,1634178.250,55265,4,EM,1,100,RS
1738265363.190911,1634228.500,55265,4,EM,1,100,RB
1738265363.244262,1634278.750,55265,4,EM,1,100,2025-01-30_12-28-31-797037.csv
1738265363.297613,1634329.000,55265,4,EM,1,100,PS
1738265363.350965,1634379.250,55298,4,EM,1,100,RS
1738265363.404316,1634429.500,55298,4,EM,1,100,RB
1738265363.457667,1634479.750,55298,4,EM,1,100,2025-01-30_12-28-31-797037.csv
1738265363.511018,1634530.000,55298,4,EM,1,100,PS
1738265363.564369,1634580.250,55329,4,EM,1,100,RS
1738265363.617721,1634630.500,55329,4,EM,1,100,RB
1738265363.671072,1634680.750,55329,4,EM,1,100,2025-01-30_12-28-31-797037.csv
1738265363.724423,1634731.000,55329,4,EM,1,100,PS
1738265363.778836,1634782.250,55361,4,EM,1,100,RS
1738265363.833249,1634833.500,55361,4,EM,1,100,RB
1738265363.887662,1634884.750,55361,4,EM,1,100,2025-01-30_12-28-31-797037.csv
1738265363.942075,1634936.000,55361,4,EM,1,100,PS
1738265363.995160,1634986.000,55391,4,EM,1,100,RS
1738265364.048246,1635036.000,55391,4,EM,1,100,RB
1738265364.101332,1635086.000,55391,4,EM,1,100,2025-01-30_12-28-31-797037.csv
1738265364.154418,1635136.000,55391,4,EM,1,100,PS
1738265364.207769,1635186.250,55423,4,EM,1,100,RS
1738265364.261120,1635236.500,55423,4,EM,1,100,RB
1738265364.314471,1635286.750,55423,4,EM,1,100,2025-01-30_12-28-31-797037.csv
1738265364.367822,1635337.000,55423,4,EM,1,100,PS
1738265364.421174,1635387.250,55454,4,EM,1,100,RS
1738265364.474525,1635437.500,55454,4,EM,1,100,RB
1738265364.527876,1635487.750,55454,4,EM,1,100,2025-01-30_12-28-31-797037.csv
1738265364.581227,1635538.000,55454,4,EM,1,100,PS
1738265364.634578,1635588.250,55485,4,EM,1,100,RS
1738265364.687930,1635638.500,55485,4,EM,1,100,RB
1738265364.741281,1635688.750,55485,4,EM,1,100,2025-01-30_12-28-31-797037.csv
1738265364.794632,1635739.000,55485,4,EM,1,100,PS
1738265364.847983,1635789.250,55516,4,EM,1,100,RS
1738265364.901334,1635839.500,55516,4,EM,1,100,RB
1738265364.954685,1635889.750,55516,4,EM,1,100,2025-01-30_12-28-31-797037.csv
1738265365.008037,1635940.000,55516,4,EM,1,100,PS
1738265365.061388,1635990.250,55548,4,EM,1,100,RS
1738265365.114739,1636040.500,55548,4,EM,1,100,RB
1738265365.168090,1636090.750,55548,4,EM,1,100,2025-01-30_12-28-31-797037.csv
1738265365.221442,1636141.000,55548,4,EM,1,100,PS
