LocalTimestamp,EmotiBitTimestamp,PacketNumber,DataLength,TypeTag,ProtocolVersion,DataReliability,EA
1738265309.443165,1583605.000,47435,2,EA,1,100,0.153334
1738265309.443165,1583605.000,47435,2,EA,1,100,0.153327
1738265309.513238,1583671.000,47451,1,EA,1,100,0.153313
1738265309.584373,1583738.000,47467,2,EA,1,100,0.153297
1738265309.655508,1583805.000,47467,2,EA,1,100,0.153280
1738265309.725582,1583871.000,47483,1,EA,1,100,0.153280
1738265309.796716,1583938.000,47497,2,EA,1,100,0.153270
1738265309.867851,1584005.000,47497,2,EA,1,100,0.153233
1738265309.937925,1584071.000,47514,1,EA,1,100,0.153209
1738265310.009060,1584138.000,47529,2,EA,1,100,0.153192
1738265310.080194,1584205.000,47529,2,EA,1,100,0.153179
1738265310.150268,1584271.000,47545,1,EA,1,100,0.153165
1738265310.221403,1584338.000,47562,2,EA,1,100,0.153185
1738265310.292537,1584405.000,47562,2,EA,1,100,0.153202
1738265310.362611,1584471.000,47580,1,EA,1,100,0.153212
1738265310.433746,1584538.000,47595,2,EA,1,100,0.153192
1738265310.504881,1584605.000,47595,2,EA,1,100,0.153175
1738265310.574954,1584671.000,47611,1,EA,1,100,0.153175
1738265310.646089,1584738.000,47626,2,EA,1,100,0.153158
1738265310.717224,1584805.000,47626,2,EA,1,100,0.153148
1738265310.787297,1584871.000,47642,1,EA,1,100,0.153158
1738265310.858432,1584938.000,47657,2,EA,1,100,0.153152
1738265310.929567,1585005.000,47657,2,EA,1,100,0.153165
1738265310.999640,1585071.000,47676,1,EA,1,100,0.153162
1738265311.070775,1585138.000,47691,2,EA,1,100,0.153155
1738265311.141910,1585205.000,47691,2,EA,1,100,0.153145
1738265311.212514,1585271.500,47711,2,EA,1,100,0.153128
1738265311.283118,1585338.000,47711,2,EA,1,100,0.153125
1738265311.353722,1585404.500,47727,2,EA,1,100,0.153115
1738265311.424326,1585471.000,47727,2,EA,1,100,0.153095
1738265311.495461,1585538.000,47745,1,EA,1,100,0.153074
1738265311.566065,1585604.500,47760,2,EA,1,100,0.153074
1738265311.636669,1585671.000,47760,2,EA,1,100,0.153054
1738265311.707804,1585738.000,47777,1,EA,1,100,0.153044
1738265311.778408,1585804.500,47791,2,EA,1,100,0.153044
1738265311.849012,1585871.000,47791,2,EA,1,100,0.153044
1738265311.920147,1585938.000,47807,1,EA,1,100,0.153044
1738265311.990751,1586004.500,47823,2,EA,1,100,0.153011
1738265312.061355,1586071.000,47823,2,EA,1,100,0.153011
1738265312.132490,1586138.000,47839,1,EA,1,100,0.153011
1738265312.203094,1586204.500,47853,2,EA,1,100,0.152970
1738265312.273698,1586271.000,47853,2,EA,1,100,0.152967
1738265312.344833,1586338.000,47869,1,EA,1,100,0.152994
1738265312.415437,1586404.500,47885,2,EA,1,100,0.152984
1738265312.486041,1586471.000,47885,2,EA,1,100,0.152984
1738265312.557176,1586538.000,47901,1,EA,1,100,0.152967
1738265312.627780,1586604.500,47918,2,EA,1,100,0.152950
1738265312.698385,1586671.000,47918,2,EA,1,100,0.152954
1738265312.768989,1586737.500,47934,2,EA,1,100,0.152960
1738265312.839593,1586804.000,47934,2,EA,1,100,0.152944
1738265312.910728,1586871.000,47949,1,EA,1,100,0.152940
1738265312.981332,1586937.500,47965,2,EA,1,100,0.152927
1738265313.051936,1587004.000,47965,2,EA,1,100,0.152917
1738265313.123071,1587071.000,47981,1,EA,1,100,0.152910
1738265313.193675,1587137.500,47996,2,EA,1,100,0.152927
1738265313.264279,1587204.000,47996,2,EA,1,100,0.152917
1738265313.335414,1587271.000,48011,1,EA,1,100,0.152917
1738265313.406018,1587337.500,48028,2,EA,1,100,0.152910
1738265313.476622,1587404.000,48028,2,EA,1,100,0.152907
1738265313.547757,1587471.000,48043,1,EA,1,100,0.152907
1738265313.618361,1587537.500,48058,2,EA,1,100,0.152893
1738265313.688965,1587604.000,48058,2,EA,1,100,0.152876
1738265313.760100,1587671.000,48073,1,EA,1,100,0.152876
1738265313.830704,1587737.500,48090,2,EA,1,100,0.152876
1738265313.901308,1587804.000,48090,2,EA,1,100,0.152863
1738265313.972443,1587871.000,48105,1,EA,1,100,0.152856
1738265314.043047,1587937.500,48120,2,EA,1,100,0.152870
1738265314.113651,1588004.000,48120,2,EA,1,100,0.152876
1738265314.184786,1588071.000,48136,1,EA,1,100,0.152856
1738265314.255390,1588137.500,48152,2,EA,1,100,0.152843
1738265314.325994,1588204.000,48152,2,EA,1,100,0.152846
1738265314.397129,1588271.000,48167,1,EA,1,100,0.152853
1738265314.467733,1588337.500,48183,2,EA,1,100,0.152836
1738265314.538337,1588404.000,48183,2,EA,1,100,0.152870
1738265314.609472,1588471.000,48198,1,EA,1,100,0.152890
1738265314.680076,1588537.500,48214,2,EA,1,100,0.152860
1738265314.750680,1588604.000,48214,2,EA,1,100,0.152850
1738265314.821815,1588671.000,48229,1,EA,1,100,0.152860
1738265314.892419,1588737.500,48246,2,EA,1,100,0.152870
1738265314.963023,1588804.000,48246,2,EA,1,100,0.152890
1738265315.033627,1588870.500,48260,2,EA,1,100,0.152907
1738265315.104231,1588937.000,48260,2,EA,1,100,0.152903
1738265315.175366,1589004.000,48276,1,EA,1,100,0.152897
1738265315.245970,1589070.500,48292,2,EA,1,100,0.152876
1738265315.316575,1589137.000,48292,2,EA,1,100,0.152890
1738265315.387709,1589204.000,48308,1,EA,1,100,0.152897
1738265315.458313,1589270.500,48322,2,EA,1,100,0.152910
1738265315.528918,1589337.000,48322,2,EA,1,100,0.152900
1738265315.600052,1589404.000,48339,1,EA,1,100,0.152900
1738265315.670656,1589470.500,48356,2,EA,1,100,0.152893
1738265315.741261,1589537.000,48356,2,EA,1,100,0.152880
1738265315.812396,1589604.000,48372,1,EA,1,100,0.152873
1738265315.883000,1589670.500,48387,2,EA,1,100,0.152890
1738265315.953604,1589737.000,48387,2,EA,1,100,0.152890
1738265316.024739,1589804.000,48403,1,EA,1,100,0.152883
1738265316.095343,1589870.500,48418,2,EA,1,100,0.152897
1738265316.165947,1589937.000,48418,2,EA,1,100,0.152876
1738265316.237082,1590004.000,48434,1,EA,1,100,0.152866
1738265316.307686,1590070.500,48449,2,EA,1,100,0.152860
1738265316.378290,1590137.000,48449,2,EA,1,100,0.152836
1738265316.449425,1590204.000,48465,1,EA,1,100,0.152836
1738265316.520029,1590270.500,48480,2,EA,1,100,0.152836
1738265316.590633,1590337.000,48480,2,EA,1,100,0.152833
1738265316.661768,1590404.000,48502,2,EA,1,100,0.152826
1738265316.732903,1590471.000,48502,2,EA,1,100,0.152799
1738265316.803507,1590537.500,48517,2,EA,1,100,0.152803
1738265316.874111,1590604.000,48517,2,EA,1,100,0.152803
1738265316.945246,1590671.000,48533,1,EA,1,100,0.152816
1738265317.015850,1590737.500,48548,2,EA,1,100,0.152786
1738265317.086454,1590804.000,48548,2,EA,1,100,0.152756
1738265317.157589,1590871.000,48564,1,EA,1,100,0.152776
1738265317.228193,1590937.500,48579,2,EA,1,100,0.152783
1738265317.298797,1591004.000,48579,2,EA,1,100,0.152753
1738265317.369932,1591071.000,48596,1,EA,1,100,0.152729
1738265317.440536,1591137.500,48610,2,EA,1,100,0.152722
1738265317.511140,1591204.000,48610,2,EA,1,100,0.152696
1738265317.582275,1591271.000,48626,1,EA,1,100,0.152706
1738265317.652879,1591337.500,48642,2,EA,1,100,0.152712
1738265317.723483,1591404.000,48642,2,EA,1,100,0.152689
1738265317.794618,1591471.000,48658,1,EA,1,100,0.152676
1738265317.865222,1591537.500,48672,2,EA,1,100,0.152702
1738265317.935826,1591604.000,48672,2,EA,1,100,0.152689
1738265318.006961,1591671.000,48688,1,EA,1,100,0.152676
1738265318.077565,1591737.500,48704,2,EA,1,100,0.152682
1738265318.148169,1591804.000,48704,2,EA,1,100,0.152676
1738265318.219304,1591871.000,48720,1,EA,1,100,0.152672
1738265318.289908,1591937.500,48734,2,EA,1,100,0.152682
1738265318.360512,1592004.000,48734,2,EA,1,100,0.152676
1738265318.431647,1592071.000,48751,1,EA,1,100,0.152649
1738265318.502251,1592137.500,48766,2,EA,1,100,0.152656
1738265318.572855,1592204.000,48766,2,EA,1,100,0.152662
1738265318.642929,1592270.000,48782,1,EA,1,100,0.152652
1738265318.714063,1592337.000,48798,2,EA,1,100,0.152632
1738265318.785198,1592404.000,48798,2,EA,1,100,0.152652
1738265318.855803,1592470.500,48813,2,EA,1,100,0.152692
1738265318.926407,1592537.000,48813,2,EA,1,100,0.152699
1738265318.997541,1592604.000,48828,1,EA,1,100,0.152689
1738265319.068146,1592670.500,48845,2,EA,1,100,0.152652
1738265319.138750,1592737.000,48845,2,EA,1,100,0.152609
1738265319.209885,1592804.000,48860,1,EA,1,100,0.152599
1738265319.280489,1592870.500,48875,2,EA,1,100,0.152585
1738265319.351093,1592937.000,48875,2,EA,1,100,0.152575
1738265319.422228,1593004.000,48890,1,EA,1,100,0.152602
1738265319.492832,1593070.500,48907,2,EA,1,100,0.152595
1738265319.563436,1593137.000,48907,2,EA,1,100,0.152592
1738265319.634571,1593204.000,48922,1,EA,1,100,0.152582
1738265319.705175,1593270.500,48937,2,EA,1,100,0.152559
1738265319.775779,1593337.000,48937,2,EA,1,100,0.152552
1738265319.846914,1593404.000,48953,1,EA,1,100,0.152559
1738265319.917518,1593470.500,48969,2,EA,1,100,0.152539
1738265319.988122,1593537.000,48969,2,EA,1,100,0.152529
1738265320.059257,1593604.000,48984,1,EA,1,100,0.152529
1738265320.129861,1593670.500,49000,2,EA,1,100,0.152519
1738265320.200465,1593737.000,49000,2,EA,1,100,0.152479
1738265320.271600,1593804.000,49015,1,EA,1,100,0.152442
1738265320.342204,1593870.500,49031,2,EA,1,100,0.152455
1738265320.412808,1593937.000,49031,2,EA,1,100,0.152425
1738265320.483943,1594004.000,49046,1,EA,1,100,0.152405
1738265320.554547,1594070.500,49062,2,EA,1,100,0.152412
1738265320.625151,1594137.000,49062,2,EA,1,100,0.152409
1738265320.696286,1594204.000,49077,1,EA,1,100,0.152419
1738265320.766890,1594270.500,49093,2,EA,1,100,0.152409
1738265320.837494,1594337.000,49093,2,EA,1,100,0.152399
1738265320.908629,1594404.000,49109,1,EA,1,100,0.152379
1738265320.979233,1594470.500,49127,2,EA,1,100,0.152335
1738265321.049837,1594537.000,49127,2,EA,1,100,0.152325
1738265321.120972,1594604.000,49141,1,EA,1,100,0.152352
1738265321.191576,1594670.500,49158,2,EA,1,100,0.152315
1738265321.262180,1594737.000,49158,2,EA,1,100,0.152289
1738265321.332784,1594803.500,49173,2,EA,1,100,0.152259
1738265321.403389,1594870.000,49173,2,EA,1,100,0.152246
1738265321.474523,1594937.000,49189,1,EA,1,100,0.152219
1738265321.545127,1595003.500,49204,2,EA,1,100,0.152196
1738265321.615731,1595070.000,49204,2,EA,1,100,0.152192
1738265321.686867,1595137.000,49220,1,EA,1,100,0.152169
1738265321.757470,1595203.500,49235,2,EA,1,100,0.152159
1738265321.828074,1595270.000,49235,2,EA,1,100,0.152153
1738265321.899209,1595337.000,49251,1,EA,1,100,0.152146
1738265321.969814,1595403.500,49266,2,EA,1,100,0.152103
1738265322.040418,1595470.000,49266,2,EA,1,100,0.152096
1738265322.111022,1595536.500,49287,2,EA,1,100,0.152110
1738265322.181626,1595603.000,49287,2,EA,1,100,0.152110
1738265322.252761,1595670.000,49303,2,EA,1,100,0.152080
1738265322.323896,1595737.000,49303,2,EA,1,100,0.152050
1738265322.395030,1595804.000,49319,1,EA,1,100,0.152013
1738265322.465635,1595870.500,49334,2,EA,1,100,0.151990
1738265322.536239,1595937.000,49334,2,EA,1,100,0.152000
1738265322.606312,1596003.000,49350,1,EA,1,100,0.151984
1738265322.677447,1596070.000,49365,2,EA,1,100,0.151950
1738265322.748582,1596137.000,49365,2,EA,1,100,0.151954
1738265322.819717,1596204.000,49381,1,EA,1,100,0.151937
1738265322.890321,1596270.500,49396,2,EA,1,100,0.151921
1738265322.960925,1596337.000,49396,2,EA,1,100,0.151891
1738265323.030998,1596403.000,49413,1,EA,1,100,0.151874
1738265323.102133,1596470.000,49427,2,EA,1,100,0.151858
1738265323.173268,1596537.000,49427,2,EA,1,100,0.151838
1738265323.243341,1596603.000,49443,1,EA,1,100,0.151825
1738265323.314476,1596670.000,49459,2,EA,1,100,0.151821
1738265323.385611,1596737.000,49459,2,EA,1,100,0.151808
1738265323.455684,1596803.000,49475,1,EA,1,100,0.151795
1738265323.526819,1596870.000,49489,2,EA,1,100,0.151772
1738265323.597954,1596937.000,49489,2,EA,1,100,0.151752
1738265323.668027,1597003.000,49505,1,EA,1,100,0.151732
1738265323.739162,1597070.000,49521,2,EA,1,100,0.151709
1738265323.810297,1597137.000,49521,2,EA,1,100,0.151696
1738265323.880370,1597203.000,49537,1,EA,1,100,0.151696
1738265323.951505,1597270.000,49552,2,EA,1,100,0.151670
1738265324.022640,1597337.000,49552,2,EA,1,100,0.151670
1738265324.093244,1597403.500,49568,2,EA,1,100,0.151686
1738265324.163848,1597470.000,49568,2,EA,1,100,0.151650
1738265324.234983,1597537.000,49583,1,EA,1,100,0.151637
1738265324.305587,1597603.500,49599,2,EA,1,100,0.151610
1738265324.376191,1597670.000,49599,2,EA,1,100,0.151604
1738265324.447326,1597737.000,49615,1,EA,1,100,0.151607
1738265324.517930,1597803.500,49630,2,EA,1,100,0.151607
1738265324.588534,1597870.000,49630,2,EA,1,100,0.151574
1738265324.659669,1597937.000,49645,1,EA,1,100,0.151554
1738265324.730273,1598003.500,49662,2,EA,1,100,0.151544
1738265324.800877,1598070.000,49662,2,EA,1,100,0.151505
1738265324.872012,1598137.000,49677,1,EA,1,100,0.151449
1738265324.942616,1598203.500,49692,2,EA,1,100,0.151426
1738265325.013221,1598270.000,49692,2,EA,1,100,0.151380
1738265325.084355,1598337.000,49707,1,EA,1,100,0.151334
1738265325.154959,1598403.500,49724,2,EA,1,100,0.151331
1738265325.225564,1598470.000,49724,2,EA,1,100,0.151294
1738265325.296699,1598537.000,49739,1,EA,1,100,0.151275
1738265325.367303,1598603.500,49754,2,EA,1,100,0.151275
1738265325.437907,1598670.000,49754,2,EA,1,100,0.151301
1738265325.509042,1598737.000,49770,1,EA,1,100,0.151334
1738265325.579646,1598803.500,49786,2,EA,1,100,0.151334
1738265325.650250,1598870.000,49786,2,EA,1,100,0.151258
1738265325.721385,1598937.000,49801,1,EA,1,100,0.151176
1738265325.791989,1599003.500,49817,2,EA,1,100,0.151462
1738265325.862593,1599070.000,49817,2,EA,1,100,0.151584
1738265325.933728,1599137.000,49832,1,EA,1,100,0.151442
1738265326.004332,1599203.500,49848,2,EA,1,100,0.151940
1738265326.074936,1599270.000,49848,2,EA,1,100,0.151534
1738265326.146071,1599337.000,49863,1,EA,1,100,0.150699
1738265326.216675,1599403.500,49882,2,EA,1,100,0.149466
1738265326.287279,1599470.000,49882,2,EA,1,100,0.147856
1738265326.357883,1599536.500,49896,2,EA,1,100,0.145078
1738265326.428487,1599603.000,49896,2,EA,1,100,0.142290
1738265326.499622,1599670.000,49912,1,EA,1,100,0.141009
1738265326.570226,1599736.500,49928,2,EA,1,100,0.140125
1738265326.640830,1599803.000,49928,2,EA,1,100,0.139244
1738265326.711965,1599870.000,49944,1,EA,1,100,0.138627
1738265326.782569,1599936.500,49958,2,EA,1,100,0.138121
1738265326.853173,1600003.000,49958,2,EA,1,100,0.137865
1738265326.924308,1600070.000,49975,1,EA,1,100,0.137846
1738265326.994912,1600136.500,49990,2,EA,1,100,0.137595
1738265327.065516,1600203.000,49990,2,EA,1,100,0.137292
1738265327.136651,1600270.000,50006,1,EA,1,100,0.137063
1738265327.207255,1600336.500,50021,2,EA,1,100,0.136853
1738265327.277859,1600403.000,50021,2,EA,1,100,0.136604
1738265327.348994,1600470.000,50037,1,EA,1,100,0.136355
1738265327.419598,1600536.500,50052,2,EA,1,100,0.136065
1738265327.490202,1600603.000,50052,2,EA,1,100,0.135695
1738265327.560807,1600669.500,50074,2,EA,1,100,0.135423
1738265327.631411,1600736.000,50074,2,EA,1,100,0.135271
1738265327.702545,1600803.000,50089,2,EA,1,100,0.135426
1738265327.773680,1600870.000,50089,2,EA,1,100,0.135964
1738265327.843754,1600936.000,50105,1,EA,1,100,0.136203
1738265327.914888,1601003.000,50120,2,EA,1,100,0.136150
1738265327.986023,1601070.000,50120,2,EA,1,100,0.136105
1738265328.056097,1601136.000,50136,1,EA,1,100,0.136118
1738265328.127232,1601203.000,50153,2,EA,1,100,0.136174
1738265328.198366,1601270.000,50153,2,EA,1,100,0.136214
1738265328.268440,1601336.000,50169,1,EA,1,100,0.136158
1738265328.339575,1601403.000,50184,2,EA,1,100,0.136071
1738265328.410710,1601470.000,50184,2,EA,1,100,0.136049
1738265328.480783,1601536.000,50200,1,EA,1,100,0.136169
1738265328.551918,1601603.000,50215,2,EA,1,100,0.136233
1738265328.623053,1601670.000,50215,2,EA,1,100,0.136302
1738265328.693126,1601736.000,50232,1,EA,1,100,0.136590
1738265328.763730,1601802.500,50248,2,EA,1,100,0.136791
1738265328.834334,1601869.000,50248,2,EA,1,100,0.137060
1738265328.905469,1601936.000,50264,1,EA,1,100,0.137146
1738265328.976073,1602002.500,50280,2,EA,1,100,0.137214
1738265329.046677,1602069.000,50280,2,EA,1,100,0.137498
1738265329.117812,1602136.000,50296,1,EA,1,100,0.137666
1738265329.188947,1602203.000,50310,2,EA,1,100,0.137552
1738265329.260082,1602270.000,50310,2,EA,1,100,0.137514
1738265329.330155,1602336.000,50326,1,EA,1,100,0.137487
1738265329.400759,1602402.500,50342,2,EA,1,100,0.137465
1738265329.471363,1602469.000,50342,2,EA,1,100,0.137435
1738265329.542498,1602536.000,50358,1,EA,1,100,0.137408
1738265329.613102,1602602.500,50373,2,EA,1,100,0.137335
1738265329.683706,1602669.000,50373,2,EA,1,100,0.137214
1738265329.754841,1602736.000,50389,1,EA,1,100,0.137246
1738265329.825445,1602802.500,50404,2,EA,1,100,0.137343
1738265329.896049,1602869.000,50404,2,EA,1,100,0.137384
1738265329.967184,1602936.000,50420,2,EA,1,100,0.137427
1738265330.038319,1603003.000,50420,2,EA,1,100,0.137441
1738265330.108392,1603069.000,50436,1,EA,1,100,0.137471
1738265330.179527,1603136.000,50451,2,EA,1,100,0.137525
1738265330.250662,1603203.000,50451,2,EA,1,100,0.137560
1738265330.320735,1603269.000,50466,1,EA,1,100,0.137563
1738265330.391870,1603336.000,50483,2,EA,1,100,0.137587
1738265330.463005,1603403.000,50483,2,EA,1,100,0.137601
1738265330.533078,1603469.000,50498,1,EA,1,100,0.137650
1738265330.604213,1603536.000,50513,2,EA,1,100,0.137739
1738265330.675348,1603603.000,50513,2,EA,1,100,0.137829
1738265330.745422,1603669.000,50528,1,EA,1,100,0.137889
1738265330.816556,1603736.000,50545,2,EA,1,100,0.137927
1738265330.887691,1603803.000,50545,2,EA,1,100,0.137963
1738265330.957765,1603869.000,50560,1,EA,1,100,0.138018
1738265331.028899,1603936.000,50575,2,EA,1,100,0.138069
1738265331.100034,1604003.000,50575,2,EA,1,100,0.138124
1738265331.170108,1604069.000,50591,1,EA,1,100,0.138165
1738265331.241243,1604136.000,50609,2,EA,1,100,0.138160
1738265331.312377,1604203.000,50609,2,EA,1,100,0.138190
1738265331.382451,1604269.000,50624,1,EA,1,100,0.138209
1738265331.453586,1604336.000,50640,2,EA,1,100,0.138267
1738265331.524721,1604403.000,50640,2,EA,1,100,0.138310
1738265331.594794,1604469.000,50659,1,EA,1,100,0.138294
1738265331.665929,1604536.000,50675,2,EA,1,100,0.138247
1738265331.737064,1604603.000,50675,2,EA,1,100,0.138256
1738265331.807137,1604669.000,50690,1,EA,1,100,0.138258
1738265331.878272,1604736.000,50707,2,EA,1,100,0.138256
1738265331.949407,1604803.000,50707,2,EA,1,100,0.138280
1738265332.019480,1604869.000,50721,1,EA,1,100,0.138310
1738265332.090615,1604936.000,50737,2,EA,1,100,0.138341
1738265332.161750,1605003.000,50737,2,EA,1,100,0.138376
1738265332.232354,1605069.500,50753,2,EA,1,100,0.138401
1738265332.302958,1605136.000,50753,2,EA,1,100,0.138431
1738265332.374093,1605203.000,50771,1,EA,1,100,0.138445
1738265332.444697,1605269.500,50785,2,EA,1,100,0.138459
1738265332.515301,1605336.000,50785,2,EA,1,100,0.138426
1738265332.586436,1605403.000,50802,1,EA,1,100,0.138401
1738265332.657040,1605469.500,50817,2,EA,1,100,0.138393
1738265332.727644,1605536.000,50817,2,EA,1,100,0.138349
1738265332.798779,1605603.000,50833,1,EA,1,100,0.138330
1738265332.869383,1605669.500,50848,2,EA,1,100,0.138354
1738265332.939987,1605736.000,50848,2,EA,1,100,0.138382
1738265333.010591,1605802.500,50871,2,EA,1,100,0.138387
1738265333.081195,1605869.000,50871,2,EA,1,100,0.138423
1738265333.151799,1605935.500,50888,2,EA,1,100,0.138431
1738265333.222403,1606002.000,50888,2,EA,1,100,0.138434
1738265333.293538,1606069.000,50905,1,EA,1,100,0.138462
1738265333.364142,1606135.500,50920,2,EA,1,100,0.138486
1738265333.434747,1606202.000,50920,2,EA,1,100,0.138533
1738265333.505881,1606269.000,50936,1,EA,1,100,0.138552
1738265333.576485,1606335.500,50951,2,EA,1,100,0.138585
1738265333.647089,1606402.000,50951,2,EA,1,100,0.138610
1738265333.718225,1606469.000,50967,1,EA,1,100,0.138643
1738265333.788829,1606535.500,50982,2,EA,1,100,0.138665
1738265333.859433,1606602.000,50982,2,EA,1,100,0.138696
1738265333.930568,1606669.000,50998,1,EA,1,100,0.138720
1738265334.001172,1606735.500,51013,2,EA,1,100,0.138773
1738265334.071776,1606802.000,51013,2,EA,1,100,0.138792
1738265334.142910,1606869.000,51031,2,EA,1,100,0.138751
1738265334.214046,1606936.000,51031,2,EA,1,100,0.138928
1738265334.284119,1607002.000,51045,1,EA,1,100,0.139019
1738265334.355254,1607069.000,51062,2,EA,1,100,0.139063
1738265334.426389,1607136.000,51062,2,EA,1,100,0.139102
1738265334.496462,1607202.000,51077,1,EA,1,100,0.139155
1738265334.567597,1607269.000,51093,2,EA,1,100,0.139194
1738265334.638732,1607336.000,51093,2,EA,1,100,0.139244
1738265334.709336,1607402.500,51108,2,EA,1,100,0.139313
1738265334.779940,1607469.000,51108,2,EA,1,100,0.139355
1738265334.851075,1607536.000,51124,1,EA,1,100,0.139414
1738265334.921679,1607602.500,51139,2,EA,1,100,0.139478
1738265334.992283,1607669.000,51139,2,EA,1,100,0.139601
1738265335.063418,1607736.000,51156,1,EA,1,100,0.139721
1738265335.134022,1607802.500,51170,2,EA,1,100,0.139819
1738265335.204626,1607869.000,51170,2,EA,1,100,0.139979
1738265335.275761,1607936.000,51186,1,EA,1,100,0.140134
1738265335.346365,1608002.500,51202,2,EA,1,100,0.140218
1738265335.416969,1608069.000,51202,2,EA,1,100,0.140297
1738265335.488104,1608136.000,51218,1,EA,1,100,0.140362
1738265335.558708,1608202.500,51234,2,EA,1,100,0.140433
1738265335.629312,1608269.000,51234,2,EA,1,100,0.140447
1738265335.700447,1608336.000,51250,1,EA,1,100,0.140464
1738265335.771051,1608402.500,51266,2,EA,1,100,0.140484
1738265335.841655,1608469.000,51266,2,EA,1,100,0.140515
1738265335.912790,1608536.000,51282,1,EA,1,100,0.140532
1738265335.983394,1608602.500,51296,2,EA,1,100,0.140532
1738265336.053998,1608669.000,51296,2,EA,1,100,0.140552
1738265336.125133,1608736.000,51313,1,EA,1,100,0.140574
1738265336.195737,1608802.500,51328,2,EA,1,100,0.140577
1738265336.266341,1608869.000,51328,2,EA,1,100,0.140580
1738265336.337476,1608936.000,51344,1,EA,1,100,0.140557
1738265336.408080,1609002.500,51359,2,EA,1,100,0.140509
1738265336.478684,1609069.000,51359,2,EA,1,100,0.140518
1738265336.549819,1609136.000,51375,1,EA,1,100,0.140546
1738265336.620423,1609202.500,51390,2,EA,1,100,0.140523
1738265336.691027,1609269.000,51390,2,EA,1,100,0.140518
1738265336.762162,1609336.000,51406,1,EA,1,100,0.140521
1738265336.832766,1609402.500,51424,2,EA,1,100,0.140504
1738265336.903370,1609469.000,51424,2,EA,1,100,0.140512
1738265336.973974,1609535.500,51439,2,EA,1,100,0.140523
1738265337.044579,1609602.000,51439,2,EA,1,100,0.140521
1738265337.115713,1609669.000,51454,1,EA,1,100,0.140523
1738265337.186317,1609735.500,51471,2,EA,1,100,0.140555
1738265337.256922,1609802.000,51471,2,EA,1,100,0.140549
1738265337.328057,1609869.000,51488,1,EA,1,100,0.140549
1738265337.398661,1609935.500,51503,2,EA,1,100,0.140543
1738265337.469265,1610002.000,51503,2,EA,1,100,0.140574
1738265337.540400,1610069.000,51519,1,EA,1,100,0.140594
1738265337.611004,1610135.500,51535,2,EA,1,100,0.140600
1738265337.681608,1610202.000,51535,2,EA,1,100,0.140640
1738265337.752743,1610269.000,51550,1,EA,1,100,0.140671
1738265337.823347,1610335.500,51569,2,EA,1,100,0.140662
1738265337.893951,1610402.000,51569,2,EA,1,100,0.140711
1738265337.965086,1610469.000,51583,1,EA,1,100,0.140824
1738265338.035690,1610535.500,51599,2,EA,1,100,0.140967
1738265338.106294,1610602.000,51599,2,EA,1,100,0.141078
1738265338.176898,1610668.500,51617,2,EA,1,100,0.141126
1738265338.247502,1610735.000,51617,2,EA,1,100,0.141066
1738265338.318637,1610802.000,51633,1,EA,1,100,0.141026
1738265338.389418,1610868.667,51653,3,EA,1,100,0.141032
1738265338.460199,1610935.333,51653,3,EA,1,100,0.141026
1738265338.530980,1611002.000,51653,3,EA,1,100,0.141035
1738265338.602115,1611069.000,51669,1,EA,1,100,0.141035
1738265338.672719,1611135.500,51684,2,EA,1,100,0.141063
1738265338.743323,1611202.000,51684,2,EA,1,100,0.141083
1738265338.814458,1611269.000,51699,1,EA,1,100,0.141103
1738265338.885062,1611335.500,51716,2,EA,1,100,0.141092
1738265338.955666,1611402.000,51716,2,EA,1,100,0.141109
1738265339.026801,1611469.000,51731,1,EA,1,100,0.141121
1738265339.097405,1611535.500,51746,2,EA,1,100,0.141109
1738265339.168009,1611602.000,51746,2,EA,1,100,0.141095
1738265339.239144,1611669.000,51761,1,EA,1,100,0.141098
1738265339.309748,1611735.500,51778,2,EA,1,100,0.141118
1738265339.380352,1611802.000,51778,2,EA,1,100,0.141123
1738265339.451487,1611869.000,51793,1,EA,1,100,0.141138
1738265339.522091,1611935.500,51808,2,EA,1,100,0.141118
1738265339.592695,1612002.000,51808,2,EA,1,100,0.141098
1738265339.663830,1612069.000,51826,1,EA,1,100,0.141089
1738265339.734434,1612135.500,51842,2,EA,1,100,0.141098
1738265339.805038,1612202.000,51842,2,EA,1,100,0.141092
1738265339.876173,1612269.000,51857,1,EA,1,100,0.141118
1738265339.946777,1612335.500,51874,2,EA,1,100,0.141166
1738265340.017381,1612402.000,51874,2,EA,1,100,0.141201
1738265340.087455,1612468.000,51888,1,EA,1,100,0.141241
1738265340.158590,1612535.000,51904,2,EA,1,100,0.141255
1738265340.229724,1612602.000,51904,2,EA,1,100,0.141292
1738265340.300328,1612668.500,51920,2,EA,1,100,0.141341
1738265340.370933,1612735.000,51920,2,EA,1,100,0.141427
1738265340.442068,1612802.000,51936,1,EA,1,100,0.141476
1738265340.512672,1612868.500,51950,2,EA,1,100,0.141507
1738265340.583276,1612935.000,51950,2,EA,1,100,0.141573
1738265340.654411,1613002.000,51966,1,EA,1,100,0.141622
1738265340.725015,1613068.500,51982,2,EA,1,100,0.141665
1738265340.795619,1613135.000,51982,2,EA,1,100,0.141734
1738265340.866754,1613202.000,51998,1,EA,1,100,0.141786
1738265340.937358,1613268.500,52012,2,EA,1,100,0.141841
1738265341.007962,1613335.000,52012,2,EA,1,100,0.141907
1738265341.079097,1613402.000,52029,1,EA,1,100,0.141971
1738265341.149701,1613468.500,52046,2,EA,1,100,0.141988
1738265341.220305,1613535.000,52046,2,EA,1,100,0.142058
1738265341.291440,1613602.000,52062,1,EA,1,100,0.142124
1738265341.362044,1613668.500,52077,2,EA,1,100,0.142153
1738265341.432648,1613735.000,52077,2,EA,1,100,0.142205
1738265341.503783,1613802.000,52093,1,EA,1,100,0.142258
1738265341.574387,1613868.500,52108,2,EA,1,100,0.142313
1738265341.644991,1613935.000,52108,2,EA,1,100,0.142351
1738265341.716126,1614002.000,52126,1,EA,1,100,0.142380
1738265341.786730,1614068.500,52141,2,EA,1,100,0.142391
1738265341.857334,1614135.000,52141,2,EA,1,100,0.142452
1738265341.928469,1614202.000,52157,1,EA,1,100,0.142516
1738265341.999073,1614268.500,52172,2,EA,1,100,0.142537
1738265342.069677,1614335.000,52172,2,EA,1,100,0.142566
1738265342.140812,1614402.000,52189,1,EA,1,100,0.142595
1738265342.211416,1614468.500,52207,2,EA,1,100,0.142595
1738265342.282020,1614535.000,52207,2,EA,1,100,0.142601
1738265342.353155,1614602.000,52223,1,EA,1,100,0.142648
1738265342.423759,1614668.500,52239,2,EA,1,100,0.142656
1738265342.494363,1614735.000,52239,2,EA,1,100,0.142653
1738265342.565498,1614802.000,52255,1,EA,1,100,0.142653
1738265342.636102,1614868.500,52270,2,EA,1,100,0.142671
1738265342.706706,1614935.000,52270,2,EA,1,100,0.142686
1738265342.777310,1615001.500,52286,2,EA,1,100,0.142697
1738265342.847914,1615068.000,52286,2,EA,1,100,0.142683
1738265342.919050,1615135.000,52301,1,EA,1,100,0.142686
1738265342.989654,1615201.500,52319,2,EA,1,100,0.142706
1738265343.060258,1615268.000,52319,2,EA,1,100,0.142709
1738265343.131392,1615335.000,52334,1,EA,1,100,0.142712
1738265343.201997,1615401.500,52350,2,EA,1,100,0.142686
1738265343.272601,1615468.000,52350,2,EA,1,100,0.142686
1738265343.343735,1615535.000,52365,1,EA,1,100,0.142688
1738265343.414340,1615601.500,52381,2,EA,1,100,0.142677
1738265343.484944,1615668.000,52381,2,EA,1,100,0.142656
1738265343.556079,1615735.000,52397,1,EA,1,100,0.142639
1738265343.626683,1615801.500,52412,2,EA,1,100,0.142618
1738265343.697287,1615868.000,52412,2,EA,1,100,0.142604
1738265343.768422,1615935.000,52429,1,EA,1,100,0.142595
1738265343.839203,1616001.667,52449,3,EA,1,100,0.142578
1738265343.909984,1616068.333,52449,3,EA,1,100,0.142583
1738265343.980765,1616135.000,52449,3,EA,1,100,0.142589
1738265344.051900,1616202.000,52464,1,EA,1,100,0.142563
1738265344.122504,1616268.500,52480,2,EA,1,100,0.142563
1738265344.193108,1616335.000,52480,2,EA,1,100,0.142554
1738265344.263181,1616401.000,52496,1,EA,1,100,0.142546
1738265344.334316,1616468.000,52511,2,EA,1,100,0.142578
1738265344.405451,1616535.000,52511,2,EA,1,100,0.142586
1738265344.475524,1616601.000,52526,1,EA,1,100,0.142563
1738265344.546659,1616668.000,52543,2,EA,1,100,0.142557
1738265344.617794,1616735.000,52543,2,EA,1,100,0.142516
1738265344.687867,1616801.000,52558,1,EA,1,100,0.142490
1738265344.759002,1616868.000,52573,2,EA,1,100,0.142502
1738265344.830137,1616935.000,52573,2,EA,1,100,0.142487
1738265344.900210,1617001.000,52588,1,EA,1,100,0.142499
1738265344.971345,1617068.000,52605,2,EA,1,100,0.142516
1738265345.042480,1617135.000,52605,2,EA,1,100,0.142511
1738265345.112553,1617201.000,52622,1,EA,1,100,0.142511
1738265345.183688,1617268.000,52638,2,EA,1,100,0.142511
1738265345.254823,1617335.000,52638,2,EA,1,100,0.142508
1738265345.325427,1617401.500,52653,2,EA,1,100,0.142493
1738265345.396031,1617468.000,52653,2,EA,1,100,0.142464
1738265345.467166,1617535.000,52669,1,EA,1,100,0.142458
1738265345.537770,1617601.500,52684,2,EA,1,100,0.142476
1738265345.608374,1617668.000,52684,2,EA,1,100,0.142455
1738265345.679509,1617735.000,52701,1,EA,1,100,0.142452
1738265345.750113,1617801.500,52717,2,EA,1,100,0.142464
1738265345.820717,1617868.000,52717,2,EA,1,100,0.142481
1738265345.891852,1617935.000,52733,1,EA,1,100,0.142476
1738265345.962456,1618001.500,52749,2,EA,1,100,0.142487
1738265346.033061,1618068.000,52749,2,EA,1,100,0.142470
1738265346.104195,1618135.000,52765,1,EA,1,100,0.142455
1738265346.174799,1618201.500,52779,2,EA,1,100,0.142458
1738265346.245404,1618268.000,52779,2,EA,1,100,0.142455
1738265346.316539,1618335.000,52795,1,EA,1,100,0.142461
1738265346.387142,1618401.500,52811,2,EA,1,100,0.142441
1738265346.457747,1618468.000,52811,2,EA,1,100,0.142452
1738265346.528882,1618535.000,52827,1,EA,1,100,0.142464
1738265346.599486,1618601.500,52843,2,EA,1,100,0.142487
1738265346.670090,1618668.000,52843,2,EA,1,100,0.142473
1738265346.741225,1618735.000,52860,1,EA,1,100,0.142487
1738265346.811829,1618801.500,52875,2,EA,1,100,0.142484
1738265346.882433,1618868.000,52875,2,EA,1,100,0.142496
1738265346.952506,1618934.000,52891,1,EA,1,100,0.142522
1738265347.023641,1619001.000,52906,2,EA,1,100,0.142502
1738265347.094776,1619068.000,52906,2,EA,1,100,0.142493
1738265347.165911,1619135.000,52922,1,EA,1,100,0.142516
1738265347.236515,1619201.500,52937,2,EA,1,100,0.142487
1738265347.307119,1619268.000,52937,2,EA,1,100,0.142479
1738265347.378254,1619335.000,52953,1,EA,1,100,0.142499
1738265347.448858,1619401.500,52973,2,EA,1,100,0.142490
1738265347.519462,1619468.000,52973,2,EA,1,100,0.142493
1738265347.589535,1619534.000,52990,1,EA,1,100,0.142522
1738265347.660670,1619601.000,53005,2,EA,1,100,0.142505
1738265347.731805,1619668.000,53005,2,EA,1,100,0.142493
1738265347.802409,1619734.500,53022,2,EA,1,100,0.142522
1738265347.873013,1619801.000,53022,2,EA,1,100,0.142502
1738265347.944148,1619868.000,53037,1,EA,1,100,0.142508
1738265348.014752,1619934.500,53052,2,EA,1,100,0.142522
1738265348.085356,1620001.000,53052,2,EA,1,100,0.142499
1738265348.156491,1620068.000,53070,1,EA,1,100,0.142484
1738265348.227095,1620134.500,53086,2,EA,1,100,0.142449
1738265348.297699,1620201.000,53086,2,EA,1,100,0.142464
1738265348.368834,1620268.000,53101,1,EA,1,100,0.142470
1738265348.439438,1620334.500,53117,2,EA,1,100,0.142479
1738265348.510042,1620401.000,53117,2,EA,1,100,0.142484
1738265348.581177,1620468.000,53132,1,EA,1,100,0.142473
1738265348.651781,1620534.500,53148,2,EA,1,100,0.142429
1738265348.722385,1620601.000,53148,2,EA,1,100,0.142432
1738265348.793520,1620668.000,53163,1,EA,1,100,0.142435
1738265348.864124,1620734.500,53179,2,EA,1,100,0.142455
1738265348.934728,1620801.000,53179,2,EA,1,100,0.142447
1738265349.005863,1620868.000,53194,1,EA,1,100,0.142432
1738265349.076468,1620934.500,53210,2,EA,1,100,0.142415
1738265349.147072,1621001.000,53210,2,EA,1,100,0.142417
1738265349.218206,1621068.000,53226,1,EA,1,100,0.142406
1738265349.288987,1621134.667,53246,3,EA,1,100,0.142415
1738265349.359768,1621201.333,53246,3,EA,1,100,0.142403
1738265349.430550,1621268.000,53246,3,EA,1,100,0.142394
1738265349.500623,1621334.000,53261,1,EA,1,100,0.142385
1738265349.571758,1621401.000,53277,2,EA,1,100,0.142385
1738265349.642893,1621468.000,53277,2,EA,1,100,0.142400
1738265349.712966,1621534.000,53292,1,EA,1,100,0.142412
1738265349.784101,1621601.000,53308,2,EA,1,100,0.142403
1738265349.855236,1621668.000,53308,2,EA,1,100,0.142391
1738265349.925309,1621734.000,53324,1,EA,1,100,0.142394
1738265349.996444,1621801.000,53341,2,EA,1,100,0.142385
1738265350.067579,1621868.000,53341,2,EA,1,100,0.142383
1738265350.137652,1621934.000,53356,1,EA,1,100,0.142383
1738265350.208256,1622000.500,53373,2,EA,1,100,0.142353
1738265350.278860,1622067.000,53373,2,EA,1,100,0.142345
1738265350.349995,1622134.000,53388,1,EA,1,100,0.142356
1738265350.420599,1622200.500,53404,2,EA,1,100,0.142365
1738265350.491203,1622267.000,53404,2,EA,1,100,0.142362
1738265350.562338,1622334.000,53418,1,EA,1,100,0.142348
1738265350.632942,1622400.500,53437,2,EA,1,100,0.142351
1738265350.703546,1622467.000,53437,2,EA,1,100,0.142339
1738265350.774681,1622534.000,53452,2,EA,1,100,0.142333
1738265350.845816,1622601.000,53452,2,EA,1,100,0.142324
1738265350.915889,1622667.000,53468,1,EA,1,100,0.142327
1738265350.987024,1622734.000,53483,2,EA,1,100,0.142348
1738265351.058159,1622801.000,53483,2,EA,1,100,0.142319
1738265351.128232,1622867.000,53499,1,EA,1,100,0.142295
1738265351.199367,1622934.000,53514,2,EA,1,100,0.142281
1738265351.270502,1623001.000,53514,2,EA,1,100,0.142269
1738265351.340575,1623067.000,53531,1,EA,1,100,0.142266
1738265351.411710,1623134.000,53545,2,EA,1,100,0.142266
1738265351.482845,1623201.000,53545,2,EA,1,100,0.142287
1738265351.552918,1623267.000,53563,1,EA,1,100,0.142284
1738265351.624053,1623334.000,53579,2,EA,1,100,0.142284
1738265351.695188,1623401.000,53579,2,EA,1,100,0.142290
1738265351.765261,1623467.000,53595,1,EA,1,100,0.142266
1738265351.836396,1623534.000,53609,2,EA,1,100,0.142258
1738265351.907531,1623601.000,53609,2,EA,1,100,0.142278
1738265351.977605,1623667.000,53625,1,EA,1,100,0.142287
1738265352.048739,1623734.000,53641,2,EA,1,100,0.142281
1738265352.119874,1623801.000,53641,2,EA,1,100,0.142226
1738265352.189948,1623867.000,53657,1,EA,1,100,0.142214
1738265352.261083,1623934.000,53671,2,EA,1,100,0.142223
1738265352.332217,1624001.000,53671,2,EA,1,100,0.142205
1738265352.402291,1624067.000,53690,1,EA,1,100,0.142217
1738265352.473426,1624134.000,53705,2,EA,1,100,0.142220
1738265352.544560,1624201.000,53705,2,EA,1,100,0.142182
1738265352.614634,1624267.000,53721,1,EA,1,100,0.142165
1738265352.685769,1624334.000,53736,2,EA,1,100,0.142165
1738265352.756904,1624401.000,53736,2,EA,1,100,0.142145
1738265352.826977,1624467.000,53754,1,EA,1,100,0.142139
1738265352.898112,1624534.000,53769,2,EA,1,100,0.142145
1738265352.969247,1624601.000,53769,2,EA,1,100,0.142162
1738265353.039320,1624667.000,53787,1,EA,1,100,0.142156
1738265353.110455,1624734.000,53803,2,EA,1,100,0.142136
1738265353.181590,1624801.000,53803,2,EA,1,100,0.142130
1738265353.251663,1624867.000,53818,1,EA,1,100,0.142095
1738265353.322798,1624934.000,53833,2,EA,1,100,0.142116
1738265353.393933,1625001.000,53833,2,EA,1,100,0.142130
1738265353.464537,1625067.500,53850,2,EA,1,100,0.142165
1738265353.535141,1625134.000,53850,2,EA,1,100,0.142142
1738265353.606276,1625201.000,53865,1,EA,1,100,0.142145
1738265353.676880,1625267.500,53880,2,EA,1,100,0.142179
1738265353.747484,1625334.000,53880,2,EA,1,100,0.142153
1738265353.818619,1625401.000,53896,1,EA,1,100,0.142145
1738265353.889223,1625467.500,53914,2,EA,1,100,0.142130
1738265353.959827,1625534.000,53914,2,EA,1,100,0.142104
1738265354.029900,1625600.000,53929,1,EA,1,100,0.142090
1738265354.101035,1625667.000,53945,2,EA,1,100,0.142081
1738265354.172170,1625734.000,53945,2,EA,1,100,0.142087
1738265354.242243,1625800.000,53960,1,EA,1,100,0.142084
1738265354.313378,1625867.000,53976,2,EA,1,100,0.142055
1738265354.384513,1625934.000,53976,2,EA,1,100,0.142058
1738265354.454587,1626000.000,53991,1,EA,1,100,0.142069
1738265354.525721,1626067.000,54007,2,EA,1,100,0.142069
1738265354.596856,1626134.000,54007,2,EA,1,100,0.142069
1738265354.667991,1626201.000,54022,1,EA,1,100,0.142087
1738265354.738418,1626267.333,54046,3,EA,1,100,0.142069
1738265354.808846,1626333.667,54046,3,EA,1,100,0.142072
1738265354.879272,1626400.000,54046,3,EA,1,100,0.142066
1738265354.950408,1626467.000,54061,1,EA,1,100,0.142055
1738265355.021012,1626533.500,54077,2,EA,1,100,0.142087
1738265355.091616,1626600.000,54077,2,EA,1,100,0.142084
1738265355.162750,1626667.000,54092,1,EA,1,100,0.142075
1738265355.233355,1626733.500,54108,2,EA,1,100,0.142078
1738265355.303959,1626800.000,54108,2,EA,1,100,0.142069
1738265355.375094,1626867.000,54123,1,EA,1,100,0.142084
1738265355.445698,1626933.500,54139,2,EA,1,100,0.142069
1738265355.516302,1627000.000,54139,2,EA,1,100,0.142061
1738265355.587437,1627067.000,54157,1,EA,1,100,0.142081
1738265355.658041,1627133.500,54172,2,EA,1,100,0.142069
1738265355.728645,1627200.000,54172,2,EA,1,100,0.142069
1738265355.799780,1627267.000,54187,2,EA,1,100,0.142058
1738265355.870915,1627334.000,54187,2,EA,1,100,0.142040
1738265355.940988,1627400.000,54204,1,EA,1,100,0.142020
1738265356.012123,1627467.000,54219,2,EA,1,100,0.141997
1738265356.083258,1627534.000,54219,2,EA,1,100,0.142020
1738265356.153331,1627600.000,54235,1,EA,1,100,0.142011
1738265356.224466,1627667.000,54250,2,EA,1,100,0.141991
1738265356.295601,1627734.000,54250,2,EA,1,100,0.141991
1738265356.365674,1627800.000,54266,1,EA,1,100,0.141977
1738265356.436809,1627867.000,54281,2,EA,1,100,0.141968
1738265356.507944,1627934.000,54281,2,EA,1,100,0.141991
1738265356.578017,1628000.000,54297,1,EA,1,100,0.141977
1738265356.649152,1628067.000,54312,2,EA,1,100,0.141922
1738265356.720287,1628134.000,54312,2,EA,1,100,0.141919
1738265356.790360,1628200.000,54328,1,EA,1,100,0.141905
1738265356.861495,1628267.000,54343,2,EA,1,100,0.141893
1738265356.932630,1628334.000,54343,2,EA,1,100,0.141890
1738265357.002703,1628400.000,54360,1,EA,1,100,0.141881
1738265357.073307,1628466.500,54374,2,EA,1,100,0.141881
1738265357.143911,1628533.000,54374,2,EA,1,100,0.141858
1738265357.215046,1628600.000,54390,1,EA,1,100,0.141829
1738265357.285650,1628666.500,54408,2,EA,1,100,0.141827
1738265357.356254,1628733.000,54408,2,EA,1,100,0.141815
1738265357.427389,1628800.000,54424,1,EA,1,100,0.141827
1738265357.497993,1628866.500,54438,2,EA,1,100,0.141766
1738265357.568598,1628933.000,54438,2,EA,1,100,0.141726
1738265357.639732,1629000.000,54454,1,EA,1,100,0.141685
1738265357.710867,1629067.000,54470,2,EA,1,100,0.141671
1738265357.782002,1629134.000,54470,2,EA,1,100,0.141645
1738265357.852606,1629200.500,54486,2,EA,1,100,0.141634
1738265357.923210,1629267.000,54486,2,EA,1,100,0.141622
1738265357.993284,1629333.000,54501,1,EA,1,100,0.141593
1738265358.064419,1629400.000,54519,2,EA,1,100,0.141573
1738265358.135553,1629467.000,54519,2,EA,1,100,0.141573
1738265358.205627,1629533.000,54534,1,EA,1,100,0.141565
1738265358.276762,1629600.000,54550,2,EA,1,100,0.141562
1738265358.347897,1629667.000,54550,2,EA,1,100,0.141516
1738265358.417970,1629733.000,54568,1,EA,1,100,0.141496
1738265358.489105,1629800.000,54583,2,EA,1,100,0.141530
1738265358.560240,1629867.000,54583,2,EA,1,100,0.141516
1738265358.630313,1629933.000,54598,1,EA,1,100,0.141504
1738265358.701448,1630000.000,54615,2,EA,1,100,0.141487
1738265358.772583,1630067.000,54615,2,EA,1,100,0.141470
1738265358.842656,1630133.000,54630,1,EA,1,100,0.141467
1738265358.913791,1630200.000,54645,2,EA,1,100,0.141467
1738265358.984926,1630267.000,54645,2,EA,1,100,0.141490
1738265359.054999,1630333.000,54660,1,EA,1,100,0.141524
1738265359.126134,1630400.000,54677,2,EA,1,100,0.141550
1738265359.197269,1630467.000,54677,2,EA,1,100,0.141565
1738265359.267342,1630533.000,54692,1,EA,1,100,0.141576
1738265359.338477,1630600.000,54707,2,EA,1,100,0.141613
1738265359.409612,1630667.000,54707,2,EA,1,100,0.141642
1738265359.479685,1630733.000,54723,1,EA,1,100,0.141680
1738265359.550820,1630800.000,54739,2,EA,1,100,0.141691
1738265359.621955,1630867.000,54739,2,EA,1,100,0.141717
1738265359.692028,1630933.000,54754,1,EA,1,100,0.141757
1738265359.763163,1631000.000,54771,2,EA,1,100,0.141769
1738265359.834298,1631067.000,54771,2,EA,1,100,0.141772
1738265359.904902,1631133.500,54785,2,EA,1,100,0.141801
1738265359.975506,1631200.000,54785,2,EA,1,100,0.141821
1738265360.046641,1631267.000,54801,1,EA,1,100,0.141884
1738265360.117068,1631333.333,54825,3,EA,1,100,0.141971
1738265360.187495,1631399.667,54825,3,EA,1,100,0.141985
1738265360.257922,1631466.000,54825,3,EA,1,100,0.142026
1738265360.329057,1631533.000,54840,2,EA,1,100,0.142049
1738265360.400192,1631600.000,54840,2,EA,1,100,0.142069
1738265360.471327,1631667.000,54856,1,EA,1,100,0.142116
1738265360.541931,1631733.500,54874,2,EA,1,100,0.142107
1738265360.612535,1631800.000,54874,2,EA,1,100,0.142145
1738265360.683670,1631867.000,54890,1,EA,1,100,0.142197
1738265360.754274,1631933.500,54904,2,EA,1,100,0.142240
1738265360.824878,1632000.000,54904,2,EA,1,100,0.142269
1738265360.896013,1632067.000,54921,1,EA,1,100,0.142281
1738265360.966617,1632133.500,54938,2,EA,1,100,0.142287
1738265361.037221,1632200.000,54938,2,EA,1,100,0.142290
1738265361.108356,1632267.000,54954,1,EA,1,100,0.142281
1738265361.178960,1632333.500,54970,2,EA,1,100,0.142313
1738265361.249564,1632400.000,54970,2,EA,1,100,0.142292
1738265361.319638,1632466.000,54987,1,EA,1,100,0.142258
1738265361.390773,1632533.000,55002,2,EA,1,100,0.142156
1738265361.461908,1632600.000,55002,2,EA,1,100,0.141962
1738265361.533042,1632667.000,55018,1,EA,1,100,0.141734
1738265361.603647,1632733.500,55034,2,EA,1,100,0.141504
1738265361.674251,1632800.000,55034,2,EA,1,100,0.141470
1738265361.744855,1632866.500,55049,2,EA,1,100,0.141708
1738265361.815459,1632933.000,55049,2,EA,1,100,0.142003
1738265361.886594,1633000.000,55064,1,EA,1,100,0.142182
1738265361.957198,1633066.500,55081,2,EA,1,100,0.143163
1738265362.027802,1633133.000,55081,2,EA,1,100,0.146578
1738265362.098937,1633200.000,55096,1,EA,1,100,0.148148
1738265362.169541,1633266.500,55111,2,EA,1,100,0.148675
1738265362.240145,1633333.000,55111,2,EA,1,100,0.148958
1738265362.311280,1633400.000,55127,1,EA,1,100,0.149168
1738265362.381884,1633466.500,55145,2,EA,1,100,0.149357
1738265362.452488,1633533.000,55145,2,EA,1,100,0.149517
1738265362.523623,1633600.000,55160,1,EA,1,100,0.149684
1738265362.594227,1633666.500,55176,2,EA,1,100,0.149835
1738265362.664831,1633733.000,55176,2,EA,1,100,0.149967
1738265362.735966,1633800.000,55191,1,EA,1,100,0.150093
1738265362.806570,1633866.500,55207,2,EA,1,100,0.150203
1738265362.877174,1633933.000,55207,2,EA,1,100,0.150332
1738265362.948309,1634000.000,55222,1,EA,1,100,0.150475
1738265363.018913,1634066.500,55238,2,EA,1,100,0.150585
1738265363.089517,1634133.000,55238,2,EA,1,100,0.150641
1738265363.160652,1634200.000,55253,1,EA,1,100,0.150706
1738265363.231256,1634266.500,55269,2,EA,1,100,0.150784
1738265363.301860,1634333.000,55269,2,EA,1,100,0.150849
1738265363.372995,1634400.000,55285,1,EA,1,100,0.150934
1738265363.443599,1634466.500,55302,2,EA,1,100,0.150996
1738265363.514203,1634533.000,55302,2,EA,1,100,0.151003
1738265363.585338,1634600.000,55317,1,EA,1,100,0.150970
1738265363.655942,1634666.500,55334,2,EA,1,100,0.150934
1738265363.726546,1634733.000,55334,2,EA,1,100,0.150915
1738265363.797681,1634800.000,55349,1,EA,1,100,0.150905
1738265363.868285,1634866.500,55365,2,EA,1,100,0.150928
1738265363.938890,1634933.000,55365,2,EA,1,100,0.150947
1738265364.010024,1635000.000,55379,1,EA,1,100,0.150973
1738265364.080628,1635066.500,55396,2,EA,1,100,0.151019
1738265364.151232,1635133.000,55396,2,EA,1,100,0.151032
1738265364.222367,1635200.000,55411,1,EA,1,100,0.151042
1738265364.292971,1635266.500,55427,2,EA,1,100,0.151065
1738265364.363575,1635333.000,55427,2,EA,1,100,0.151045
1738265364.434180,1635399.500,55442,2,EA,1,100,0.151068
1738265364.504784,1635466.000,55442,2,EA,1,100,0.151039
1738265364.575919,1635533.000,55458,1,EA,1,100,0.151036
1738265364.646523,1635599.500,55473,2,EA,1,100,0.151065
1738265364.717127,1635666.000,55473,2,EA,1,100,0.151065
1738265364.788262,1635733.000,55490,1,EA,1,100,0.151094
1738265364.858866,1635799.500,55504,2,EA,1,100,0.151137
1738265364.929470,1635866.000,55504,2,EA,1,100,0.151157
1738265365.000605,1635933.000,55520,1,EA,1,100,0.151166
1738265365.071209,1635999.500,55536,2,EA,1,100,0.151199
1738265365.141813,1636066.000,55536,2,EA,1,100,0.151212
1738265365.212948,1636133.000,55552,1,EA,1,100,0.151252
1738265365.283552,1636199.500,55566,2,EA,1,100,0.151314
1738265365.354156,1636266.000,55566,2,EA,1,100,0.151314
