LocalTimestamp,EmotiBitTimestamp,PacketNumber,DataLength,TypeTag,ProtocolVersion,DataReliability,AY
1738265309.316821,1583486.000,47422,1,AY,1,100,-0.091
1738265309.366191,1583532.500,47439,2,AY,1,100,-0.093
1738265309.415561,1583579.000,47439,2,AY,1,100,-0.090
1738265309.458383,1583619.333,47455,3,AY,1,100,-0.092
1738265309.501206,1583659.667,47455,3,AY,1,100,-0.090
1738265309.544028,1583700.000,47455,3,AY,1,100,-0.092
1738265309.585966,1583739.500,47471,2,AY,1,100,-0.091
1738265309.627904,1583779.000,47471,2,AY,1,100,-0.087
1738265309.670372,1583819.000,47486,3,AY,1,100,-0.093
1738265309.712841,1583859.000,47486,3,AY,1,100,-0.093
1738265309.755310,1583899.000,47486,3,AY,1,100,-0.090
1738265309.798309,1583939.500,47501,2,AY,1,100,-0.089
1738265309.841309,1583980.000,47501,2,AY,1,100,-0.090
1738265309.883777,1584020.000,47518,3,AY,1,100,-0.090
1738265309.926246,1584060.000,47518,3,AY,1,100,-0.091
1738265309.968714,1584100.000,47518,3,AY,1,100,-0.089
1738265310.011183,1584140.000,47533,2,AY,1,100,-0.092
1738265310.053652,1584180.000,47533,2,AY,1,100,-0.088
1738265310.095766,1584219.667,47548,3,AY,1,100,-0.087
1738265310.137881,1584259.333,47548,3,AY,1,100,-0.091
1738265310.179996,1584299.000,47548,3,AY,1,100,-0.091
1738265310.222464,1584339.000,47566,3,AY,1,100,-0.094
1738265310.264933,1584379.000,47566,3,AY,1,100,-0.088
1738265310.307402,1584419.000,47566,3,AY,1,100,-0.091
1738265310.349870,1584459.000,47584,2,AY,1,100,-0.089
1738265310.392339,1584499.000,47584,2,AY,1,100,-0.091
1738265310.434807,1584539.000,47599,3,AY,1,100,-0.086
1738265310.477276,1584579.000,47599,3,AY,1,100,-0.088
1738265310.519745,1584619.000,47599,3,AY,1,100,-0.091
1738265310.569645,1584666.000,47614,2,AY,1,100,-0.090
1738265310.619546,1584713.000,47614,2,AY,1,100,-0.090
1738265310.662014,1584753.000,47630,2,AY,1,100,-0.091
1738265310.704483,1584793.000,47630,2,AY,1,100,-0.091
1738265310.746952,1584833.000,47646,3,AY,1,100,-0.090
1738265310.789420,1584873.000,47646,3,AY,1,100,-0.089
1738265310.831889,1584913.000,47646,3,AY,1,100,-0.090
1738265310.874357,1584953.000,47661,2,AY,1,100,-0.091
1738265310.916826,1584993.000,47661,2,AY,1,100,-0.090
1738265310.959295,1585033.000,47680,3,AY,1,100,-0.088
1738265311.001763,1585073.000,47680,3,AY,1,100,-0.089
1738265311.044232,1585113.000,47680,3,AY,1,100,-0.088
1738265311.086701,1585153.000,47694,3,AY,1,100,-0.091
1738265311.129169,1585193.000,47694,3,AY,1,100,-0.091
1738265311.171638,1585233.000,47694,3,AY,1,100,-0.085
1738265311.213753,1585272.667,47715,3,AY,1,100,-0.087
1738265311.255867,1585312.333,47715,3,AY,1,100,-0.088
1738265311.297982,1585352.000,47715,3,AY,1,100,-0.094
1738265311.340805,1585392.333,47731,3,AY,1,100,-0.091
1738265311.383627,1585432.667,47731,3,AY,1,100,-0.089
1738265311.426450,1585473.000,47731,3,AY,1,100,-0.090
1738265311.468387,1585512.500,47749,2,AY,1,100,-0.091
1738265311.510325,1585552.000,47749,2,AY,1,100,-0.091
1738265311.553148,1585592.333,47764,3,AY,1,100,-0.089
1738265311.595970,1585632.667,47764,3,AY,1,100,-0.088
1738265311.638793,1585673.000,47764,3,AY,1,100,-0.088
1738265311.681261,1585713.000,47780,2,AY,1,100,-0.088
1738265311.723730,1585753.000,47780,2,AY,1,100,-0.090
1738265311.770799,1585797.333,47795,3,AY,1,100,-0.089
1738265311.817868,1585841.667,47795,3,AY,1,100,-0.086
1738265311.864938,1585886.000,47795,3,AY,1,100,-0.088
1738265311.907407,1585926.000,47811,2,AY,1,100,-0.088
1738265311.949875,1585966.000,47811,2,AY,1,100,-0.087
1738265311.992344,1586006.000,47827,3,AY,1,100,-0.091
1738265312.034812,1586046.000,47827,3,AY,1,100,-0.086
1738265312.077281,1586086.000,47827,3,AY,1,100,-0.084
1738265312.119750,1586126.000,47842,2,AY,1,100,-0.089
1738265312.162218,1586166.000,47842,2,AY,1,100,-0.089
1738265312.204687,1586206.000,47857,3,AY,1,100,-0.085
1738265312.247155,1586246.000,47857,3,AY,1,100,-0.086
1738265312.289624,1586286.000,47857,3,AY,1,100,-0.087
1738265312.332093,1586326.000,47873,2,AY,1,100,-0.089
1738265312.374561,1586366.000,47873,2,AY,1,100,-0.087
1738265312.417030,1586406.000,47889,3,AY,1,100,-0.083
1738265312.459499,1586446.000,47889,3,AY,1,100,-0.085
1738265312.501967,1586486.000,47889,3,AY,1,100,-0.087
1738265312.544436,1586526.000,47905,2,AY,1,100,-0.086
1738265312.586904,1586566.000,47905,2,AY,1,100,-0.086
1738265312.629373,1586606.000,47921,3,AY,1,100,-0.084
1738265312.671842,1586646.000,47921,3,AY,1,100,-0.083
1738265312.714310,1586686.000,47921,3,AY,1,100,-0.084
1738265312.756779,1586726.000,47938,2,AY,1,100,-0.083
1738265312.799248,1586766.000,47938,2,AY,1,100,-0.087
1738265312.841716,1586806.000,47953,3,AY,1,100,-0.080
1738265312.884185,1586846.000,47953,3,AY,1,100,-0.085
1738265312.926653,1586886.000,47953,3,AY,1,100,-0.084
1738265312.976023,1586932.500,47969,2,AY,1,100,-0.080
1738265313.025393,1586979.000,47969,2,AY,1,100,-0.080
1738265313.067861,1587019.000,47984,3,AY,1,100,-0.081
1738265313.110330,1587059.000,47984,3,AY,1,100,-0.084
1738265313.152799,1587099.000,47984,3,AY,1,100,-0.081
1738265313.195267,1587139.000,48000,2,AY,1,100,-0.080
1738265313.237736,1587179.000,48000,2,AY,1,100,-0.079
1738265313.280205,1587219.000,48015,3,AY,1,100,-0.082
1738265313.322673,1587259.000,48015,3,AY,1,100,-0.080
1738265313.365142,1587299.000,48015,3,AY,1,100,-0.079
1738265313.407610,1587339.000,48032,2,AY,1,100,-0.083
1738265313.450079,1587379.000,48032,2,AY,1,100,-0.079
1738265313.492548,1587419.000,48046,3,AY,1,100,-0.080
1738265313.535016,1587459.000,48046,3,AY,1,100,-0.079
1738265313.577485,1587499.000,48046,3,AY,1,100,-0.081
1738265313.619953,1587539.000,48062,2,AY,1,100,-0.078
1738265313.662422,1587579.000,48062,2,AY,1,100,-0.080
1738265313.704890,1587619.000,48077,3,AY,1,100,-0.077
1738265313.747359,1587659.000,48077,3,AY,1,100,-0.075
1738265313.789828,1587699.000,48077,3,AY,1,100,-0.078
1738265313.832296,1587739.000,48094,2,AY,1,100,-0.079
1738265313.874765,1587779.000,48094,2,AY,1,100,-0.077
1738265313.917234,1587819.000,48108,3,AY,1,100,-0.078
1738265313.959702,1587859.000,48108,3,AY,1,100,-0.074
1738265314.002171,1587899.000,48108,3,AY,1,100,-0.076
1738265314.044640,1587939.000,48124,3,AY,1,100,-0.076
1738265314.087108,1587979.000,48124,3,AY,1,100,-0.075
1738265314.129577,1588019.000,48124,3,AY,1,100,-0.072
1738265314.178946,1588065.500,48140,2,AY,1,100,-0.069
1738265314.228316,1588112.000,48140,2,AY,1,100,-0.075
1738265314.271316,1588152.500,48156,2,AY,1,100,-0.073
1738265314.314315,1588193.000,48156,2,AY,1,100,-0.071
1738265314.356430,1588232.667,48170,3,AY,1,100,-0.072
1738265314.398545,1588272.333,48170,3,AY,1,100,-0.071
1738265314.440659,1588312.000,48170,3,AY,1,100,-0.070
1738265314.483128,1588352.000,48187,2,AY,1,100,-0.072
1738265314.525597,1588392.000,48187,2,AY,1,100,-0.068
1738265314.568065,1588432.000,48202,3,AY,1,100,-0.072
1738265314.610534,1588472.000,48202,3,AY,1,100,-0.069
1738265314.653003,1588512.000,48202,3,AY,1,100,-0.071
1738265314.695471,1588552.000,48218,3,AY,1,100,-0.065
1738265314.737940,1588592.000,48218,3,AY,1,100,-0.068
1738265314.780408,1588632.000,48218,3,AY,1,100,-0.068
1738265314.822877,1588672.000,48233,2,AY,1,100,-0.063
1738265314.865345,1588712.000,48233,2,AY,1,100,-0.069
1738265314.907814,1588752.000,48249,3,AY,1,100,-0.071
1738265314.950283,1588792.000,48249,3,AY,1,100,-0.072
1738265314.992751,1588832.000,48249,3,AY,1,100,-0.064
1738265315.035220,1588872.000,48264,2,AY,1,100,-0.058
1738265315.077688,1588912.000,48264,2,AY,1,100,-0.061
1738265315.120157,1588952.000,48280,3,AY,1,100,-0.057
1738265315.162626,1588992.000,48280,3,AY,1,100,-0.058
1738265315.205094,1589032.000,48280,3,AY,1,100,-0.061
1738265315.247563,1589072.000,48296,2,AY,1,100,-0.057
1738265315.290032,1589112.000,48296,2,AY,1,100,-0.055
1738265315.339932,1589159.000,48311,2,AY,1,100,-0.052
1738265315.389833,1589206.000,48311,2,AY,1,100,-0.052
1738265315.432302,1589246.000,48326,3,AY,1,100,-0.051
1738265315.474770,1589286.000,48326,3,AY,1,100,-0.058
1738265315.517239,1589326.000,48326,3,AY,1,100,-0.055
1738265315.559707,1589366.000,48343,2,AY,1,100,-0.052
1738265315.602176,1589406.000,48343,2,AY,1,100,-0.054
1738265315.644644,1589446.000,48360,3,AY,1,100,-0.058
1738265315.687113,1589486.000,48360,3,AY,1,100,-0.058
1738265315.729582,1589526.000,48360,3,AY,1,100,-0.054
1738265315.772050,1589566.000,48375,3,AY,1,100,-0.058
1738265315.814519,1589606.000,48375,3,AY,1,100,-0.056
1738265315.856987,1589646.000,48375,3,AY,1,100,-0.056
1738265315.898925,1589685.500,48391,2,AY,1,100,-0.056
1738265315.940863,1589725.000,48391,2,AY,1,100,-0.057
1738265315.983332,1589765.000,48407,3,AY,1,100,-0.054
1738265316.025800,1589805.000,48407,3,AY,1,100,-0.054
1738265316.068269,1589845.000,48407,3,AY,1,100,-0.055
1738265316.110738,1589885.000,48422,2,AY,1,100,-0.050
1738265316.153206,1589925.000,48422,2,AY,1,100,-0.052
1738265316.196029,1589965.333,48437,3,AY,1,100,-0.050
1738265316.238851,1590005.667,48437,3,AY,1,100,-0.056
1738265316.281674,1590046.000,48437,3,AY,1,100,-0.051
1738265316.324142,1590086.000,48453,2,AY,1,100,-0.049
1738265316.366611,1590126.000,48453,2,AY,1,100,-0.054
1738265316.408726,1590165.667,48469,3,AY,1,100,-0.054
1738265316.450840,1590205.333,48469,3,AY,1,100,-0.055
1738265316.492955,1590245.000,48469,3,AY,1,100,-0.043
1738265316.542856,1590292.000,48484,2,AY,1,100,-0.055
1738265316.592756,1590339.000,48484,2,AY,1,100,-0.057
1738265316.635225,1590379.000,48506,4,AY,1,100,-0.052
1738265316.677694,1590419.000,48506,4,AY,1,100,-0.054
1738265316.720162,1590459.000,48506,4,AY,1,100,-0.057
1738265316.762631,1590499.000,48506,4,AY,1,100,-0.051
1738265316.805099,1590539.000,48521,2,AY,1,100,-0.055
1738265316.847568,1590579.000,48521,2,AY,1,100,-0.056
1738265316.890037,1590619.000,48536,3,AY,1,100,-0.053
1738265316.932505,1590659.000,48536,3,AY,1,100,-0.051
1738265316.974974,1590699.000,48536,3,AY,1,100,-0.049
1738265317.017442,1590739.000,48552,2,AY,1,100,-0.055
1738265317.059911,1590779.000,48552,2,AY,1,100,-0.053
1738265317.102380,1590819.000,48568,3,AY,1,100,-0.052
1738265317.144848,1590859.000,48568,3,AY,1,100,-0.056
1738265317.187317,1590899.000,48568,3,AY,1,100,-0.051
1738265317.229785,1590939.000,48583,2,AY,1,100,-0.051
1738265317.272254,1590979.000,48583,2,AY,1,100,-0.052
1738265317.314723,1591019.000,48599,3,AY,1,100,-0.052
1738265317.357191,1591059.000,48599,3,AY,1,100,-0.058
1738265317.399660,1591099.000,48599,3,AY,1,100,-0.056
1738265317.442129,1591139.000,48614,2,AY,1,100,-0.052
1738265317.484597,1591179.000,48614,2,AY,1,100,-0.052
1738265317.527066,1591219.000,48630,3,AY,1,100,-0.053
1738265317.569534,1591259.000,48630,3,AY,1,100,-0.054
1738265317.612003,1591299.000,48630,3,AY,1,100,-0.055
1738265317.654472,1591339.000,48646,2,AY,1,100,-0.053
1738265317.696940,1591379.000,48646,2,AY,1,100,-0.060
1738265317.744009,1591423.333,48661,3,AY,1,100,-0.055
1738265317.791079,1591467.667,48661,3,AY,1,100,-0.056
1738265317.838148,1591512.000,48661,3,AY,1,100,-0.058
1738265317.880617,1591552.000,48676,2,AY,1,100,-0.052
1738265317.923086,1591592.000,48676,2,AY,1,100,-0.051
1738265317.965554,1591632.000,48692,3,AY,1,100,-0.051
1738265318.008023,1591672.000,48692,3,AY,1,100,-0.054
1738265318.050491,1591712.000,48692,3,AY,1,100,-0.055
1738265318.092960,1591752.000,48708,2,AY,1,100,-0.056
1738265318.135429,1591792.000,48708,2,AY,1,100,-0.055
1738265318.177897,1591832.000,48723,3,AY,1,100,-0.053
1738265318.220366,1591872.000,48723,3,AY,1,100,-0.052
1738265318.262835,1591912.000,48723,3,AY,1,100,-0.051
1738265318.305303,1591952.000,48738,2,AY,1,100,-0.050
1738265318.347772,1591992.000,48738,2,AY,1,100,-0.049
1738265318.390240,1592032.000,48755,3,AY,1,100,-0.057
1738265318.432709,1592072.000,48755,3,AY,1,100,-0.058
1738265318.475178,1592112.000,48755,3,AY,1,100,-0.054
1738265318.517646,1592152.000,48770,3,AY,1,100,-0.053
1738265318.560115,1592192.000,48770,3,AY,1,100,-0.053
1738265318.602583,1592232.000,48770,3,AY,1,100,-0.054
1738265318.645052,1592272.000,48786,2,AY,1,100,-0.051
1738265318.687521,1592312.000,48786,2,AY,1,100,-0.051
1738265318.729989,1592352.000,48801,3,AY,1,100,-0.049
1738265318.772458,1592392.000,48801,3,AY,1,100,-0.050
1738265318.814926,1592432.000,48801,3,AY,1,100,-0.051
1738265318.857395,1592472.000,48817,2,AY,1,100,-0.053
1738265318.899864,1592512.000,48817,2,AY,1,100,-0.052
1738265318.949234,1592558.500,48832,2,AY,1,100,-0.052
1738265318.998603,1592605.000,48832,2,AY,1,100,-0.049
1738265319.041072,1592645.000,48849,3,AY,1,100,-0.052
1738265319.083540,1592685.000,48849,3,AY,1,100,-0.052
1738265319.126009,1592725.000,48849,3,AY,1,100,-0.054
1738265319.168478,1592765.000,48863,2,AY,1,100,-0.053
1738265319.210946,1592805.000,48863,2,AY,1,100,-0.053
1738265319.253415,1592845.000,48879,3,AY,1,100,-0.053
1738265319.295883,1592885.000,48879,3,AY,1,100,-0.050
1738265319.338352,1592925.000,48879,3,AY,1,100,-0.052
1738265319.380821,1592965.000,48894,3,AY,1,100,-0.055
1738265319.423289,1593005.000,48894,3,AY,1,100,-0.054
1738265319.465758,1593045.000,48894,3,AY,1,100,-0.053
1738265319.508227,1593085.000,48911,2,AY,1,100,-0.051
1738265319.550695,1593125.000,48911,2,AY,1,100,-0.058
1738265319.593164,1593165.000,48925,3,AY,1,100,-0.055
1738265319.635633,1593205.000,48925,3,AY,1,100,-0.053
1738265319.678101,1593245.000,48925,3,AY,1,100,-0.052
1738265319.720570,1593285.000,48941,2,AY,1,100,-0.053
1738265319.763038,1593325.000,48941,2,AY,1,100,-0.054
1738265319.805507,1593365.000,48957,3,AY,1,100,-0.054
1738265319.847975,1593405.000,48957,3,AY,1,100,-0.059
1738265319.890444,1593445.000,48957,3,AY,1,100,-0.055
1738265319.932913,1593485.000,48973,2,AY,1,100,-0.058
1738265319.975381,1593525.000,48973,2,AY,1,100,-0.056
1738265320.017850,1593565.000,48987,3,AY,1,100,-0.057
1738265320.060318,1593605.000,48987,3,AY,1,100,-0.055
1738265320.102787,1593645.000,48987,3,AY,1,100,-0.058
1738265320.152157,1593691.500,49004,2,AY,1,100,-0.060
1738265320.201527,1593738.000,49004,2,AY,1,100,-0.061
1738265320.243995,1593778.000,49019,3,AY,1,100,-0.057
1738265320.286464,1593818.000,49019,3,AY,1,100,-0.059
1738265320.328933,1593858.000,49019,3,AY,1,100,-0.059
1738265320.371401,1593898.000,49035,2,AY,1,100,-0.059
1738265320.413870,1593938.000,49035,2,AY,1,100,-0.060
1738265320.456692,1593978.333,49049,3,AY,1,100,-0.060
1738265320.499515,1594018.667,49049,3,AY,1,100,-0.058
1738265320.542337,1594059.000,49049,3,AY,1,100,-0.060
1738265320.584806,1594099.000,49066,2,AY,1,100,-0.062
1738265320.627275,1594139.000,49066,2,AY,1,100,-0.061
1738265320.669743,1594179.000,49081,3,AY,1,100,-0.059
1738265320.712212,1594219.000,49081,3,AY,1,100,-0.062
1738265320.754680,1594259.000,49081,3,AY,1,100,-0.066
1738265320.797149,1594299.000,49097,2,AY,1,100,-0.061
1738265320.839617,1594339.000,49097,2,AY,1,100,-0.060
1738265320.881732,1594378.667,49113,3,AY,1,100,-0.063
1738265320.923847,1594418.333,49113,3,AY,1,100,-0.063
1738265320.965962,1594458.000,49113,3,AY,1,100,-0.063
1738265321.008961,1594498.500,49130,2,AY,1,100,-0.062
1738265321.051961,1594539.000,49130,2,AY,1,100,-0.063
1738265321.094075,1594578.667,49145,3,AY,1,100,-0.066
1738265321.136190,1594618.333,49145,3,AY,1,100,-0.066
1738265321.178305,1594658.000,49145,3,AY,1,100,-0.064
1738265321.220773,1594698.000,49162,2,AY,1,100,-0.067
1738265321.263242,1594738.000,49162,2,AY,1,100,-0.063
1738265321.313143,1594785.000,49177,2,AY,1,100,-0.066
1738265321.363043,1594832.000,49177,2,AY,1,100,-0.064
1738265321.405512,1594872.000,49192,3,AY,1,100,-0.068
1738265321.447980,1594912.000,49192,3,AY,1,100,-0.067
1738265321.490449,1594952.000,49192,3,AY,1,100,-0.066
1738265321.532918,1594992.000,49208,3,AY,1,100,-0.064
1738265321.575386,1595032.000,49208,3,AY,1,100,-0.063
1738265321.617855,1595072.000,49208,3,AY,1,100,-0.066
1738265321.660324,1595112.000,49224,2,AY,1,100,-0.069
1738265321.702792,1595152.000,49224,2,AY,1,100,-0.069
1738265321.745261,1595192.000,49239,3,AY,1,100,-0.068
1738265321.787729,1595232.000,49239,3,AY,1,100,-0.068
1738265321.830198,1595272.000,49239,3,AY,1,100,-0.069
1738265321.872667,1595312.000,49254,2,AY,1,100,-0.065
1738265321.915135,1595352.000,49254,2,AY,1,100,-0.068
1738265321.957604,1595392.000,49270,3,AY,1,100,-0.068
1738265322.000072,1595432.000,49270,3,AY,1,100,-0.068
1738265322.042541,1595472.000,49270,3,AY,1,100,-0.066
1738265322.084744,1595511.750,49291,4,AY,1,100,-0.069
1738265322.126947,1595551.500,49291,4,AY,1,100,-0.068
1738265322.169151,1595591.250,49291,4,AY,1,100,-0.070
1738265322.211354,1595631.000,49291,4,AY,1,100,-0.069
1738265322.254353,1595671.500,49307,2,AY,1,100,-0.069
1738265322.297353,1595712.000,49307,2,AY,1,100,-0.069
1738265322.339821,1595752.000,49323,3,AY,1,100,-0.070
1738265322.382290,1595792.000,49323,3,AY,1,100,-0.069
1738265322.424759,1595832.000,49323,3,AY,1,100,-0.070
1738265322.466696,1595871.500,49338,2,AY,1,100,-0.071
1738265322.508634,1595911.000,49338,2,AY,1,100,-0.070
1738265322.556057,1595955.667,49353,3,AY,1,100,-0.072
1738265322.603481,1596000.333,49353,3,AY,1,100,-0.068
1738265322.650904,1596045.000,49353,3,AY,1,100,-0.071
1738265322.693372,1596085.000,49369,2,AY,1,100,-0.073
1738265322.735841,1596125.000,49369,2,AY,1,100,-0.071
1738265322.778310,1596165.000,49385,3,AY,1,100,-0.073
1738265322.820778,1596205.000,49385,3,AY,1,100,-0.071
1738265322.863247,1596245.000,49385,3,AY,1,100,-0.071
1738265322.905716,1596285.000,49400,2,AY,1,100,-0.071
1738265322.948184,1596325.000,49400,2,AY,1,100,-0.071
1738265322.990653,1596365.000,49416,3,AY,1,100,-0.078
1738265323.033121,1596405.000,49416,3,AY,1,100,-0.071
1738265323.075590,1596445.000,49416,3,AY,1,100,-0.077
1738265323.118059,1596485.000,49431,2,AY,1,100,-0.074
1738265323.160527,1596525.000,49431,2,AY,1,100,-0.075
1738265323.202996,1596565.000,49447,3,AY,1,100,-0.073
1738265323.245465,1596605.000,49447,3,AY,1,100,-0.076
1738265323.287933,1596645.000,49447,3,AY,1,100,-0.079
1738265323.330402,1596685.000,49463,2,AY,1,100,-0.074
1738265323.372870,1596725.000,49463,2,AY,1,100,-0.074
1738265323.415339,1596765.000,49478,3,AY,1,100,-0.075
1738265323.457808,1596805.000,49478,3,AY,1,100,-0.076
1738265323.500276,1596845.000,49478,3,AY,1,100,-0.077
1738265323.542745,1596885.000,49493,2,AY,1,100,-0.077
1738265323.585213,1596925.000,49493,2,AY,1,100,-0.077
1738265323.627682,1596965.000,49509,3,AY,1,100,-0.076
1738265323.670151,1597005.000,49509,3,AY,1,100,-0.075
1738265323.712619,1597045.000,49509,3,AY,1,100,-0.077
1738265323.761989,1597091.500,49525,2,AY,1,100,-0.076
1738265323.811359,1597138.000,49525,2,AY,1,100,-0.081
1738265323.853827,1597178.000,49541,3,AY,1,100,-0.078
1738265323.896296,1597218.000,49541,3,AY,1,100,-0.078
1738265323.938765,1597258.000,49541,3,AY,1,100,-0.076
1738265323.981233,1597298.000,49555,2,AY,1,100,-0.076
1738265324.023702,1597338.000,49555,2,AY,1,100,-0.078
1738265324.066170,1597378.000,49572,3,AY,1,100,-0.072
1738265324.108639,1597418.000,49572,3,AY,1,100,-0.078
1738265324.151108,1597458.000,49572,3,AY,1,100,-0.076
1738265324.193576,1597498.000,49587,2,AY,1,100,-0.077
1738265324.236045,1597538.000,49587,2,AY,1,100,-0.076
1738265324.278513,1597578.000,49603,3,AY,1,100,-0.074
1738265324.320982,1597618.000,49603,3,AY,1,100,-0.079
1738265324.363451,1597658.000,49603,3,AY,1,100,-0.070
1738265324.405919,1597698.000,49618,2,AY,1,100,-0.083
1738265324.448388,1597738.000,49618,2,AY,1,100,-0.075
1738265324.490857,1597778.000,49634,3,AY,1,100,-0.073
1738265324.533325,1597818.000,49634,3,AY,1,100,-0.075
1738265324.575794,1597858.000,49634,3,AY,1,100,-0.072
1738265324.618263,1597898.000,49649,3,AY,1,100,-0.081
1738265324.660731,1597938.000,49649,3,AY,1,100,-0.075
1738265324.703200,1597978.000,49649,3,AY,1,100,-0.084
1738265324.745668,1598018.000,49666,2,AY,1,100,-0.076
1738265324.788137,1598058.000,49666,2,AY,1,100,-0.087
1738265324.830606,1598098.000,49680,3,AY,1,100,-0.082
1738265324.873074,1598138.000,49680,3,AY,1,100,-0.094
1738265324.915543,1598178.000,49680,3,AY,1,100,-0.093
1738265324.965443,1598225.000,49696,2,AY,1,100,-0.085
1738265325.015344,1598272.000,49696,2,AY,1,100,-0.103
1738265325.057282,1598311.500,49711,2,AY,1,100,-0.119
1738265325.099220,1598351.000,49711,2,AY,1,100,-0.121
1738265325.141688,1598391.000,49728,3,AY,1,100,-0.134
1738265325.184157,1598431.000,49728,3,AY,1,100,-0.162
1738265325.226625,1598471.000,49728,3,AY,1,100,-0.178
1738265325.269094,1598511.000,49742,2,AY,1,100,-0.195
1738265325.311563,1598551.000,49742,2,AY,1,100,-0.200
1738265325.354031,1598591.000,49758,3,AY,1,100,-0.222
1738265325.396500,1598631.000,49758,3,AY,1,100,-0.279
1738265325.438968,1598671.000,49758,3,AY,1,100,-0.306
1738265325.481437,1598711.000,49774,3,AY,1,100,-0.337
1738265325.523906,1598751.000,49774,3,AY,1,100,-0.344
1738265325.566374,1598791.000,49774,3,AY,1,100,-0.365
1738265325.608843,1598831.000,49790,2,AY,1,100,-0.350
1738265325.651311,1598871.000,49790,2,AY,1,100,-0.337
1738265325.693780,1598911.000,49804,3,AY,1,100,-0.425
1738265325.736249,1598951.000,49804,3,AY,1,100,-0.403
1738265325.778717,1598991.000,49804,3,AY,1,100,-0.400
1738265325.821186,1599031.000,49821,2,AY,1,100,-0.348
1738265325.863654,1599071.000,49821,2,AY,1,100,-0.264
1738265325.906123,1599111.000,49836,3,AY,1,100,-0.321
1738265325.948592,1599151.000,49836,3,AY,1,100,-0.386
1738265325.991060,1599191.000,49836,3,AY,1,100,-0.438
1738265326.033529,1599231.000,49852,2,AY,1,100,-0.562
1738265326.075998,1599271.000,49852,2,AY,1,100,-0.540
1738265326.125367,1599317.500,49867,2,AY,1,100,-0.663
1738265326.174737,1599364.000,49867,2,AY,1,100,-0.710
1738265326.217206,1599404.000,49885,3,AY,1,100,-0.668
1738265326.259674,1599444.000,49885,3,AY,1,100,-0.712
1738265326.302143,1599484.000,49885,3,AY,1,100,-0.746
1738265326.344611,1599524.000,49900,2,AY,1,100,-0.767
1738265326.387080,1599564.000,49900,2,AY,1,100,-0.816
1738265326.429549,1599604.000,49916,3,AY,1,100,-0.836
1738265326.472017,1599644.000,49916,3,AY,1,100,-0.806
1738265326.514486,1599684.000,49916,3,AY,1,100,-0.831
1738265326.556955,1599724.000,49932,3,AY,1,100,-0.829
1738265326.599423,1599764.000,49932,3,AY,1,100,-0.773
1738265326.641892,1599804.000,49932,3,AY,1,100,-0.748
1738265326.684361,1599844.000,49947,2,AY,1,100,-0.732
1738265326.726829,1599884.000,49947,2,AY,1,100,-0.666
1738265326.769298,1599924.000,49962,3,AY,1,100,-0.664
1738265326.811766,1599964.000,49962,3,AY,1,100,-0.598
1738265326.854235,1600004.000,49962,3,AY,1,100,-0.641
1738265326.896703,1600044.000,49979,2,AY,1,100,-0.607
1738265326.939172,1600084.000,49979,2,AY,1,100,-0.578
1738265326.981641,1600124.000,49994,3,AY,1,100,-0.609
1738265327.024109,1600164.000,49994,3,AY,1,100,-0.585
1738265327.066578,1600204.000,49994,3,AY,1,100,-0.578
1738265327.109577,1600244.500,50009,2,AY,1,100,-0.561
1738265327.152577,1600285.000,50009,2,AY,1,100,-0.570
1738265327.195045,1600325.000,50025,3,AY,1,100,-0.580
1738265327.237514,1600365.000,50025,3,AY,1,100,-0.552
1738265327.279983,1600405.000,50025,3,AY,1,100,-0.524
1738265327.329352,1600451.500,50041,2,AY,1,100,-0.505
1738265327.378722,1600498.000,50041,2,AY,1,100,-0.457
1738265327.421191,1600538.000,50056,3,AY,1,100,-0.413
1738265327.463660,1600578.000,50056,3,AY,1,100,-0.425
1738265327.506128,1600618.000,50056,3,AY,1,100,-0.431
1738265327.548597,1600658.000,50078,3,AY,1,100,-0.448
1738265327.591065,1600698.000,50078,3,AY,1,100,-0.430
1738265327.633534,1600738.000,50078,3,AY,1,100,-0.369
1738265327.676003,1600778.000,50093,3,AY,1,100,-0.321
1738265327.718471,1600818.000,50093,3,AY,1,100,-0.321
1738265327.760940,1600858.000,50093,3,AY,1,100,-0.315
1738265327.803408,1600898.000,50108,2,AY,1,100,-0.377
1738265327.845877,1600938.000,50108,2,AY,1,100,-0.339
1738265327.888346,1600978.000,50124,3,AY,1,100,-0.371
1738265327.930814,1601018.000,50124,3,AY,1,100,-0.384
1738265327.973283,1601058.000,50124,3,AY,1,100,-0.389
1738265328.015751,1601098.000,50140,2,AY,1,100,-0.357
1738265328.058220,1601138.000,50140,2,AY,1,100,-0.333
1738265328.100689,1601178.000,50157,3,AY,1,100,-0.305
1738265328.143157,1601218.000,50157,3,AY,1,100,-0.281
1738265328.185626,1601258.000,50157,3,AY,1,100,-0.300
1738265328.228095,1601298.000,50172,3,AY,1,100,-0.292
1738265328.270563,1601338.000,50172,3,AY,1,100,-0.301
1738265328.313032,1601378.000,50172,3,AY,1,100,-0.292
1738265328.355500,1601418.000,50188,2,AY,1,100,-0.342
1738265328.397969,1601458.000,50188,2,AY,1,100,-0.286
1738265328.440438,1601498.000,50204,2,AY,1,100,-0.302
1738265328.482906,1601538.000,50204,2,AY,1,100,-0.295
1738265328.529976,1601582.333,50219,3,AY,1,100,-0.261
1738265328.577045,1601626.667,50219,3,AY,1,100,-0.140
1738265328.624114,1601671.000,50219,3,AY,1,100,-0.147
1738265328.666583,1601711.000,50235,2,AY,1,100,-0.147
1738265328.709052,1601751.000,50235,2,AY,1,100,-0.202
1738265328.751520,1601791.000,50252,3,AY,1,100,-0.175
1738265328.793989,1601831.000,50252,3,AY,1,100,-0.204
1738265328.836457,1601871.000,50252,3,AY,1,100,-0.181
1738265328.878926,1601911.000,50268,2,AY,1,100,-0.116
1738265328.921395,1601951.000,50268,2,AY,1,100,-0.143
1738265328.963863,1601991.000,50284,3,AY,1,100,-0.102
1738265329.006332,1602031.000,50284,3,AY,1,100,-0.140
1738265329.048800,1602071.000,50284,3,AY,1,100,-0.132
1738265329.091269,1602111.000,50299,3,AY,1,100,-0.186
1738265329.133738,1602151.000,50299,3,AY,1,100,-0.096
1738265329.176206,1602191.000,50299,3,AY,1,100,-0.113
1738265329.218675,1602231.000,50314,2,AY,1,100,-0.178
1738265329.261143,1602271.000,50314,2,AY,1,100,-0.166
1738265329.303612,1602311.000,50330,3,AY,1,100,-0.144
1738265329.346081,1602351.000,50330,3,AY,1,100,-0.180
1738265329.388549,1602391.000,50330,3,AY,1,100,-0.151
1738265329.431018,1602431.000,50346,2,AY,1,100,-0.150
1738265329.473487,1602471.000,50346,2,AY,1,100,-0.109
1738265329.515955,1602511.000,50362,3,AY,1,100,-0.146
1738265329.558424,1602551.000,50362,3,AY,1,100,-0.140
1738265329.600892,1602591.000,50362,3,AY,1,100,-0.151
1738265329.643361,1602631.000,50376,2,AY,1,100,-0.090
1738265329.685830,1602671.000,50376,2,AY,1,100,-0.148
1738265329.735199,1602717.500,50393,2,AY,1,100,-0.133
1738265329.784569,1602764.000,50393,2,AY,1,100,-0.138
1738265329.827038,1602804.000,50408,3,AY,1,100,-0.144
1738265329.869506,1602844.000,50408,3,AY,1,100,-0.130
1738265329.911975,1602884.000,50408,3,AY,1,100,-0.118
1738265329.954444,1602924.000,50424,3,AY,1,100,-0.145
1738265329.996912,1602964.000,50424,3,AY,1,100,-0.144
1738265330.039381,1603004.000,50424,3,AY,1,100,-0.126
1738265330.081850,1603044.000,50439,2,AY,1,100,-0.125
1738265330.124318,1603084.000,50439,2,AY,1,100,-0.125
1738265330.166787,1603124.000,50455,3,AY,1,100,-0.136
1738265330.209255,1603164.000,50455,3,AY,1,100,-0.135
1738265330.251724,1603204.000,50455,3,AY,1,100,-0.132
1738265330.294193,1603244.000,50470,2,AY,1,100,-0.139
1738265330.336661,1603284.000,50470,2,AY,1,100,-0.134
1738265330.379130,1603324.000,50487,3,AY,1,100,-0.132
1738265330.421598,1603364.000,50487,3,AY,1,100,-0.134
1738265330.464067,1603404.000,50487,3,AY,1,100,-0.132
1738265330.506536,1603444.000,50501,2,AY,1,100,-0.114
1738265330.549004,1603484.000,50501,2,AY,1,100,-0.114
1738265330.591473,1603524.000,50517,3,AY,1,100,-0.101
1738265330.633941,1603564.000,50517,3,AY,1,100,-0.097
1738265330.676410,1603604.000,50517,3,AY,1,100,-0.136
1738265330.718879,1603644.000,50532,2,AY,1,100,-0.155
1738265330.761347,1603684.000,50532,2,AY,1,100,-0.153
1738265330.803816,1603724.000,50549,3,AY,1,100,-0.135
1738265330.846284,1603764.000,50549,3,AY,1,100,-0.132
1738265330.888753,1603804.000,50549,3,AY,1,100,-0.130
1738265330.938123,1603850.500,50563,2,AY,1,100,-0.125
1738265330.987493,1603897.000,50563,2,AY,1,100,-0.129
1738265331.029961,1603937.000,50579,3,AY,1,100,-0.145
1738265331.072430,1603977.000,50579,3,AY,1,100,-0.152
1738265331.114898,1604017.000,50579,3,AY,1,100,-0.135
1738265331.157367,1604057.000,50595,2,AY,1,100,-0.140
1738265331.199836,1604097.000,50595,2,AY,1,100,-0.130
1738265331.242658,1604137.333,50613,3,AY,1,100,-0.137
1738265331.285481,1604177.667,50613,3,AY,1,100,-0.144
1738265331.328303,1604218.000,50613,3,AY,1,100,-0.137
1738265331.370241,1604257.500,50627,2,AY,1,100,-0.128
1738265331.412179,1604297.000,50627,2,AY,1,100,-0.133
1738265331.454647,1604337.000,50644,3,AY,1,100,-0.170
1738265331.497116,1604377.000,50644,3,AY,1,100,-0.123
1738265331.539585,1604417.000,50644,3,AY,1,100,-0.206
1738265331.582053,1604457.000,50663,2,AY,1,100,-0.155
1738265331.624522,1604497.000,50663,2,AY,1,100,-0.136
1738265331.666991,1604537.000,50679,3,AY,1,100,-0.133
1738265331.709459,1604577.000,50679,3,AY,1,100,-0.161
1738265331.751928,1604617.000,50679,3,AY,1,100,-0.142
1738265331.794396,1604657.000,50694,2,AY,1,100,-0.158
1738265331.836865,1604697.000,50694,2,AY,1,100,-0.152
1738265331.879333,1604737.000,50710,3,AY,1,100,-0.154
1738265331.921802,1604777.000,50710,3,AY,1,100,-0.157
1738265331.964271,1604817.000,50710,3,AY,1,100,-0.155
1738265332.006739,1604857.000,50725,2,AY,1,100,-0.159
1738265332.049208,1604897.000,50725,2,AY,1,100,-0.155
1738265332.096631,1604941.667,50741,3,AY,1,100,-0.154
1738265332.144054,1604986.333,50741,3,AY,1,100,-0.158
1738265332.191478,1605031.000,50741,3,AY,1,100,-0.157
1738265332.233946,1605071.000,50757,2,AY,1,100,-0.156
1738265332.276415,1605111.000,50757,2,AY,1,100,-0.157
1738265332.318884,1605151.000,50774,3,AY,1,100,-0.157
1738265332.361352,1605191.000,50774,3,AY,1,100,-0.154
1738265332.403821,1605231.000,50774,3,AY,1,100,-0.159
1738265332.446290,1605271.000,50789,2,AY,1,100,-0.173
1738265332.488758,1605311.000,50789,2,AY,1,100,-0.172
1738265332.531227,1605351.000,50806,3,AY,1,100,-0.169
1738265332.573695,1605391.000,50806,3,AY,1,100,-0.166
1738265332.616164,1605431.000,50806,3,AY,1,100,-0.170
1738265332.658633,1605471.000,50821,2,AY,1,100,-0.173
1738265332.701101,1605511.000,50821,2,AY,1,100,-0.170
1738265332.743570,1605551.000,50836,3,AY,1,100,-0.171
1738265332.786038,1605591.000,50836,3,AY,1,100,-0.174
1738265332.828507,1605631.000,50836,3,AY,1,100,-0.173
1738265332.870976,1605671.000,50852,2,AY,1,100,-0.175
1738265332.913444,1605711.000,50852,2,AY,1,100,-0.174
1738265332.955647,1605750.750,50875,4,AY,1,100,-0.174
1738265332.997851,1605790.500,50875,4,AY,1,100,-0.173
1738265333.040054,1605830.250,50875,4,AY,1,100,-0.172
1738265333.082257,1605870.000,50875,4,AY,1,100,-0.174
1738265333.125079,1605910.333,50892,3,AY,1,100,-0.172
1738265333.167902,1605950.667,50892,3,AY,1,100,-0.174
1738265333.210725,1605991.000,50892,3,AY,1,100,-0.173
1738265333.260094,1606037.500,50909,2,AY,1,100,-0.177
1738265333.309464,1606084.000,50909,2,AY,1,100,-0.172
1738265333.351933,1606124.000,50924,3,AY,1,100,-0.170
1738265333.394401,1606164.000,50924,3,AY,1,100,-0.175
1738265333.436870,1606204.000,50924,3,AY,1,100,-0.177
1738265333.479338,1606244.000,50939,2,AY,1,100,-0.171
1738265333.521807,1606284.000,50939,2,AY,1,100,-0.175
1738265333.564276,1606324.000,50955,3,AY,1,100,-0.175
1738265333.606744,1606364.000,50955,3,AY,1,100,-0.173
1738265333.649213,1606404.000,50955,3,AY,1,100,-0.173
1738265333.691682,1606444.000,50971,2,AY,1,100,-0.177
1738265333.734150,1606484.000,50971,2,AY,1,100,-0.175
1738265333.776619,1606524.000,50986,3,AY,1,100,-0.175
1738265333.819088,1606564.000,50986,3,AY,1,100,-0.173
1738265333.861556,1606604.000,50986,3,AY,1,100,-0.174
1738265333.904025,1606644.000,51001,2,AY,1,100,-0.172
1738265333.946493,1606684.000,51001,2,AY,1,100,-0.159
1738265333.988962,1606724.000,51017,4,AY,1,100,-0.177
1738265334.031430,1606764.000,51017,4,AY,1,100,-0.169
1738265334.073899,1606804.000,51017,4,AY,1,100,-0.171
1738265334.116368,1606844.000,51017,4,AY,1,100,-0.177
1738265334.158836,1606884.000,51034,2,AY,1,100,-0.174
1738265334.201305,1606924.000,51034,2,AY,1,100,-0.175
1738265334.243773,1606964.000,51049,3,AY,1,100,-0.170
1738265334.286242,1607004.000,51049,3,AY,1,100,-0.173
1738265334.328711,1607044.000,51049,3,AY,1,100,-0.174
1738265334.371179,1607084.000,51066,3,AY,1,100,-0.174
1738265334.413648,1607124.000,51066,3,AY,1,100,-0.173
1738265334.456117,1607164.000,51066,3,AY,1,100,-0.175
1738265334.505486,1607210.500,51081,2,AY,1,100,-0.178
1738265334.554856,1607257.000,51081,2,AY,1,100,-0.178
1738265334.597325,1607297.000,51096,2,AY,1,100,-0.180
1738265334.639793,1607337.000,51096,2,AY,1,100,-0.175
1738265334.682262,1607377.000,51112,3,AY,1,100,-0.176
1738265334.724730,1607417.000,51112,3,AY,1,100,-0.175
1738265334.767199,1607457.000,51112,3,AY,1,100,-0.177
1738265334.809668,1607497.000,51128,2,AY,1,100,-0.174
1738265334.852136,1607537.000,51128,2,AY,1,100,-0.177
1738265334.894605,1607577.000,51143,3,AY,1,100,-0.179
1738265334.937074,1607617.000,51143,3,AY,1,100,-0.175
1738265334.979542,1607657.000,51143,3,AY,1,100,-0.182
1738265335.022011,1607697.000,51159,2,AY,1,100,-0.177
1738265335.064480,1607737.000,51159,2,AY,1,100,-0.176
1738265335.106948,1607777.000,51174,3,AY,1,100,-0.182
1738265335.149417,1607817.000,51174,3,AY,1,100,-0.181
1738265335.191885,1607857.000,51174,3,AY,1,100,-0.178
1738265335.234354,1607897.000,51190,2,AY,1,100,-0.179
1738265335.276823,1607937.000,51190,2,AY,1,100,-0.177
1738265335.319291,1607977.000,51206,3,AY,1,100,-0.173
1738265335.361760,1608017.000,51206,3,AY,1,100,-0.181
1738265335.404228,1608057.000,51206,3,AY,1,100,-0.166
1738265335.446697,1608097.000,51221,3,AY,1,100,-0.165
1738265335.489166,1608137.000,51221,3,AY,1,100,-0.174
1738265335.531634,1608177.000,51221,3,AY,1,100,-0.172
1738265335.574103,1608217.000,51238,2,AY,1,100,-0.193
1738265335.616571,1608257.000,51238,2,AY,1,100,-0.167
1738265335.666472,1608304.000,51254,2,AY,1,100,-0.170
1738265335.716373,1608351.000,51254,2,AY,1,100,-0.176
1738265335.758487,1608390.667,51270,3,AY,1,100,-0.172
1738265335.800602,1608430.333,51270,3,AY,1,100,-0.177
1738265335.842717,1608470.000,51270,3,AY,1,100,-0.187
1738265335.885185,1608510.000,51285,2,AY,1,100,-0.181
1738265335.927654,1608550.000,51285,2,AY,1,100,-0.174
1738265335.970123,1608590.000,51300,3,AY,1,100,-0.173
1738265336.012591,1608630.000,51300,3,AY,1,100,-0.184
1738265336.055060,1608670.000,51300,3,AY,1,100,-0.180
1738265336.097528,1608710.000,51317,3,AY,1,100,-0.176
1738265336.139997,1608750.000,51317,3,AY,1,100,-0.175
1738265336.182466,1608790.000,51317,3,AY,1,100,-0.177
1738265336.224934,1608830.000,51332,2,AY,1,100,-0.178
1738265336.267403,1608870.000,51332,2,AY,1,100,-0.181
1738265336.309871,1608910.000,51347,3,AY,1,100,-0.178
1738265336.352340,1608950.000,51347,3,AY,1,100,-0.177
1738265336.394809,1608990.000,51347,3,AY,1,100,-0.177
1738265336.437277,1609030.000,51363,2,AY,1,100,-0.181
1738265336.479746,1609070.000,51363,2,AY,1,100,-0.181
1738265336.522215,1609110.000,51379,3,AY,1,100,-0.178
1738265336.564683,1609150.000,51379,3,AY,1,100,-0.178
1738265336.607152,1609190.000,51379,3,AY,1,100,-0.178
1738265336.649621,1609230.000,51394,2,AY,1,100,-0.177
1738265336.692089,1609270.000,51394,2,AY,1,100,-0.181
1738265336.734558,1609310.000,51410,3,AY,1,100,-0.176
1738265336.777026,1609350.000,51410,3,AY,1,100,-0.174
1738265336.819495,1609390.000,51410,3,AY,1,100,-0.176
1738265336.868865,1609436.500,51427,2,AY,1,100,-0.177
1738265336.918234,1609483.000,51427,2,AY,1,100,-0.176
1738265336.960703,1609523.000,51443,2,AY,1,100,-0.176
1738265337.003172,1609563.000,51443,2,AY,1,100,-0.177
1738265337.045640,1609603.000,51458,3,AY,1,100,-0.177
1738265337.088109,1609643.000,51458,3,AY,1,100,-0.178
1738265337.130578,1609683.000,51458,3,AY,1,100,-0.178
1738265337.173046,1609723.000,51475,3,AY,1,100,-0.178
1738265337.215515,1609763.000,51475,3,AY,1,100,-0.177
1738265337.257983,1609803.000,51475,3,AY,1,100,-0.196
1738265337.300452,1609843.000,51491,2,AY,1,100,-0.172
1738265337.342921,1609883.000,51491,2,AY,1,100,-0.181
1738265337.385389,1609923.000,51507,3,AY,1,100,-0.177
1738265337.427858,1609963.000,51507,3,AY,1,100,-0.177
1738265337.470326,1610003.000,51507,3,AY,1,100,-0.192
1738265337.512795,1610043.000,51523,2,AY,1,100,-0.162
1738265337.555264,1610083.000,51523,2,AY,1,100,-0.175
1738265337.597732,1610123.000,51539,3,AY,1,100,-0.183
1738265337.640201,1610163.000,51539,3,AY,1,100,-0.189
1738265337.682669,1610203.000,51539,3,AY,1,100,-0.176
1738265337.725138,1610243.000,51554,3,AY,1,100,-0.155
1738265337.767607,1610283.000,51554,3,AY,1,100,-0.182
1738265337.810075,1610323.000,51554,3,AY,1,100,-0.176
1738265337.853075,1610363.500,51572,2,AY,1,100,-0.190
1738265337.896074,1610404.000,51572,2,AY,1,100,-0.215
1738265337.938543,1610444.000,51587,3,AY,1,100,-0.139
1738265337.981011,1610484.000,51587,3,AY,1,100,-0.032
1738265338.023480,1610524.000,51587,3,AY,1,100,-0.043
1738265338.072850,1610570.500,51603,2,AY,1,100,-0.127
1738265338.122220,1610617.000,51603,2,AY,1,100,-0.170
1738265338.164688,1610657.000,51621,3,AY,1,100,-0.159
1738265338.207157,1610697.000,51621,3,AY,1,100,-0.148
1738265338.249625,1610737.000,51621,3,AY,1,100,-0.200
1738265338.292094,1610777.000,51636,2,AY,1,100,-0.205
1738265338.334563,1610817.000,51636,2,AY,1,100,-0.200
1738265338.377031,1610857.000,51657,4,AY,1,100,-0.161
1738265338.419500,1610897.000,51657,4,AY,1,100,-0.135
1738265338.461968,1610937.000,51657,4,AY,1,100,-0.169
1738265338.504437,1610977.000,51657,4,AY,1,100,-0.192
1738265338.546906,1611017.000,51672,3,AY,1,100,-0.206
1738265338.589374,1611057.000,51672,3,AY,1,100,-0.171
1738265338.631843,1611097.000,51672,3,AY,1,100,-0.107
1738265338.674312,1611137.000,51688,2,AY,1,100,-0.123
1738265338.716780,1611177.000,51688,2,AY,1,100,-0.230
1738265338.759249,1611217.000,51703,3,AY,1,100,-0.291
1738265338.801718,1611257.000,51703,3,AY,1,100,-0.203
1738265338.844186,1611297.000,51703,3,AY,1,100,-0.150
1738265338.886655,1611337.000,51720,2,AY,1,100,-0.138
1738265338.929123,1611377.000,51720,2,AY,1,100,-0.164
1738265338.971592,1611417.000,51734,3,AY,1,100,-0.220
1738265339.014060,1611457.000,51734,3,AY,1,100,-0.204
1738265339.056529,1611497.000,51734,3,AY,1,100,-0.172
1738265339.098998,1611537.000,51750,3,AY,1,100,-0.158
1738265339.141466,1611577.000,51750,3,AY,1,100,-0.177
1738265339.183935,1611617.000,51750,3,AY,1,100,-0.192
1738265339.226403,1611657.000,51765,2,AY,1,100,-0.198
1738265339.268872,1611697.000,51765,2,AY,1,100,-0.195
1738265339.318242,1611743.500,51782,2,AY,1,100,-0.189
1738265339.367612,1611790.000,51782,2,AY,1,100,-0.185
1738265339.410080,1611830.000,51796,3,AY,1,100,-0.185
1738265339.452549,1611870.000,51796,3,AY,1,100,-0.203
1738265339.495018,1611910.000,51796,3,AY,1,100,-0.211
1738265339.537486,1611950.000,51812,2,AY,1,100,-0.189
1738265339.579955,1611990.000,51812,2,AY,1,100,-0.190
1738265339.622423,1612030.000,51830,3,AY,1,100,-0.190
1738265339.664892,1612070.000,51830,3,AY,1,100,-0.192
1738265339.707361,1612110.000,51830,3,AY,1,100,-0.201
1738265339.749829,1612150.000,51846,3,AY,1,100,-0.210
1738265339.792298,1612190.000,51846,3,AY,1,100,-0.202
1738265339.834766,1612230.000,51846,3,AY,1,100,-0.188
1738265339.877235,1612270.000,51861,2,AY,1,100,-0.195
1738265339.919704,1612310.000,51861,2,AY,1,100,-0.199
1738265339.962172,1612350.000,51877,3,AY,1,100,-0.188
1738265340.004641,1612390.000,51877,3,AY,1,100,-0.176
1738265340.047109,1612430.000,51877,3,AY,1,100,-0.190
1738265340.089578,1612470.000,51892,2,AY,1,100,-0.206
1738265340.132047,1612510.000,51892,2,AY,1,100,-0.204
1738265340.174515,1612550.000,51908,3,AY,1,100,-0.194
1738265340.216984,1612590.000,51908,3,AY,1,100,-0.189
1738265340.259453,1612630.000,51908,3,AY,1,100,-0.192
1738265340.301921,1612670.000,51924,2,AY,1,100,-0.200
1738265340.344390,1612710.000,51924,2,AY,1,100,-0.193
1738265340.386858,1612750.000,51939,2,AY,1,100,-0.191
1738265340.429327,1612790.000,51939,2,AY,1,100,-0.186
1738265340.476396,1612834.333,51954,3,AY,1,100,-0.191
1738265340.523466,1612878.667,51954,3,AY,1,100,-0.195
1738265340.570535,1612923.000,51954,3,AY,1,100,-0.192
1738265340.613004,1612963.000,51970,2,AY,1,100,-0.196
1738265340.655472,1613003.000,51970,2,AY,1,100,-0.205
1738265340.697941,1613043.000,51986,3,AY,1,100,-0.197
1738265340.740410,1613083.000,51986,3,AY,1,100,-0.198
1738265340.782878,1613123.000,51986,3,AY,1,100,-0.195
1738265340.825347,1613163.000,52001,2,AY,1,100,-0.197
1738265340.867815,1613203.000,52001,2,AY,1,100,-0.195
1738265340.910284,1613243.000,52016,3,AY,1,100,-0.188
1738265340.952753,1613283.000,52016,3,AY,1,100,-0.185
1738265340.995221,1613323.000,52016,3,AY,1,100,-0.192
1738265341.037690,1613363.000,52033,3,AY,1,100,-0.198
1738265341.080158,1613403.000,52033,3,AY,1,100,-0.196
1738265341.122627,1613443.000,52033,3,AY,1,100,-0.197
1738265341.165096,1613483.000,52050,2,AY,1,100,-0.208
1738265341.207564,1613523.000,52050,2,AY,1,100,-0.195
1738265341.250033,1613563.000,52065,3,AY,1,100,-0.200
1738265341.292501,1613603.000,52065,3,AY,1,100,-0.200
1738265341.334970,1613643.000,52065,3,AY,1,100,-0.199
1738265341.377439,1613683.000,52081,2,AY,1,100,-0.194
1738265341.419907,1613723.000,52081,2,AY,1,100,-0.181
1738265341.462376,1613763.000,52097,3,AY,1,100,-0.185
1738265341.504845,1613803.000,52097,3,AY,1,100,-0.196
1738265341.547313,1613843.000,52097,3,AY,1,100,-0.200
1738265341.589782,1613883.000,52112,2,AY,1,100,-0.197
1738265341.632251,1613923.000,52112,2,AY,1,100,-0.200
1738265341.681620,1613969.500,52129,2,AY,1,100,-0.197
1738265341.730990,1614016.000,52129,2,AY,1,100,-0.195
1738265341.773458,1614056.000,52145,3,AY,1,100,-0.197
1738265341.815927,1614096.000,52145,3,AY,1,100,-0.197
1738265341.858396,1614136.000,52145,3,AY,1,100,-0.192
1738265341.900864,1614176.000,52161,3,AY,1,100,-0.190
1738265341.943333,1614216.000,52161,3,AY,1,100,-0.190
1738265341.985802,1614256.000,52161,3,AY,1,100,-0.195
1738265342.028801,1614296.500,52176,2,AY,1,100,-0.190
1738265342.071801,1614337.000,52176,2,AY,1,100,-0.187
1738265342.113915,1614376.667,52192,3,AY,1,100,-0.192
1738265342.156030,1614416.333,52192,3,AY,1,100,-0.197
1738265342.198145,1614456.000,52192,3,AY,1,100,-0.196
1738265342.241144,1614496.500,52211,2,AY,1,100,-0.191
1738265342.284144,1614537.000,52211,2,AY,1,100,-0.195
1738265342.326258,1614576.667,52227,3,AY,1,100,-0.194
1738265342.368373,1614616.333,52227,3,AY,1,100,-0.190
1738265342.410488,1614656.000,52227,3,AY,1,100,-0.191
1738265342.453487,1614696.500,52243,2,AY,1,100,-0.193
1738265342.496487,1614737.000,52243,2,AY,1,100,-0.194
1738265342.538601,1614776.667,52259,3,AY,1,100,-0.192
1738265342.580716,1614816.333,52259,3,AY,1,100,-0.191
1738265342.622831,1614856.000,52259,3,AY,1,100,-0.192
1738265342.665299,1614896.000,52273,2,AY,1,100,-0.191
1738265342.707768,1614936.000,52273,2,AY,1,100,-0.192
1738265342.750237,1614976.000,52290,3,AY,1,100,-0.194
1738265342.792705,1615016.000,52290,3,AY,1,100,-0.192
1738265342.835174,1615056.000,52290,3,AY,1,100,-0.190
1738265342.885075,1615103.000,52305,2,AY,1,100,-0.191
1738265342.934975,1615150.000,52305,2,AY,1,100,-0.191
1738265342.977444,1615190.000,52323,3,AY,1,100,-0.192
1738265343.019912,1615230.000,52323,3,AY,1,100,-0.194
1738265343.062381,1615270.000,52323,3,AY,1,100,-0.194
1738265343.104850,1615310.000,52337,2,AY,1,100,-0.190
1738265343.147318,1615350.000,52337,2,AY,1,100,-0.190
1738265343.189787,1615390.000,52354,3,AY,1,100,-0.194
1738265343.232255,1615430.000,52354,3,AY,1,100,-0.194
1738265343.274724,1615470.000,52354,3,AY,1,100,-0.189
1738265343.317193,1615510.000,52369,2,AY,1,100,-0.192
1738265343.359661,1615550.000,52369,2,AY,1,100,-0.189
1738265343.402130,1615590.000,52385,3,AY,1,100,-0.189
1738265343.444598,1615630.000,52385,3,AY,1,100,-0.189
1738265343.487067,1615670.000,52385,3,AY,1,100,-0.191
1738265343.529005,1615709.500,52400,2,AY,1,100,-0.189
1738265343.570943,1615749.000,52400,2,AY,1,100,-0.191
1738265343.613765,1615789.333,52416,3,AY,1,100,-0.191
1738265343.656588,1615829.667,52416,3,AY,1,100,-0.191
1738265343.699410,1615870.000,52416,3,AY,1,100,-0.180
1738265343.741348,1615909.500,52433,2,AY,1,100,-0.182
1738265343.783286,1615949.000,52433,2,AY,1,100,-0.195
1738265343.826020,1615989.250,52453,4,AY,1,100,-0.202
1738265343.868754,1616029.500,52453,4,AY,1,100,-0.192
1738265343.911488,1616069.750,52453,4,AY,1,100,-0.187
1738265343.954222,1616110.000,52453,4,AY,1,100,-0.189
1738265344.001291,1616154.333,52468,3,AY,1,100,-0.189
1738265344.048361,1616198.667,52468,3,AY,1,100,-0.191
1738265344.095430,1616243.000,52468,3,AY,1,100,-0.188
1738265344.137899,1616283.000,52484,2,AY,1,100,-0.184
1738265344.180367,1616323.000,52484,2,AY,1,100,-0.182
1738265344.222836,1616363.000,52499,3,AY,1,100,-0.208
1738265344.265305,1616403.000,52499,3,AY,1,100,-0.201
1738265344.307773,1616443.000,52499,3,AY,1,100,-0.192
1738265344.350242,1616483.000,52515,2,AY,1,100,-0.193
1738265344.392710,1616523.000,52515,2,AY,1,100,-0.185
1738265344.435179,1616563.000,52530,3,AY,1,100,-0.185
1738265344.477648,1616603.000,52530,3,AY,1,100,-0.195
1738265344.520116,1616643.000,52530,3,AY,1,100,-0.181
1738265344.562585,1616683.000,52547,2,AY,1,100,-0.197
1738265344.605053,1616723.000,52547,2,AY,1,100,-0.194
1738265344.647522,1616763.000,52561,3,AY,1,100,-0.189
1738265344.689991,1616803.000,52561,3,AY,1,100,-0.195
1738265344.732459,1616843.000,52561,3,AY,1,100,-0.198
1738265344.774928,1616883.000,52577,2,AY,1,100,-0.192
1738265344.817396,1616923.000,52577,2,AY,1,100,-0.190
1738265344.859865,1616963.000,52592,3,AY,1,100,-0.193
1738265344.902334,1617003.000,52592,3,AY,1,100,-0.195
1738265344.944802,1617043.000,52592,3,AY,1,100,-0.178
1738265344.987271,1617083.000,52609,2,AY,1,100,-0.200
1738265345.029739,1617123.000,52609,2,AY,1,100,-0.219
1738265345.072208,1617163.000,52626,3,AY,1,100,-0.200
1738265345.114677,1617203.000,52626,3,AY,1,100,-0.186
1738265345.157145,1617243.000,52626,3,AY,1,100,-0.187
1738265345.199614,1617283.000,52641,2,AY,1,100,-0.194
1738265345.242083,1617323.000,52641,2,AY,1,100,-0.196
1738265345.289152,1617367.333,52657,3,AY,1,100,-0.189
1738265345.336221,1617411.667,52657,3,AY,1,100,-0.182
1738265345.383291,1617456.000,52657,3,AY,1,100,-0.192
1738265345.425759,1617496.000,52673,2,AY,1,100,-0.196
1738265345.468228,1617536.000,52673,2,AY,1,100,-0.204
1738265345.510697,1617576.000,52688,3,AY,1,100,-0.193
1738265345.553165,1617616.000,52688,3,AY,1,100,-0.185
1738265345.595634,1617656.000,52688,3,AY,1,100,-0.189
1738265345.638102,1617696.000,52704,2,AY,1,100,-0.195
1738265345.680571,1617736.000,52704,2,AY,1,100,-0.194
1738265345.723040,1617776.000,52721,3,AY,1,100,-0.195
1738265345.765508,1617816.000,52721,3,AY,1,100,-0.190
1738265345.807977,1617856.000,52721,3,AY,1,100,-0.195
1738265345.850446,1617896.000,52737,2,AY,1,100,-0.200
1738265345.892914,1617936.000,52737,2,AY,1,100,-0.190
1738265345.935383,1617976.000,52753,3,AY,1,100,-0.192
1738265345.977851,1618016.000,52753,3,AY,1,100,-0.196
1738265346.020320,1618056.000,52753,3,AY,1,100,-0.207
1738265346.062788,1618096.000,52768,3,AY,1,100,-0.192
1738265346.105257,1618136.000,52768,3,AY,1,100,-0.192
1738265346.147726,1618176.000,52768,3,AY,1,100,-0.196
1738265346.190194,1618216.000,52783,2,AY,1,100,-0.199
1738265346.232663,1618256.000,52783,2,AY,1,100,-0.216
1738265346.275131,1618296.000,52799,3,AY,1,100,-0.171
1738265346.317600,1618336.000,52799,3,AY,1,100,-0.177
1738265346.360069,1618376.000,52799,3,AY,1,100,-0.194
1738265346.409439,1618422.500,52815,2,AY,1,100,-0.194
1738265346.458808,1618469.000,52815,2,AY,1,100,-0.195
1738265346.501277,1618509.000,52830,2,AY,1,100,-0.186
1738265346.543746,1618549.000,52830,2,AY,1,100,-0.184
1738265346.586214,1618589.000,52847,3,AY,1,100,-0.188
1738265346.628683,1618629.000,52847,3,AY,1,100,-0.194
1738265346.671151,1618669.000,52847,3,AY,1,100,-0.195
1738265346.713620,1618709.000,52864,2,AY,1,100,-0.188
1738265346.756088,1618749.000,52864,2,AY,1,100,-0.188
1738265346.798557,1618789.000,52879,3,AY,1,100,-0.183
1738265346.841026,1618829.000,52879,3,AY,1,100,-0.189
1738265346.883494,1618869.000,52879,3,AY,1,100,-0.190
1738265346.925963,1618909.000,52894,2,AY,1,100,-0.190
1738265346.968432,1618949.000,52894,2,AY,1,100,-0.190
1738265347.010900,1618989.000,52910,3,AY,1,100,-0.187
1738265347.053369,1619029.000,52910,3,AY,1,100,-0.181
1738265347.095838,1619069.000,52910,3,AY,1,100,-0.187
1738265347.138306,1619109.000,52926,3,AY,1,100,-0.185
1738265347.180775,1619149.000,52926,3,AY,1,100,-0.182
1738265347.223243,1619189.000,52926,3,AY,1,100,-0.185
1738265347.265712,1619229.000,52941,2,AY,1,100,-0.185
1738265347.308181,1619269.000,52941,2,AY,1,100,-0.188
1738265347.350649,1619309.000,52957,3,AY,1,100,-0.185
1738265347.393118,1619349.000,52957,3,AY,1,100,-0.184
1738265347.435586,1619389.000,52957,3,AY,1,100,-0.190
1738265347.478055,1619429.000,52976,2,AY,1,100,-0.190
1738265347.520524,1619469.000,52976,2,AY,1,100,-0.188
1738265347.562992,1619509.000,52994,2,AY,1,100,-0.189
1738265347.605461,1619549.000,52994,2,AY,1,100,-0.188
1738265347.652530,1619593.333,53009,3,AY,1,100,-0.192
1738265347.699600,1619637.667,53009,3,AY,1,100,-0.189
1738265347.746669,1619682.000,53009,3,AY,1,100,-0.190
1738265347.789138,1619722.000,53026,3,AY,1,100,-0.193
1738265347.831606,1619762.000,53026,3,AY,1,100,-0.194
1738265347.874075,1619802.000,53026,3,AY,1,100,-0.193
1738265347.916543,1619842.000,53040,2,AY,1,100,-0.196
1738265347.959012,1619882.000,53040,2,AY,1,100,-0.196
1738265348.001481,1619922.000,53056,3,AY,1,100,-0.195
1738265348.043949,1619962.000,53056,3,AY,1,100,-0.194
1738265348.086418,1620002.000,53056,3,AY,1,100,-0.193
1738265348.128886,1620042.000,53074,2,AY,1,100,-0.191
1738265348.171355,1620082.000,53074,2,AY,1,100,-0.193
1738265348.213824,1620122.000,53090,3,AY,1,100,-0.192
1738265348.256292,1620162.000,53090,3,AY,1,100,-0.194
1738265348.298761,1620202.000,53090,3,AY,1,100,-0.194
1738265348.341230,1620242.000,53104,2,AY,1,100,-0.189
1738265348.383698,1620282.000,53104,2,AY,1,100,-0.192
1738265348.426167,1620322.000,53121,3,AY,1,100,-0.192
1738265348.468635,1620362.000,53121,3,AY,1,100,-0.188
1738265348.511104,1620402.000,53121,3,AY,1,100,-0.193
1738265348.553573,1620442.000,53136,2,AY,1,100,-0.192
1738265348.596041,1620482.000,53136,2,AY,1,100,-0.198
1738265348.638864,1620522.333,53152,3,AY,1,100,-0.195
1738265348.681686,1620562.667,53152,3,AY,1,100,-0.195
1738265348.724509,1620603.000,53152,3,AY,1,100,-0.191
1738265348.766977,1620643.000,53166,2,AY,1,100,-0.193
1738265348.809446,1620683.000,53166,2,AY,1,100,-0.193
1738265348.856515,1620727.333,53183,3,AY,1,100,-0.195
1738265348.903585,1620771.667,53183,3,AY,1,100,-0.192
1738265348.950654,1620816.000,53183,3,AY,1,100,-0.193
1738265348.993123,1620856.000,53198,2,AY,1,100,-0.192
1738265349.035591,1620896.000,53198,2,AY,1,100,-0.192
1738265349.078060,1620936.000,53214,3,AY,1,100,-0.193
1738265349.120529,1620976.000,53214,3,AY,1,100,-0.193
1738265349.162997,1621016.000,53214,3,AY,1,100,-0.194
1738265349.205466,1621056.000,53229,2,AY,1,100,-0.192
1738265349.247935,1621096.000,53229,2,AY,1,100,-0.192
1738265349.290403,1621136.000,53250,4,AY,1,100,-0.192
1738265349.332872,1621176.000,53250,4,AY,1,100,-0.195
1738265349.375340,1621216.000,53250,4,AY,1,100,-0.191
1738265349.417809,1621256.000,53250,4,AY,1,100,-0.192
1738265349.460278,1621296.000,53264,2,AY,1,100,-0.198
1738265349.502746,1621336.000,53264,2,AY,1,100,-0.198
1738265349.545215,1621376.000,53281,3,AY,1,100,-0.194
1738265349.587683,1621416.000,53281,3,AY,1,100,-0.194
1738265349.630152,1621456.000,53281,3,AY,1,100,-0.195
1738265349.672621,1621496.000,53296,3,AY,1,100,-0.197
1738265349.715089,1621536.000,53296,3,AY,1,100,-0.196
1738265349.757558,1621576.000,53296,3,AY,1,100,-0.194
1738265349.800026,1621616.000,53312,2,AY,1,100,-0.197
1738265349.842495,1621656.000,53312,2,AY,1,100,-0.197
1738265349.884964,1621696.000,53327,3,AY,1,100,-0.195
1738265349.927432,1621736.000,53327,3,AY,1,100,-0.193
1738265349.969901,1621776.000,53327,3,AY,1,100,-0.195
1738265350.019271,1621822.500,53345,2,AY,1,100,-0.193
1738265350.068640,1621869.000,53345,2,AY,1,100,-0.190
1738265350.111109,1621909.000,53360,2,AY,1,100,-0.193
1738265350.153578,1621949.000,53360,2,AY,1,100,-0.199
1738265350.196046,1621989.000,53377,3,AY,1,100,-0.197
1738265350.238515,1622029.000,53377,3,AY,1,100,-0.193
1738265350.280983,1622069.000,53377,3,AY,1,100,-0.195
1738265350.323452,1622109.000,53392,3,AY,1,100,-0.197
1738265350.365921,1622149.000,53392,3,AY,1,100,-0.195
1738265350.408389,1622189.000,53392,3,AY,1,100,-0.195
1738265350.450858,1622229.000,53407,2,AY,1,100,-0.195
1738265350.493326,1622269.000,53407,2,AY,1,100,-0.195
1738265350.535795,1622309.000,53422,3,AY,1,100,-0.195
1738265350.578264,1622349.000,53422,3,AY,1,100,-0.193
1738265350.620732,1622389.000,53422,3,AY,1,100,-0.197
1738265350.663201,1622429.000,53441,2,AY,1,100,-0.196
1738265350.705670,1622469.000,53441,2,AY,1,100,-0.197
1738265350.748138,1622509.000,53456,3,AY,1,100,-0.198
1738265350.790607,1622549.000,53456,3,AY,1,100,-0.200
1738265350.833076,1622589.000,53456,3,AY,1,100,-0.199
1738265350.875544,1622629.000,53471,2,AY,1,100,-0.198
1738265350.918013,1622669.000,53471,2,AY,1,100,-0.198
1738265350.960481,1622709.000,53487,3,AY,1,100,-0.197
1738265351.002950,1622749.000,53487,3,AY,1,100,-0.198
1738265351.045419,1622789.000,53487,3,AY,1,100,-0.199
1738265351.087887,1622829.000,53503,2,AY,1,100,-0.198
1738265351.130356,1622869.000,53503,2,AY,1,100,-0.201
1738265351.177425,1622913.333,53518,3,AY,1,100,-0.202
1738265351.224494,1622957.667,53518,3,AY,1,100,-0.199
1738265351.271564,1623002.000,53518,3,AY,1,100,-0.197
1738265351.314033,1623042.000,53534,2,AY,1,100,-0.197
1738265351.356501,1623082.000,53534,2,AY,1,100,-0.199
1738265351.398970,1623122.000,53549,3,AY,1,100,-0.200
1738265351.441438,1623162.000,53549,3,AY,1,100,-0.198
1738265351.483907,1623202.000,53549,3,AY,1,100,-0.198
1738265351.526376,1623242.000,53567,2,AY,1,100,-0.201
1738265351.568844,1623282.000,53567,2,AY,1,100,-0.198
1738265351.611313,1623322.000,53583,3,AY,1,100,-0.201
1738265351.653781,1623362.000,53583,3,AY,1,100,-0.200
1738265351.696250,1623402.000,53583,3,AY,1,100,-0.199
1738265351.738719,1623442.000,53598,2,AY,1,100,-0.200
1738265351.781187,1623482.000,53598,2,AY,1,100,-0.200
1738265351.823656,1623522.000,53613,3,AY,1,100,-0.198
1738265351.866124,1623562.000,53613,3,AY,1,100,-0.199
1738265351.908593,1623602.000,53613,3,AY,1,100,-0.198
1738265351.951062,1623642.000,53629,2,AY,1,100,-0.201
1738265351.993530,1623682.000,53629,2,AY,1,100,-0.199
1738265352.035999,1623722.000,53645,3,AY,1,100,-0.197
1738265352.078468,1623762.000,53645,3,AY,1,100,-0.197
1738265352.120936,1623802.000,53645,3,AY,1,100,-0.198
1738265352.163405,1623842.000,53660,2,AY,1,100,-0.198
1738265352.205873,1623882.000,53660,2,AY,1,100,-0.199
1738265352.248342,1623922.000,53675,3,AY,1,100,-0.197
1738265352.290811,1623962.000,53675,3,AY,1,100,-0.199
1738265352.333279,1624002.000,53675,3,AY,1,100,-0.199
1738265352.375748,1624042.000,53694,2,AY,1,100,-0.198
1738265352.418216,1624082.000,53694,2,AY,1,100,-0.199
1738265352.465640,1624126.667,53709,3,AY,1,100,-0.199
1738265352.513063,1624171.333,53709,3,AY,1,100,-0.199
1738265352.560486,1624216.000,53709,3,AY,1,100,-0.197
1738265352.602424,1624255.500,53724,2,AY,1,100,-0.198
1738265352.644362,1624295.000,53724,2,AY,1,100,-0.199
1738265352.686830,1624335.000,53740,3,AY,1,100,-0.197
1738265352.729299,1624375.000,53740,3,AY,1,100,-0.198
1738265352.771768,1624415.000,53740,3,AY,1,100,-0.202
1738265352.814236,1624455.000,53758,2,AY,1,100,-0.198
1738265352.856705,1624495.000,53758,2,AY,1,100,-0.198
1738265352.899173,1624535.000,53773,3,AY,1,100,-0.199
1738265352.941642,1624575.000,53773,3,AY,1,100,-0.199
1738265352.984111,1624615.000,53773,3,AY,1,100,-0.195
1738265353.027110,1624655.500,53791,2,AY,1,100,-0.199
1738265353.070110,1624696.000,53791,2,AY,1,100,-0.197
1738265353.112224,1624735.667,53806,3,AY,1,100,-0.198
1738265353.154339,1624775.333,53806,3,AY,1,100,-0.199
1738265353.196454,1624815.000,53806,3,AY,1,100,-0.199
1738265353.238922,1624855.000,53822,2,AY,1,100,-0.198
1738265353.281391,1624895.000,53822,2,AY,1,100,-0.199
1738265353.323860,1624935.000,53837,3,AY,1,100,-0.198
1738265353.366328,1624975.000,53837,3,AY,1,100,-0.199
1738265353.408797,1625015.000,53837,3,AY,1,100,-0.199
1738265353.451265,1625055.000,53854,2,AY,1,100,-0.198
1738265353.493734,1625095.000,53854,2,AY,1,100,-0.196
1738265353.536203,1625135.000,53868,3,AY,1,100,-0.204
1738265353.578671,1625175.000,53868,3,AY,1,100,-0.199
1738265353.621140,1625215.000,53868,3,AY,1,100,-0.195
1738265353.671041,1625262.000,53884,2,AY,1,100,-0.197
1738265353.720941,1625309.000,53884,2,AY,1,100,-0.196
1738265353.763410,1625349.000,53900,3,AY,1,100,-0.199
1738265353.805878,1625389.000,53900,3,AY,1,100,-0.201
1738265353.848347,1625429.000,53900,3,AY,1,100,-0.201
1738265353.890815,1625469.000,53918,2,AY,1,100,-0.199
1738265353.933284,1625509.000,53918,2,AY,1,100,-0.198
1738265353.975399,1625548.667,53932,3,AY,1,100,-0.197
1738265354.017514,1625588.333,53932,3,AY,1,100,-0.201
1738265354.059628,1625628.000,53932,3,AY,1,100,-0.200
1738265354.102628,1625668.500,53949,2,AY,1,100,-0.198
1738265354.145627,1625709.000,53949,2,AY,1,100,-0.198
1738265354.187742,1625748.667,53964,3,AY,1,100,-0.198
1738265354.229857,1625788.333,53964,3,AY,1,100,-0.195
1738265354.271971,1625828.000,53964,3,AY,1,100,-0.201
1738265354.314440,1625868.000,53980,2,AY,1,100,-0.197
1738265354.356909,1625908.000,53980,2,AY,1,100,-0.203
1738265354.399377,1625948.000,53994,3,AY,1,100,-0.200
1738265354.441846,1625988.000,53994,3,AY,1,100,-0.199
1738265354.484314,1626028.000,53994,3,AY,1,100,-0.203
1738265354.527137,1626068.333,54011,3,AY,1,100,-0.196
1738265354.569959,1626108.667,54011,3,AY,1,100,-0.199
1738265354.612782,1626149.000,54011,3,AY,1,100,-0.199
1738265354.655251,1626189.000,54026,2,AY,1,100,-0.202
1738265354.697719,1626229.000,54026,2,AY,1,100,-0.200
1738265354.743639,1626272.250,54050,4,AY,1,100,-0.200
1738265354.789558,1626315.500,54050,4,AY,1,100,-0.201
1738265354.835477,1626358.750,54050,4,AY,1,100,-0.201
1738265354.881396,1626402.000,54050,4,AY,1,100,-0.199
1738265354.923865,1626442.000,54065,2,AY,1,100,-0.199
1738265354.966333,1626482.000,54065,2,AY,1,100,-0.201
1738265355.008802,1626522.000,54081,3,AY,1,100,-0.200
1738265355.051270,1626562.000,54081,3,AY,1,100,-0.201
1738265355.093739,1626602.000,54081,3,AY,1,100,-0.198
1738265355.136208,1626642.000,54095,2,AY,1,100,-0.196
1738265355.178676,1626682.000,54095,2,AY,1,100,-0.199
1738265355.221145,1626722.000,54112,3,AY,1,100,-0.204
1738265355.263613,1626762.000,54112,3,AY,1,100,-0.199
1738265355.306082,1626802.000,54112,3,AY,1,100,-0.198
1738265355.348551,1626842.000,54127,2,AY,1,100,-0.199
1738265355.391019,1626882.000,54127,2,AY,1,100,-0.202
1738265355.433488,1626922.000,54143,3,AY,1,100,-0.198
1738265355.475956,1626962.000,54143,3,AY,1,100,-0.198
1738265355.518425,1627002.000,54143,3,AY,1,100,-0.200
1738265355.560894,1627042.000,54160,2,AY,1,100,-0.199
1738265355.603362,1627082.000,54160,2,AY,1,100,-0.198
1738265355.645831,1627122.000,54176,3,AY,1,100,-0.200
1738265355.688300,1627162.000,54176,3,AY,1,100,-0.201
1738265355.730768,1627202.000,54176,3,AY,1,100,-0.201
1738265355.773237,1627242.000,54191,3,AY,1,100,-0.199
1738265355.815706,1627282.000,54191,3,AY,1,100,-0.199
1738265355.858174,1627322.000,54191,3,AY,1,100,-0.199
1738265355.900643,1627362.000,54208,2,AY,1,100,-0.197
1738265355.943111,1627402.000,54208,2,AY,1,100,-0.197
1738265355.990181,1627446.333,54223,3,AY,1,100,-0.198
1738265356.037250,1627490.667,54223,3,AY,1,100,-0.203
1738265356.084319,1627535.000,54223,3,AY,1,100,-0.196
1738265356.126788,1627575.000,54238,2,AY,1,100,-0.197
1738265356.169257,1627615.000,54238,2,AY,1,100,-0.201
1738265356.211725,1627655.000,54254,3,AY,1,100,-0.199
1738265356.254194,1627695.000,54254,3,AY,1,100,-0.196
1738265356.296663,1627735.000,54254,3,AY,1,100,-0.197
1738265356.339131,1627775.000,54270,2,AY,1,100,-0.200
1738265356.381600,1627815.000,54270,2,AY,1,100,-0.197
1738265356.424068,1627855.000,54285,3,AY,1,100,-0.198
1738265356.466537,1627895.000,54285,3,AY,1,100,-0.197
1738265356.509006,1627935.000,54285,3,AY,1,100,-0.198
1738265356.551474,1627975.000,54300,2,AY,1,100,-0.197
1738265356.593943,1628015.000,54300,2,AY,1,100,-0.198
1738265356.636411,1628055.000,54316,3,AY,1,100,-0.199
1738265356.678880,1628095.000,54316,3,AY,1,100,-0.198
1738265356.721349,1628135.000,54316,3,AY,1,100,-0.194
1738265356.763817,1628175.000,54332,2,AY,1,100,-0.195
1738265356.806286,1628215.000,54332,2,AY,1,100,-0.201
1738265356.848754,1628255.000,54347,3,AY,1,100,-0.201
1738265356.891223,1628295.000,54347,3,AY,1,100,-0.195
1738265356.933692,1628335.000,54347,3,AY,1,100,-0.196
1738265356.976160,1628375.000,54363,2,AY,1,100,-0.198
1738265357.018629,1628415.000,54363,2,AY,1,100,-0.198
1738265357.061098,1628455.000,54378,3,AY,1,100,-0.198
1738265357.103566,1628495.000,54378,3,AY,1,100,-0.198
1738265357.146035,1628535.000,54378,3,AY,1,100,-0.198
1738265357.195935,1628582.000,54394,2,AY,1,100,-0.196
1738265357.245836,1628629.000,54394,2,AY,1,100,-0.198
1738265357.287951,1628668.667,54412,3,AY,1,100,-0.197
1738265357.330065,1628708.333,54412,3,AY,1,100,-0.198
1738265357.372180,1628748.000,54412,3,AY,1,100,-0.197
1738265357.414649,1628788.000,54427,2,AY,1,100,-0.196
1738265357.457117,1628828.000,54427,2,AY,1,100,-0.196
1738265357.499586,1628868.000,54442,3,AY,1,100,-0.196
1738265357.542055,1628908.000,54442,3,AY,1,100,-0.195
1738265357.584523,1628948.000,54442,3,AY,1,100,-0.193
1738265357.626992,1628988.000,54458,2,AY,1,100,-0.196
1738265357.669460,1629028.000,54458,2,AY,1,100,-0.197
1738265357.711929,1629068.000,54474,3,AY,1,100,-0.195
1738265357.754398,1629108.000,54474,3,AY,1,100,-0.196
1738265357.796866,1629148.000,54474,3,AY,1,100,-0.197
1738265357.839335,1629188.000,54490,2,AY,1,100,-0.195
1738265357.881804,1629228.000,54490,2,AY,1,100,-0.198
1738265357.924272,1629268.000,54504,3,AY,1,100,-0.197
1738265357.966741,1629308.000,54504,3,AY,1,100,-0.195
1738265358.009209,1629348.000,54504,3,AY,1,100,-0.197
1738265358.051678,1629388.000,54523,3,AY,1,100,-0.198
1738265358.094146,1629428.000,54523,3,AY,1,100,-0.194
1738265358.136615,1629468.000,54523,3,AY,1,100,-0.197
1738265358.179084,1629508.000,54538,2,AY,1,100,-0.198
1738265358.221552,1629548.000,54538,2,AY,1,100,-0.197
1738265358.264021,1629588.000,54554,3,AY,1,100,-0.197
1738265358.306490,1629628.000,54554,3,AY,1,100,-0.193
1738265358.348958,1629668.000,54554,3,AY,1,100,-0.192
1738265358.398328,1629714.500,54571,2,AY,1,100,-0.192
1738265358.447698,1629761.000,54571,2,AY,1,100,-0.200
1738265358.490697,1629801.500,54587,2,AY,1,100,-0.203
1738265358.533697,1629842.000,54587,2,AY,1,100,-0.196
1738265358.575811,1629881.667,54602,3,AY,1,100,-0.193
1738265358.617926,1629921.333,54602,3,AY,1,100,-0.199
1738265358.660041,1629961.000,54602,3,AY,1,100,-0.198
1738265358.703040,1630001.500,54619,2,AY,1,100,-0.197
1738265358.746040,1630042.000,54619,2,AY,1,100,-0.194
1738265358.788154,1630081.667,54633,3,AY,1,100,-0.196
1738265358.830269,1630121.333,54633,3,AY,1,100,-0.198
1738265358.872384,1630161.000,54633,3,AY,1,100,-0.199
1738265358.914852,1630201.000,54649,3,AY,1,100,-0.196
1738265358.957321,1630241.000,54649,3,AY,1,100,-0.198
1738265358.999790,1630281.000,54649,3,AY,1,100,-0.195
1738265359.042258,1630321.000,54664,2,AY,1,100,-0.197
1738265359.084727,1630361.000,54664,2,AY,1,100,-0.194
1738265359.127196,1630401.000,54681,3,AY,1,100,-0.193
1738265359.169664,1630441.000,54681,3,AY,1,100,-0.200
1738265359.212133,1630481.000,54681,3,AY,1,100,-0.201
1738265359.254601,1630521.000,54695,2,AY,1,100,-0.195
1738265359.297070,1630561.000,54695,2,AY,1,100,-0.195
1738265359.339539,1630601.000,54711,3,AY,1,100,-0.198
1738265359.382007,1630641.000,54711,3,AY,1,100,-0.197
1738265359.424476,1630681.000,54711,3,AY,1,100,-0.195
1738265359.467475,1630721.500,54727,2,AY,1,100,-0.197
1738265359.510475,1630762.000,54727,2,AY,1,100,-0.195
1738265359.557544,1630806.333,54743,3,AY,1,100,-0.200
1738265359.604614,1630850.667,54743,3,AY,1,100,-0.197
1738265359.651683,1630895.000,54743,3,AY,1,100,-0.194
1738265359.694152,1630935.000,54758,2,AY,1,100,-0.198
1738265359.736620,1630975.000,54758,2,AY,1,100,-0.198
1738265359.779089,1631015.000,54774,3,AY,1,100,-0.198
1738265359.821557,1631055.000,54774,3,AY,1,100,-0.189
1738265359.864026,1631095.000,54774,3,AY,1,100,-0.185
1738265359.906495,1631135.000,54789,2,AY,1,100,-0.203
1738265359.948963,1631175.000,54789,2,AY,1,100,-0.211
1738265359.991432,1631215.000,54805,3,AY,1,100,-0.198
1738265360.033900,1631255.000,54805,3,AY,1,100,-0.198
1738265360.076369,1631295.000,54805,3,AY,1,100,-0.198
1738265360.118838,1631335.000,54829,5,AY,1,100,-0.183
1738265360.161306,1631375.000,54829,5,AY,1,100,-0.197
1738265360.203775,1631415.000,54829,5,AY,1,100,-0.218
1738265360.246243,1631455.000,54829,5,AY,1,100,-0.199
1738265360.288712,1631495.000,54829,5,AY,1,100,-0.190
1738265360.331181,1631535.000,54844,2,AY,1,100,-0.196
1738265360.373649,1631575.000,54844,2,AY,1,100,-0.198
1738265360.416118,1631615.000,54860,3,AY,1,100,-0.198
1738265360.458586,1631655.000,54860,3,AY,1,100,-0.199
1738265360.501055,1631695.000,54860,3,AY,1,100,-0.199
1738265360.543524,1631735.000,54878,3,AY,1,100,-0.200
1738265360.585992,1631775.000,54878,3,AY,1,100,-0.194
1738265360.628461,1631815.000,54878,3,AY,1,100,-0.204
1738265360.670930,1631855.000,54893,2,AY,1,100,-0.200
1738265360.713398,1631895.000,54893,2,AY,1,100,-0.187
1738265360.755336,1631934.500,54908,2,AY,1,100,-0.200
1738265360.797274,1631974.000,54908,2,AY,1,100,-0.198
1738265360.844697,1632018.667,54925,3,AY,1,100,-0.195
1738265360.892120,1632063.333,54925,3,AY,1,100,-0.191
1738265360.939543,1632108.000,54925,3,AY,1,100,-0.197
1738265360.982012,1632148.000,54942,2,AY,1,100,-0.199
1738265361.024481,1632188.000,54942,2,AY,1,100,-0.191
1738265361.066949,1632228.000,54958,3,AY,1,100,-0.186
1738265361.109418,1632268.000,54958,3,AY,1,100,-0.120
1738265361.151887,1632308.000,54958,3,AY,1,100,-0.177
1738265361.194355,1632348.000,54973,3,AY,1,100,-0.160
1738265361.236824,1632388.000,54973,3,AY,1,100,-0.149
1738265361.279293,1632428.000,54973,3,AY,1,100,-0.167
1738265361.321761,1632468.000,54991,2,AY,1,100,-0.126
1738265361.364230,1632508.000,54991,2,AY,1,100,-0.151
1738265361.406698,1632548.000,55006,3,AY,1,100,-0.081
1738265361.449167,1632588.000,55006,3,AY,1,100,-0.108
1738265361.491636,1632628.000,55006,3,AY,1,100,-0.159
1738265361.534104,1632668.000,55022,2,AY,1,100,-0.155
1738265361.576573,1632708.000,55022,2,AY,1,100,-0.184
1738265361.619041,1632748.000,55037,3,AY,1,100,-0.179
1738265361.661510,1632788.000,55037,3,AY,1,100,-0.189
1738265361.703979,1632828.000,55037,3,AY,1,100,-0.188
1738265361.746447,1632868.000,55053,2,AY,1,100,-0.217
1738265361.788916,1632908.000,55053,2,AY,1,100,-0.187
1738265361.831384,1632948.000,55068,3,AY,1,100,-0.163
1738265361.873853,1632988.000,55068,3,AY,1,100,-0.121
1738265361.916322,1633028.000,55068,3,AY,1,100,-0.096
1738265361.965692,1633074.500,55085,2,AY,1,100,-0.079
1738265362.015061,1633121.000,55085,2,AY,1,100,-0.090
1738265362.057530,1633161.000,55099,2,AY,1,100,-0.095
1738265362.099998,1633201.000,55099,2,AY,1,100,-0.095
1738265362.142467,1633241.000,55115,3,AY,1,100,-0.131
1738265362.184936,1633281.000,55115,3,AY,1,100,-0.125
1738265362.227404,1633321.000,55115,3,AY,1,100,-0.126
1738265362.269873,1633361.000,55131,3,AY,1,100,-0.131
1738265362.312341,1633401.000,55131,3,AY,1,100,-0.099
1738265362.354810,1633441.000,55131,3,AY,1,100,-0.075
1738265362.397279,1633481.000,55149,2,AY,1,100,-0.107
1738265362.439747,1633521.000,55149,2,AY,1,100,-0.116
1738265362.482216,1633561.000,55163,3,AY,1,100,-0.114
1738265362.524685,1633601.000,55163,3,AY,1,100,-0.097
1738265362.567153,1633641.000,55163,3,AY,1,100,-0.088
1738265362.609622,1633681.000,55180,2,AY,1,100,-0.097
1738265362.652090,1633721.000,55180,2,AY,1,100,-0.105
1738265362.694559,1633761.000,55195,3,AY,1,100,-0.105
1738265362.737028,1633801.000,55195,3,AY,1,100,-0.091
1738265362.779496,1633841.000,55195,3,AY,1,100,-0.080
1738265362.821965,1633881.000,55211,2,AY,1,100,-0.105
1738265362.864434,1633921.000,55211,2,AY,1,100,-0.104
1738265362.906902,1633961.000,55225,3,AY,1,100,-0.080
1738265362.949371,1634001.000,55225,3,AY,1,100,-0.089
1738265362.991839,1634041.000,55225,3,AY,1,100,-0.095
1738265363.034308,1634081.000,55242,2,AY,1,100,-0.096
1738265363.076777,1634121.000,55242,2,AY,1,100,-0.091
1738265363.119245,1634161.000,55257,3,AY,1,100,-0.091
1738265363.161714,1634201.000,55257,3,AY,1,100,-0.085
1738265363.204182,1634241.000,55257,3,AY,1,100,-0.100
1738265363.253552,1634287.500,55273,2,AY,1,100,-0.080
1738265363.302922,1634334.000,55273,2,AY,1,100,-0.091
1738265363.345391,1634374.000,55288,2,AY,1,100,-0.082
1738265363.387859,1634414.000,55288,2,AY,1,100,-0.069
1738265363.430328,1634454.000,55306,3,AY,1,100,-0.074
1738265363.472796,1634494.000,55306,3,AY,1,100,-0.088
1738265363.515265,1634534.000,55306,3,AY,1,100,-0.099
1738265363.557734,1634574.000,55321,3,AY,1,100,-0.091
1738265363.600202,1634614.000,55321,3,AY,1,100,-0.087
1738265363.642671,1634654.000,55321,3,AY,1,100,-0.103
1738265363.685670,1634694.500,55338,2,AY,1,100,-0.099
1738265363.728670,1634735.000,55338,2,AY,1,100,-0.097
1738265363.770784,1634774.667,55353,3,AY,1,100,-0.097
1738265363.812899,1634814.333,55353,3,AY,1,100,-0.103
1738265363.855014,1634854.000,55353,3,AY,1,100,-0.097
1738265363.897482,1634894.000,55368,2,AY,1,100,-0.094
1738265363.939951,1634934.000,55368,2,AY,1,100,-0.090
1738265363.982420,1634974.000,55383,3,AY,1,100,-0.086
1738265364.024888,1635014.000,55383,3,AY,1,100,-0.089
1738265364.067357,1635054.000,55383,3,AY,1,100,-0.088
1738265364.109826,1635094.000,55400,2,AY,1,100,-0.089
1738265364.152294,1635134.000,55400,2,AY,1,100,-0.079
1738265364.194763,1635174.000,55415,3,AY,1,100,-0.090
1738265364.237231,1635214.000,55415,3,AY,1,100,-0.094
1738265364.279700,1635254.000,55415,3,AY,1,100,-0.092
1738265364.322169,1635294.000,55430,2,AY,1,100,-0.099
1738265364.364637,1635334.000,55430,2,AY,1,100,-0.097
1738265364.414538,1635381.000,55446,2,AY,1,100,-0.117
1738265364.464438,1635428.000,55446,2,AY,1,100,-0.115
1738265364.506907,1635468.000,55462,3,AY,1,100,-0.106
1738265364.549376,1635508.000,55462,3,AY,1,100,-0.118
1738265364.591844,1635548.000,55462,3,AY,1,100,-0.135
1738265364.634313,1635588.000,55477,3,AY,1,100,-0.122
1738265364.676782,1635628.000,55477,3,AY,1,100,-0.140
1738265364.719250,1635668.000,55477,3,AY,1,100,-0.118
1738265364.761719,1635708.000,55493,2,AY,1,100,-0.083
1738265364.804187,1635748.000,55493,2,AY,1,100,-0.076
1738265364.846656,1635788.000,55508,3,AY,1,100,-0.036
1738265364.889125,1635828.000,55508,3,AY,1,100,-0.037
1738265364.931593,1635868.000,55508,3,AY,1,100,-0.076
1738265364.974062,1635908.000,55524,2,AY,1,100,-0.067
1738265365.016531,1635948.000,55524,2,AY,1,100,-0.069
1738265365.058999,1635988.000,55540,3,AY,1,100,-0.075
1738265365.101468,1636028.000,55540,3,AY,1,100,-0.074
1738265365.143936,1636068.000,55540,3,AY,1,100,-0.081
1738265365.186405,1636108.000,55555,2,AY,1,100,-0.053
1738265365.228873,1636148.000,55555,2,AY,1,100,-0.059
1738265365.270988,1636187.667,55570,3,AY,1,100,-0.050
1738265365.313103,1636227.333,55570,3,AY,1,100,-0.042
1738265365.355218,1636267.000,55570,3,AY,1,100,-0.052
