LocalTimestamp,EmotiBitTimestamp,PacketNumber,DataLength,TypeTag,ProtocolVersion,DataReliability,B%
1738271570.672228,540100.000,14438,1,B%,1,100,100
1738271575.672378,545100.000,15228,1,B%,1,100,100
1738271580.671529,550099.000,15985,1,B%,1,100,100
1738271585.671680,555099.000,16763,1,B%,1,100,100
1738271590.670831,560098.000,17541,1,B%,1,100,100
1738271595.670982,565098.000,18317,1,B%,1,100,100
1738271600.670132,570097.000,19075,1,B%,1,100,100
1738271605.670283,575097.000,19849,1,B%,1,100,100
1738271610.669434,580096.000,20635,1,B%,1,100,100
1738271615.669585,585096.000,21406,1,B%,1,100,100
1738271620.668736,590095.000,22160,1,B%,1,100,100
1738271625.668886,595095.000,22932,1,B%,1,100,100
1738271630.668037,600094.000,23692,1,B%,1,100,100
1738271635.668188,605094.000,24466,1,B%,1,100,100
1738271640.667339,610093.000,25237,1,B%,1,100,100
1738271645.667490,615093.000,26016,1,B%,1,100,100
1738271650.666640,620092.000,26787,1,B%,1,100,100
1738271655.666791,625092.000,27557,1,B%,1,100,100
1738271660.665942,630091.000,28324,1,B%,1,100,100
1738271665.666093,635091.000,29102,1,B%,1,100,100
1738271670.665244,640090.000,29883,1,B%,1,100,100
1738271675.665394,645090.000,30653,1,B%,1,100,100
1738271680.664545,650089.000,31425,1,B%,1,100,100
1738271685.664696,655089.000,32201,1,B%,1,100,100
1738271690.663847,660088.000,32974,1,B%,1,100,100
1738271695.663998,665088.000,33745,1,B%,1,100,100
1738271700.663148,670087.000,34500,1,B%,1,100,100
1738271705.663299,675087.000,35270,1,B%,1,100,100
1738271710.662450,680086.000,36048,1,B%,1,100,100
1738271715.662601,685086.000,36808,1,B%,1,100,100
1738271720.661752,690085.000,37582,1,B%,1,100,100
1738271725.661902,695085.000,38361,1,B%,1,100,100
1738271730.661053,700084.000,39137,1,B%,1,100,100
1738271735.661204,705084.000,39893,1,B%,1,100,100
1738271740.660355,710083.000,40666,1,B%,1,100,100
1738271745.660506,715083.000,41442,1,B%,1,100,100
1738271750.659657,720082.000,42219,1,B%,1,100,100
1738271755.659807,725082.000,42976,1,B%,1,100,100
1738271760.658958,730081.000,43749,1,B%,1,100,100
1738271765.659109,735081.000,44508,1,B%,1,100,100
1738271770.658260,740080.000,45291,1,B%,1,100,100
1738271775.658411,745080.000,46071,1,B%,1,100,100
1738271780.657561,750079.000,46827,1,B%,1,100,100
1738271785.657712,755079.000,47603,1,B%,1,100,100
1738271790.656863,760078.000,48380,1,B%,1,100,100
1738271795.657014,765078.000,49143,1,B%,1,100,100
1738271800.656164,770077.000,49909,1,B%,1,100,100
1738271805.656315,775077.000,50665,1,B%,1,100,100
1738271810.655466,780076.000,51440,1,B%,1,100,100
1738271815.655617,785076.000,52218,1,B%,1,100,100
1738271820.654768,790075.000,52970,1,B%,1,100,100
1738271825.654918,795075.000,53741,1,B%,1,100,100
1738271830.654069,800074.000,54516,1,B%,1,100,100
1738271835.654220,805074.000,55278,1,B%,1,100,100
1738271840.653371,810073.000,56057,1,B%,1,100,100
1738271845.653522,815073.000,56825,1,B%,1,100,100
1738271850.652673,820072.000,57583,1,B%,1,100,100
1738271855.652823,825072.000,58376,1,B%,1,100,100
1738271860.651974,830071.000,59124,1,B%,1,100,100
1738271865.652125,835071.000,59897,1,B%,1,100,100
1738271870.651276,840070.000,60674,1,B%,1,100,100
1738271875.651427,845070.000,61436,1,B%,1,100,100
1738271880.650577,850069.000,62213,1,B%,1,100,100
1738271885.650728,855069.000,62989,1,B%,1,100,100
1738271890.649879,860068.000,63747,1,B%,1,100,100
1738271895.650030,865068.000,64526,1,B%,1,100,100
1738271900.649180,870067.000,65305,1,B%,1,100,100
1738271905.649331,875067.000,530,1,B%,1,100,100
1738271910.648482,880066.000,1321,1,B%,1,100,100
1738271915.648633,885066.000,2090,1,B%,1,100,100
1738271920.647784,890065.000,2865,1,B%,1,100,100
1738271925.647934,895065.000,3643,1,B%,1,100,100
1738271930.647085,900064.000,4400,1,B%,1,100,100
1738271935.647236,905064.000,5172,1,B%,1,100,100
1738271940.646387,910063.000,5946,1,B%,1,100,100
1738271945.646538,915063.000,6722,1,B%,1,100,100
1738271950.645689,920062.000,7495,1,B%,1,100,100
1738271955.645839,925062.000,8250,1,B%,1,100,100
1738271960.644990,930061.000,9042,1,B%,1,100,100
1738271965.645141,935061.000,9802,1,B%,1,100,100
1738271970.644292,940060.000,10576,1,B%,1,100,100
1738271975.644443,945060.000,11352,1,B%,1,100,100
1738271980.643593,950059.000,12134,1,B%,1,100,100
1738271985.643744,955059.000,12893,1,B%,1,100,100
1738271990.642895,960058.000,13674,1,B%,1,100,100
1738271995.643046,965058.000,14452,1,B%,1,100,100
1738272000.642197,970057.000,15233,1,B%,1,100,100
1738272005.642347,975057.000,15997,1,B%,1,100,100
1738272010.641498,980056.000,16796,1,B%,1,100,100
1738272015.641649,985056.000,17574,1,B%,1,100,100
1738272020.640800,990055.000,18354,1,B%,1,100,100
1738272025.640951,995055.000,19134,1,B%,1,100,100
1738272030.640101,1000054.000,19908,1,B%,1,100,100
1738272035.640252,1005054.000,20689,1,B%,1,100,100
1738272040.639403,1010053.000,21464,1,B%,1,100,100
1738272045.639554,1015053.000,22240,1,B%,1,100,100
1738272050.638705,1020052.000,23020,1,B%,1,100,100
1738272055.638855,1025052.000,23802,1,B%,1,100,100
1738272060.638006,1030051.000,24582,1,B%,1,100,100
1738272065.638157,1035051.000,25354,1,B%,1,100,100
1738272070.637308,1040050.000,26129,1,B%,1,100,100
1738272075.637459,1045050.000,26900,1,B%,1,100,100
1738272080.636609,1050049.000,27658,1,B%,1,100,100
1738272085.636760,1055049.000,28452,1,B%,1,100,100
1738272090.635911,1060048.000,29229,1,B%,1,100,100
1738272095.636062,1065048.000,30006,1,B%,1,100,100
1738272100.635213,1070047.000,30787,1,B%,1,100,100
1738272105.635363,1075047.000,31564,1,B%,1,100,100
1738272110.634514,1080046.000,32339,1,B%,1,100,100
1738272115.634665,1085046.000,33119,1,B%,1,100,100
1738272120.633816,1090045.000,33899,1,B%,1,100,100
1738272125.633967,1095045.000,34680,1,B%,1,100,100
1738272130.633117,1100044.000,35463,1,B%,1,100,100
1738272135.633268,1105044.000,36227,1,B%,1,100,100
1738272140.632419,1110043.000,37004,1,B%,1,100,100
1738272145.632570,1115043.000,37780,1,B%,1,100,100
1738272150.631721,1120042.000,38560,1,B%,1,100,100
1738272155.631871,1125042.000,39343,1,B%,1,100,100
1738272160.631022,1130041.000,40102,1,B%,1,100,100
1738272165.631173,1135041.000,40883,1,B%,1,100,100
1738272170.630324,1140040.000,41664,1,B%,1,100,100
1738272175.630475,1145040.000,42444,1,B%,1,100,100
1738272180.629626,1150039.000,43202,1,B%,1,100,100
1738272185.629776,1155039.000,43972,1,B%,1,100,100
1738272190.628927,1160038.000,44744,1,B%,1,100,100
1738272195.629078,1165038.000,45521,1,B%,1,100,100
1738272200.628229,1170037.000,46277,1,B%,1,100,100
1738272205.628380,1175037.000,47053,1,B%,1,100,100
1738272210.627530,1180036.000,47810,1,B%,1,100,100
1738272215.627681,1185036.000,48590,1,B%,1,100,100
1738272220.626832,1190035.000,49354,1,B%,1,100,100
1738272225.626983,1195035.000,50132,1,B%,1,100,100
1738272230.626133,1200034.000,50908,1,B%,1,100,100
1738272235.626284,1205034.000,51666,1,B%,1,100,100
1738272240.625435,1210033.000,52444,1,B%,1,100,100
1738272245.625586,1215033.000,53222,1,B%,1,100,100
1738272250.624737,1220032.000,53980,1,B%,1,100,100
1738272255.624887,1225032.000,54761,1,B%,1,100,100
1738272260.624038,1230031.000,55535,1,B%,1,100,100
1738272265.624189,1235031.000,56315,1,B%,1,100,100
1738272270.623340,1240030.000,57088,1,B%,1,100,100
1738272275.623491,1245030.000,57866,1,B%,1,100,100
1738272280.622642,1250029.000,58628,1,B%,1,100,100
1738272285.622792,1255029.000,59408,1,B%,1,100,100
1738272290.621943,1260028.000,60188,1,B%,1,100,100
1738272295.622094,1265028.000,60966,1,B%,1,100,100
1738272300.621245,1270027.000,61728,1,B%,1,100,100
1738272305.621396,1275027.000,62505,1,B%,1,100,100
1738272310.620546,1280026.000,63283,1,B%,1,100,100
1738272315.620697,1285026.000,64063,1,B%,1,100,100
1738272320.619848,1290025.000,64843,1,B%,1,100,100
1738272325.619999,1295025.000,71,1,B%,1,100,100
1738272330.619149,1300024.000,851,1,B%,1,100,100
1738272335.619300,1305024.000,1629,1,B%,1,100,100
1738272340.618451,1310023.000,2402,1,B%,1,100,100
1738272345.618602,1315023.000,3180,1,B%,1,100,100
1738272350.617753,1320022.000,3974,1,B%,1,100,100
1738272355.617903,1325022.000,4755,1,B%,1,100,100
1738272360.617054,1330021.000,5512,1,B%,1,100,100
1738272365.617205,1335021.000,6292,1,B%,1,100,100
1738272370.616356,1340020.000,7070,1,B%,1,100,100
1738272375.616507,1345020.000,7867,1,B%,1,100,100
1738272380.615658,1350019.000,8630,1,B%,1,100,100
1738272385.615808,1355019.000,9405,1,B%,1,100,100
1738272390.614959,1360018.000,10182,1,B%,1,100,100
1738272395.615110,1365018.000,10961,1,B%,1,100,100
1738272400.614261,1370017.000,11724,1,B%,1,100,100
1738272405.614412,1375017.000,12501,1,B%,1,100,100
1738272410.613562,1380016.000,13258,1,B%,1,100,100
1738272415.613713,1385016.000,14035,1,B%,1,100,100
1738272420.612864,1390015.000,14818,1,B%,1,100,100
1738272425.613015,1395015.000,15596,1,B%,1,100,100
1738272430.612166,1400014.000,16374,1,B%,1,100,100
1738272435.612316,1405014.000,17155,1,B%,1,100,100
1738272440.611467,1410013.000,17915,1,B%,1,100,100
1738272445.611618,1415013.000,18697,1,B%,1,100,100
1738272450.610769,1420012.000,19479,1,B%,1,100,100
1738272455.610920,1425012.000,20259,1,B%,1,100,100
1738272460.610070,1430011.000,21043,1,B%,1,100,100
1738272465.610221,1435011.000,21819,1,B%,1,100,100
1738272470.609372,1440010.000,22583,1,B%,1,100,100
1738272475.609523,1445010.000,23364,1,B%,1,100,100
1738272480.608674,1450009.000,24145,1,B%,1,100,100
1738272485.608824,1455009.000,24941,1,B%,1,100,100
1738272490.607975,1460008.000,25703,1,B%,1,100,100
1738272495.608126,1465008.000,26488,1,B%,1,100,100
1738272500.607277,1470007.000,27254,1,B%,1,100,100
1738272505.607428,1475007.000,28036,1,B%,1,100,100
1738272510.606578,1480006.000,28816,1,B%,1,100,100
1738272515.606729,1485006.000,29594,1,B%,1,100,100
1738272520.605880,1490005.000,30378,1,B%,1,100,100
1738272525.606031,1495005.000,31143,1,B%,1,100,100
1738272530.605182,1500004.000,31920,1,B%,1,100,100
1738272535.605332,1505004.000,32701,1,B%,1,100,100
1738272540.604483,1510003.000,33483,1,B%,1,100,100
1738272545.604634,1515003.000,34249,1,B%,1,100,100
1738272550.603785,1520002.000,35033,1,B%,1,100,100
1738272555.603936,1525002.000,35814,1,B%,1,100,100
1738272560.603086,1530001.000,36596,1,B%,1,100,100
1738272565.603237,1535001.000,37362,1,B%,1,100,100
1738272570.602388,1540000.000,38144,1,B%,1,100,100
1738272575.602539,1545000.000,38919,1,B%,1,100,100
1738272580.601690,1549999.000,39681,1,B%,1,100,100
1738272585.601840,1554999.000,40445,1,B%,1,100,100
1738272590.600991,1559998.000,41227,1,B%,1,100,100
1738272595.601142,1564998.000,42006,1,B%,1,100,100
1738272600.600293,1569997.000,42790,1,B%,1,100,100
1738272605.600444,1574997.000,43570,1,B%,1,100,100
1738272610.599595,1579996.000,44336,1,B%,1,100,100
1738272615.599745,1584996.000,45101,1,B%,1,100,100
1738272620.598896,1589995.000,45883,1,B%,1,100,100
1738272625.599047,1594995.000,46668,1,B%,1,100,100
1738272630.598198,1599994.000,47451,1,B%,1,100,100
1738272635.598349,1604994.000,48213,1,B%,1,100,100
1738272640.597499,1609993.000,49002,1,B%,1,100,100
1738272645.597650,1614993.000,49782,1,B%,1,100,100
1738272650.596801,1619992.000,50550,1,B%,1,100,100
1738272655.596952,1624992.000,51336,1,B%,1,100,100
1738272660.596102,1629991.000,52114,1,B%,1,100,100
1738272665.596253,1634991.000,52894,1,B%,1,100,100
1738272670.595404,1639990.000,53677,1,B%,1,100,100
1738272675.595555,1644990.000,54443,1,B%,1,100,100
1738272680.594706,1649989.000,55226,1,B%,1,100,100
1738272685.594857,1654989.000,56008,1,B%,1,100,100
1738272690.594007,1659988.000,56788,1,B%,1,100,100
1738272695.594158,1664988.000,57558,1,B%,1,100,100
1738272700.593309,1669987.000,58340,1,B%,1,100,100
1738272705.593460,1674987.000,59127,1,B%,1,100,100
1738272710.592611,1679986.000,59912,1,B%,1,100,100
1738272715.592761,1684986.000,60696,1,B%,1,100,100
1738272720.591912,1689985.000,61459,1,B%,1,100,100
1738272725.592063,1694985.000,62243,1,B%,1,100,100
1738272730.591214,1699984.000,63029,1,B%,1,100,100
1738272735.591365,1704984.000,63795,1,B%,1,100,100
1738272740.590515,1709983.000,64577,1,B%,1,100,100
1738272745.590666,1714983.000,65359,1,B%,1,100,100
1738272750.589817,1719982.000,610,1,B%,1,100,100
1738272755.589968,1724982.000,1390,1,B%,1,100,100
1738272760.589118,1729981.000,2173,1,B%,1,100,100
1738272765.589269,1734981.000,2956,1,B%,1,100,100
1738272770.588420,1739980.000,3720,1,B%,1,100,100
1738272775.588571,1744980.000,4518,1,B%,1,100,100
1738272780.587722,1749979.000,5298,1,B%,1,100,100
1738272785.587873,1754979.000,6059,1,B%,1,100,100
1738272790.587023,1759978.000,6835,1,B%,1,100,100
1738272795.587174,1764978.000,7616,1,B%,1,100,100
1738272800.586325,1769977.000,8393,1,B%,1,100,100
1738272805.586476,1774977.000,9155,1,B%,1,100,100
1738272810.585627,1779976.000,9935,1,B%,1,100,100
1738272815.585778,1784976.000,10729,1,B%,1,100,100
1738272820.584928,1789975.000,11508,1,B%,1,100,100
1738272825.585079,1794975.000,12269,1,B%,1,100,100
1738272830.584230,1799974.000,13050,1,B%,1,100,100
1738272835.584381,1804974.000,13814,1,B%,1,100,100
1738272840.583531,1809973.000,14616,1,B%,1,100,100
1738272845.583682,1814973.000,15392,1,B%,1,100,100
1738272850.582833,1819972.000,16152,1,B%,1,100,100
1738272855.582984,1824972.000,16946,1,B%,1,100,100
1738272860.582135,1829971.000,17731,1,B%,1,100,100
1738272865.582285,1834971.000,18510,1,B%,1,100,100
1738272870.581436,1839970.000,19269,1,B%,1,100,100
1738272875.581587,1844970.000,20050,1,B%,1,100,99
1738272880.580738,1849969.000,20832,1,B%,1,100,100
1738272885.580889,1854969.000,21611,1,B%,1,100,100
1738272890.580040,1859968.000,22368,1,B%,1,100,100
1738272895.580190,1864968.000,23164,1,B%,1,100,100
1738272900.579341,1869967.000,23941,1,B%,1,100,100
1738272905.579492,1874967.000,24715,1,B%,1,100,100
1738272910.578643,1879966.000,25496,1,B%,1,100,100
1738272915.578794,1884966.000,26257,1,B%,1,100,100
1738272920.577944,1889965.000,27039,1,B%,1,100,100
1738272925.578095,1894965.000,27835,1,B%,1,100,100
1738272930.577246,1899964.000,28613,1,B%,1,100,100
1738272935.577397,1904964.000,29373,1,B%,1,100,100
1738272940.576548,1909963.000,30169,1,B%,1,100,100
1738272945.576698,1914963.000,30946,1,B%,1,100,100
1738272950.575849,1919962.000,31729,1,B%,1,100,100
1738272955.576000,1924962.000,32507,1,B%,1,100,100
1738272960.575151,1929961.000,33289,1,B%,1,100,100
1738272965.575302,1934961.000,34054,1,B%,1,100,100
1738272970.574452,1939960.000,34835,1,B%,1,100,100
1738272975.574603,1944960.000,35615,1,B%,1,100,100
1738272980.573754,1949959.000,36397,1,B%,1,100,100
1738272985.573905,1954959.000,37157,1,B%,1,100,100
1738272990.573056,1959958.000,37937,1,B%,1,100,100
1738272995.573206,1964958.000,38708,1,B%,1,100,100
1738273000.572357,1969957.000,39472,1,B%,1,100,100
1738273005.572508,1974957.000,40255,1,B%,1,100,100
1738273010.571659,1979956.000,41036,1,B%,1,100,100
