Timestamp,BI
1738263925.25315,611
1738263925.86377,631.5
1738263926.42861,652
1738263927.08109,652
1738263927.87467,652
1738263928.60988,735
1738263929.1169,735
1738263930.06634,512
1738263930.5786,512
1738263930.91187,682
1738263931.5942,682
1738263932.53824,691
1738263933.90889,691
1738263934.60012,732
1738263935.27537,691
1738263936.00726,675
1738263936.37109,364
1738263936.6796,343
1738263936.99185,343
1738263937.33503,343
1738263937.7466,412
1738263938.20126,412
1738263938.83348,412
1738263939.15411,455
1738263939.48604,632
1738263940.14334,526
1738263940.84006,526
1738263941.36611,526
1738263941.7788,526
1738263942.29762,526
1738263942.86026,536
1738263943.39646,553
1738263943.94949,553
1738263944.87152,553
1738263945.26681,635
1738263946.38498,635
1738263947.01994,635
1738263947.34542,667
1738263948.01195,635
1738263948.95302,579
1738263949.53226,579
1738263950.04872,563
1738263950.49374,526
1738263951.05631,516
1738263951.58278,487
1738263952.06953,526
1738263952.46937,487
1738263953.0633,487
1738263953.46053,594
1738263954.72891,594
1738263955.80359,706
1738263956.13005,735
1738263956.83645,706
1738263957.57169,508
1738263958.07964,517
1738263958.40478,508
1738263958.92135,508
1738263959.31509,517
1738263959.90884,594
1738263960.96993,631
1738263961.67409,631
1738263962.30461,631
1738263962.78623,482
1738263963.13644,473
1738263963.60959,473
1738263963.92547,473
1738263964.5707,584
1738263965.47324,584
1738263966.05765,584
1738263966.39,448
1738263966.69656,448
1738263967.14406,448
1738263967.85515,711
1738263968.71664,711
1738263969.57569,859
1738263970.14662,859
1738263971.06895,571
1738263971.43348,532
1738263971.96519,458
1738263972.3146,458
1738263972.77244,458
1738263973.36524,458
1738263973.68632,569
1738263974.48902,569
1738263975.05841,544
1738263975.60273,544
1738263976.1202,544
1738263976.51477,517
1738263977.13743,455
1738263977.47558,455
1738263977.93012,490
1738263978.41964,490
1738263979.20251,490
1738263979.92557,490
1738263980.26358,702
1738263980.58092,564
1738263981.28259,394
1738263981.84698,410
1738263982.24072,564
1738263982.65037,564
1738263983.38003,430
1738263984.01266,583
1738263984.44226,633
1738263985.0257,633
1738263985.66549,631
1738263986.33895,640
1738263986.97045,640
1738263987.77201,631
1738263988.12089,631
1738263988.70361,706
1738263989.40957,583
1738263990.37495,583
1738263990.71114,593
1738263991.20404,493
1738263991.79673,457
1738263992.23556,493
1738263992.69273,457
1738263993.3167,439
1738263993.74989,457
1738263994.10091,624
1738263994.93404,663
1738263995.59752,686
1738263996.28374,686
1738263996.97521,663
1738263997.59796,623
1738263998.20484,607
1738263998.756,551
1738263999.07265,403
1738263999.39776,403
1738263999.80088,403
1738264000.45691,403
1738264000.87883,403
1738264001.26574,387
1738264001.61439,387
1738264002.00043,386
1738264002.39906,386
1738264002.76362,399
1738264003.241,477
1738264003.87094,630
1738264004.95688,727
1738264005.68413,727
1738264006.41734,733
1738264007.12037,727
1738264007.89354,703
1738264008.50657,613
1738264009.08427,578
1738264009.56027,578
1738264009.91317,533
1738264010.60074,476
1738264011.13333,533
1738264011.51214,655
1738264012.24517,533
1738264012.89997,564
1738264013.26891,564
1738264013.83332,564
1738264014.3887,555
1738264014.97828,564
1738264015.44396,590
1738264016.14696,703
1738264016.89045,703
1738264017.81972,703
1738264018.26661,726
1738264018.58169,447
1738264019.30808,447
1738264019.63579,494
1738264020.24949,552
1738264020.7433,552
1738264021.29573,552
1738264022.15946,552
1738264022.48885,592
1738264023.47951,803
1738264024.07114,643
1738264024.87407,663
1738264025.51702,663
1738264026.1799,663
1738264027.08584,650
1738264027.73538,650
1738264028.05025,650
1738264028.53154,616
1738264029.41607,616
1738264030.03196,652
1738264030.6839,652
1738264031.43742,652
1738264031.78061,652
1738264032.62587,548
1738264033.17433,359
1738264033.53301,548
1738264033.84184,394
1738264034.61596,359
1738264035.00967,392
1738264035.35828,394
1738264035.75059,394
1738264036.14478,394
1738264036.7578,439
1738264037.45825,439
1738264037.89718,613
1738264038.21452,700
1738264038.91995,705
1738264039.64905,729
1738264040.44001,741
1738264041.18131,741
1738264041.92443,741
1738264042.25635,438
1738264042.69419,438
1738264043.02065,438
1738264043.60122,438
1738264044.19479,391
1738264044.57834,391
1738264044.96973,391
1738264045.27787,391
1738264045.9635,686
1738264046.81933,773
1738264047.59236,773
1738264048.41539,773
1738264048.86721,730
1738264049.24618,642
1738264049.97665,452
1738264050.61908,536
1738264050.97024,561
1738264051.50635,561
1738264052.06694,561
1738264052.80167,714
1738264053.53446,733
1738264054.24818,733
1738264055.06122,733
1738264055.73806,785
1738264056.6581,813
1738264057.44295,785
1738264058.44019,785
1738264058.81264,785
1738264059.15181,790
1738264059.9415,372
1738264060.79188,339
1738264061.12565,745
1738264061.4643,661
1738264062.20914,574
1738264062.86996,661
1738264063.44437,661
1738264064.34462,661
1738264064.81306,822
1738264065.70973,822
1738264066.53131,786
1738264067.31697,786
1738264067.62885,786
1738264068.02836,786
1738264068.82294,755
1738264069.61652,794
1738264070.37118,794
1738264071.19616,794
1738264071.89124,755
1738264072.76766,695
1738264073.2859,518
1738264073.75089,518
1738264074.23943,518
1738264075.03924,571
1738264075.60986,743
1738264076.35306,743
1738264077.28846,571
1738264077.81475,695
1738264078.36504,581
1738264079.06013,581
1738264079.64132,581
1738264080.23364,592
1738264080.58568,592
1738264081.7637,726
1738264082.56674,726
1738264083.29316,726
1738264083.60338,726
1738264084.07236,726
1738264084.84869,469
1738264085.76586,469
1738264086.20974,603
1738264086.62619,603
1738264087.22921,603
1738264087.90605,603
1738264088.75278,603
1738264089.05929,507
1738264089.56581,443
1738264090.00923,443
1738264090.33691,507
1738264091.06727,443
1738264091.82597,346
1738264092.16491,730
1738264092.51133,746
1738264093.47409,346
1738264094.21973,384
1738264094.53801,384
1738264094.92151,384
1738264095.25583,384
1738264095.81479,559
1738264096.56803,753
1738264097.33243,753
1738264098.14935,753
1738264098.6525,549
1738264099.07631,549
1738264099.62527,549
1738264100.55454,549
1738264101.20907,549
1738264101.60941,655
1738264101.9388,400
1738264102.85463,362
1738264103.21641,362
1738264103.54346,362
1738264104.34501,362
1738264104.65426,539
1738264105.19983,539
1738264105.73865,443
1738264106.18186,468
1738264106.49069,468
1738264106.95844,443
1738264107.55237,468
1738264107.95638,594
1738264108.97377,655
1738264109.85701,877
1738264110.51237,877
1738264111.38887,821
1738264112.01418,727
1738264112.83512,727
1738264113.56182,625
1738264113.98617,727
1738264114.40709,702
1738264115.29922,424
1738264116.00165,526
1738264116.3139,526
1738264116.84037,526
1738264117.2793,526
1738264118.21794,732
1738264118.98027,732
1738264119.7119,732
1738264120.34324,631
1738264120.83026,534
1738264121.36426,534
1738264121.70307,534
1738264122.4018,699
1738264123.23099,742
1738264123.97334,742
1738264124.78132,742
1738264125.50232,721
1738264126.06431,603
1738264126.39026,562
1738264126.99288,401
1738264127.3937,381
1738264127.77451,401
1738264128.12139,401
1738264128.65995,539
1738264129.35777,539
1738264129.95989,602
1738264130.28536,646
1738264131.07544,602
1738264131.72117,552
1738264132.27307,604
1738264132.60872,552
1738264133.21238,418
1738264133.63028,418
1738264133.9385,491
1738264134.88699,491
1738264135.37801,631
1738264136.00886,631
1738264136.6614,579
1738264137.24075,579
1738264137.73931,579
1738264138.04893,518
1738264138.80655,499
1738264139.32483,455
1738264139.6828,518
1738264140.13793,518
1738264141.12946,644
1738264141.77356,644
1738264142.44211,666
1738264142.80703,666
1738264143.473,666
1738264144.26569,514
1738264144.77938,595
1738264145.1163,514
1738264145.71109,514
1738264146.05323,592
1738264146.66686,595
1738264147.25911,614
1738264148.06242,617
1738264148.88573,714
1738264149.50223,775
1738264150.21605,714
1738264150.99152,617
1738264151.32,573
1738264151.69305,373
1738264152.26586,373
1738264152.58609,573
1738264153.24008,573
1738264153.94641,654
1738264154.48496,706
1738264155.27034,785
1738264156.06492,785
1738264157.0202,785
1738264157.39128,795
1738264157.72653,450
1738264158.5591,371
1738264159.00874,450
1738264159.36241,642
1738264160.30836,505
1738264160.95056,642
1738264161.45537,642
1738264162.35716,505
1738264162.72169,505
1738264163.1031,532
1738264163.84804,532
1738264164.38035,717
1738264165.15058,717
1738264165.86801,532
1738264166.17689,717
1738264166.68313,506
1738264167.41791,473
1738264167.73828,506
1738264168.21148,580
1738264168.95455,494
1738264169.53446,580
1738264170.02883,580
1738264170.6314,570
1738264170.95871,570
1738264171.52893,602
1738264172.33187,602
1738264172.93429,602
1738264173.89693,794
1738264174.28091,602
1738264175.07448,574
1738264175.6486,400
1738264175.98452,400
1738264176.38453,400
1738264176.70444,336
1738264177.21729,360
1738264177.53927,360
1738264177.89902,360
1738264178.3529,360
1738264178.6628,360
1738264179.09103,428
1738264179.41908,428
1738264180.00231,583
1738264180.7288,726
1738264181.55216,803
1738264182.38404,803
1738264183.18735,803
1738264183.97148,803
1738264184.62705,784
1738264185.58244,781
1738264186.22681,770
1738264187.00804,770
1738264187.7778,679
1738264188.4563,679
1738264188.80057,679
1738264189.17293,372
1738264189.92256,354
1738264190.27626,372
1738264190.61048,648
1738264191.34667,648
1738264191.99474,728
1738264192.74357,736
1738264193.4719,749
1738264194.23542,749
1738264195.06616,728
1738264195.70138,635
1738264196.1004,635
1738264196.67162,635
1738264197.35535,684
1738264198.20315,761
1738264198.96396,761
1738264199.75782,761
1738264200.39937,761
1738264201.06619,667
1738264201.90063,642
1738264202.39792,667
1738264202.75499,562
1738264203.43996,562
1738264204.00161,603
1738264204.81494,685
1738264205.41796,603
1738264206.47501,603
1738264206.78262,435
1738264207.2055,423
1738264207.64058,423
1738264208.06087,435
1738264208.7799,719
1738264209.62857,777
1738264210.45133,823
1738264211.22819,823
1738264212.05183,777
1738264212.67585,624
1738264212.9887,624
1738264213.60475,624
1738264214.4079,653
1738264215.20082,653
1738264215.85408,653
1738264216.29637,653
1738264216.71757,653
1738264217.49251,653
1738264218.16893,653
1738264218.82147,653
1738264219.19561,653
1738264219.67378,653
1738264220.97804,711
1738264221.6966,719
1738264222.40752,733
1738264223.29047,719
1738264224.02386,711
1738264224.36006,733
1738264224.81133,451
1738264225.56466,373
1738264225.93748,451
1738264226.28049,753
1738264227.10442,784
1738264227.88845,784
1738264228.69218,784
1738264229.46811,776
1738264229.78639,589
1738264230.37538,362
1738264230.68149,362
1738264231.04387,589
1738264231.8576,684
1738264232.54163,684
1738264233.26536,684
1738264233.8767,617
1738264234.49391,617
1738264235.10613,612
1738264235.74126,612
1738264236.34165,612
1738264236.91637,635
1738264237.87434,600
1738264238.68747,575
1738264239.15646,766
1738264239.50881,472
1738264240.27454,469
1738264240.74635,472
1738264241.08953,766
1738264242.10493,472
1738264243.96161,440
1738264244.28619,707
1738264244.72576,440
1738264245.43243,440
1738264245.76675,553
1738264246.50578,707
1738264247.05886,564
1738264248.04662,564
1738264248.61057,564
1738264249.10958,564
1738264249.69471,564
1738264250.16453,585
1738264250.76455,585
1738264251.40675,600
1738264251.7225,600
1738264252.33894,616
1738264252.91883,580
1738264253.72136,580
1738264254.06586,468
1738264254.44103,468
1738264254.90853,468
1738264255.96039,723
1738264257.2238,723
1738264257.94727,739
1738264258.42245,739
1738264259.16148,730
1738264259.92213,730
1738264260.65214,739
1738264261.19641,730
1738264262.08727,730
1738264262.54456,553
1738264263.50896,553
1738264264.0624,553
1738264264.61149,602
1738264265.21382,553
1738264265.86881,602
1738264266.18436,602
1738264266.78738,601
1738264267.15708,563
1738264267.75762,587
1738264268.32106,587
1738264268.90793,587
1738264269.85966,587
1738264270.39578,587
1738264271.13915,536
1738264271.57127,536
1738264271.91983,579
1738264272.49907,562
1738264273.16823,579
1738264273.73,616
1738264274.61471,669
1738264275.2306,616
1738264275.91354,616
1738264276.25337,616
1738264276.7269,474
1738264277.67422,474
1738264278.09429,474
1738264278.63194,420
1738264279.01675,420
1738264279.33087,538
1738264280.31621,665
1738264281.10341,692
1738264281.7681,699
1738264282.46016,699
1738264283.15915,692
1738264284.08766,699
1738264284.69028,699
1738264285.48191,603
1738264285.86602,603
1738264286.19134,640
1738264286.83115,621
1738264287.62473,621
1738264288.2453,621
1738264288.62404,606
1738264289.11039,606
1738264289.71672,486
1738264290.45293,486
1738264290.87372,606
1738264291.18814,421
1738264292.20448,421
1738264292.54208,694
1738264293.39882,694
1738264294.09245,690
1738264294.78268,690
1738264295.29748,680
1738264295.66011,515
1738264296.3397,515
1738264296.85303,680
1738264297.61439,727
1738264298.41772,761
1738264299.14515,761
1738264299.91028,727
1738264300.25449,678
1738264300.67691,678
1738264301.35508,664
1738264302.15577,664
1738264302.8194,664
1738264303.13701,664
1738264303.47844,664
1738264304.30138,661
1738264304.9985,697
1738264305.65951,697
1738264306.48938,661
1738264306.85375,661
1738264307.17957,364
1738264307.87709,364
1738264308.20514,372
1738264308.57718,520
1738264309.32303,372
1738264309.84327,520
1738264310.18,520
1738264310.91119,337
1738264311.24573,337
1738264311.55274,645
1738264312.19816,335
1738264312.89836,564
1738264313.2151,645
1738264313.77883,700
1738264314.49915,707
1738264315.26063,707
1738264315.96766,707
1738264316.67504,707
1738264317.17461,582
1738264317.48807,582
1738264318.0696,582
1738264318.89456,613
1738264319.84781,619
1738264320.46083,619
1738264321.08031,613
1738264321.683,613
1738264322.00917,619
1738264322.68571,634
1738264323.3194,634
1738264324.29166,634
1738264324.79813,634
1738264325.36768,877
1738264326.24512,681
1738264327.18228,863
1738264327.86367,863
1738264328.7265,740
1738264329.46664,681
1738264330.05048,687
1738264330.69896,648
1738264331.38572,648
1738264331.74137,652
1738264332.3933,652
1738264333.0706,504
1738264333.57414,652
1738264333.88582,677
1738264334.62851,668
1738264335.31069,668
1738264335.97835,668
1738264336.31891,668
1738264336.64974,668
1738264337.51787,691
1738264338.20871,692
1738264339.09202,828
1738264339.78396,803
1738264340.61208,803
1738264341.41491,692
1738264341.94622,531
1738264342.39585,450
1738264342.72135,450
1738264343.03995,450
1738264343.54653,507
1738264344.19604,594
1738264344.8447,594
1738264345.43827,614
1738264345.81949,614
1738264346.43321,614
1738264347.07506,642
1738264347.76103,642
1738264348.59412,642
1738264349.2276,633
1738264349.62653,633
1738264349.99234,482
1738264350.85759,482
1738264351.33968,482
1738264351.87272,482
1738264352.19208,342
1738264352.53373,333
1738264352.84336,333
1738264353.17594,342
1738264353.81833,642
1738264354.57709,643
1738264355.21984,645
1738264355.92048,701
1738264356.56591,701
1738264357.33365,701
1738264358.22477,687
1738264358.65659,687
1738264359.34382,512
1738264359.85566,512
1738264360.17718,548
1738264360.72527,512
1738264361.50172,450
1738264361.95212,450
1738264362.2953,450
1738264362.63028,450
1738264363.11097,481
1738264363.66399,553
1738264364.46669,553
1738264365.1235,657
1738264365.52351,657
1738264366.5385,479
1738264366.86266,479
1738264367.34173,592
1738264367.96536,479
1738264368.55718,479
1738264368.94686,592
1738264369.26321,491
1738264370.01024,491
1738264370.50107,491
1738264371.05588,491
1738264371.41784,362
1738264371.7433,362
1738264372.07098,362
1738264372.85362,509
1738264373.59929,509
1738264374.1085,570
1738264374.42474,570
1738264374.99472,509
1738264375.61766,537
1738264375.94674,570
1738264376.48416,570
1738264377.14885,570
1738264377.71934,570
1738264378.56447,665
1738264379.05496,694
1738264379.89523,751
1738264380.58911,694
1738264381.34028,751
1738264381.93104,694
1738264382.76683,591
1738264383.08155,591
1738264383.40976,666
1738264384.26413,624
1738264384.92982,666
1738264385.55367,666
1738264386.31806,666
1738264386.9029,764
1738264387.79964,764
1738264388.66151,862
1738264389.18249,862
1738264390.04903,758
1738264390.80665,709
1738264391.51608,709
1738264392.05377,626
1738264392.56803,613
1738264393.19381,613
1738264393.80637,613
1738264394.4515,613
1738264395.04342,592
1738264395.3579,458
1738264395.77689,419
1738264396.23527,419
1738264396.55261,458
1738264397.43798,633
1738264398.10025,660
1738264398.73318,662
1738264399.39299,660
1738264400.32232,633
1738264400.92627,604
1738264401.23328,604
1738264401.71012,604
1738264402.47451,764
1738264403.24574,764
1738264404.05294,771
1738264404.68569,771
1738264405.46018,751
1738264406.21106,729
1738264406.93991,729
1738264407.63363,698
1738264408.32294,694
1738264409.02077,689
1738264409.6906,670
1738264410.00563,514
1738264410.38316,378
1738264410.89757,342
1738264411.23206,348
1738264411.57398,348
1738264411.92229,348
1738264412.676,348
1738264413.41061,562
1738264413.74723,611
1738264414.30888,611
1738264414.92034,611
1738264415.66103,611
1738264416.32439,611
1738264416.69341,549
1738264417.24229,373
1738264417.60493,373
1738264417.97832,549
1738264418.73071,451
1738264419.33472,451
1738264419.78599,604
1738264420.14775,599
1738264420.76723,451
1738264421.36616,599
1738264421.76847,601
1738264422.36948,599
1738264423.25069,601
1738264423.82517,712
1738264424.63338,712
1738264425.34523,574
1738264425.8518,712
1738264426.17831,592
1738264427.06048,592
1738264427.65284,592
1738264428.33153,592
1738264428.80655,571
1738264429.37717,571
1738264429.72658,475
1738264430.57095,571
1738264430.97854,575
1738264431.55366,642
1738264432.19586,575
1738264432.93731,575
1738264433.33973,642
1738264433.71565,652
1738264434.36786,440
1738264435.19062,602
1738264435.63042,652
1738264436.23284,602
1738264437.00905,602
1738264437.39289,665
1738264438.05814,699
1738264438.94186,665
1738264439.64118,665
1738264440.2542,613
1738264440.58079,613
1738264440.97113,613
1738264441.73666,390
1738264442.63819,390
1738264442.96074,602
1738264443.28332,326
1738264443.88564,326
1738264444.21149,602
1738264444.89436,602
1738264445.51702,623
1738264446.10983,623
1738264446.93499,623
1738264447.55789,593
1738264447.86619,317
1738264448.17722,317
1738264448.49396,317
1738264448.89114,397
1738264449.44318,397
1738264450.00756,552
1738264450.37,564
1738264451.03482,665
1738264451.96279,665
1738264452.65849,665
1738264452.9965,380
1738264453.37612,338
1738264453.69033,338
1738264454.01372,323
1738264454.56823,323
1738264454.88557,555
1738264455.5296,555
1738264456.24354,644
1738264456.56514,714
1738264457.47168,871
1738264458.34307,871
1738264459.27708,893
1738264459.77377,871
1738264460.66644,893
1738264461.04112,497
1738264462.04785,652
1738264462.49787,652
1738264463.14981,652
1738264464.00202,619
1738264464.62062,619
1738264465.00217,520
1738264465.52181,520
1738264465.95101,429
1738264466.57563,520
1738264466.95372,429
1738264467.61807,378
1738264467.94498,352
1738264468.2683,352
1738264468.62041,352
1738264469.19064,502
1738264469.69279,570
1738264470.54279,570
1738264471.14355,601
1738264471.66079,702
1738264472.41216,601
1738264473.11369,517
1738264473.62791,514
1738264473.93841,351
1738264474.28979,337
1738264474.59875,337
1738264474.93603,351
1738264475.30771,337
1738264475.95174,372
1738264476.27151,604
1738264476.87526,604
1738264477.55801,604
1738264478.10229,683
1738264478.79051,683
1738264479.47844,688
1738264479.97256,688
1738264481.18781,685
1738264481.50744,494
1738264482.19198,452
1738264482.64367,452
1738264482.96477,516
1738264483.48079,516
1738264484.27509,649
1738264484.92375,725
1738264485.65412,725
1738264486.37899,649
1738264487.01924,640
1738264487.43094,543
1738264487.97408,493
1738264488.37767,412
1738264488.87111,404
1738264489.20052,404
1738264489.54994,349
1738264490.23669,349
1738264490.57331,574
1738264491.20191,574
1738264491.77602,574
1738264492.34665,629
1738264493.09126,574
1738264493.7631,571
1738264494.31776,555
1738264494.6278,555
1738264495.00506,377
1738264495.94785,330
1738264496.2774,377
1738264496.60221,364
1738264497.18414,364
1738264497.54816,418
1738264497.96627,418
1738264498.66163,364
1738264498.97051,418
1738264499.3245,695
1738264500.11908,361
1738264501.02512,661
1738264501.3866,661
1738264502.04788,492
1738264502.38408,492
1738264502.87613,661
1738264503.59689,677
1738264504.46062,677
1738264505.13795,721
1738264505.68657,677
1738264506.58301,656
1738264507.1963,613
1738264507.85275,613
1738264508.18947,613
1738264508.64796,656
1738264509.41072,458
1738264510.19385,458
1738264510.58316,401
1738264510.95551,401
1738264511.35619,395
1738264511.86115,401
1738264512.25592,505
1738264513.01116,505
1738264513.64418,537
1738264513.9619,633
1738264514.49925,633
1738264515.13361,634
1738264515.88525,718
1738264516.76921,718
1738264517.48737,752
1738264518.19626,778
1738264518.97409,718
1738264519.75602,778
1738264520.42905,778
1738264521.32746,782
1738264521.69202,677
1738264522.67004,793
1738264523.34727,677
1738264524.14057,677
1738264524.60241,677
1738264524.95378,681
1738264525.6349,632
1738264526.44793,681
1738264527.08041,750
1738264527.83024,750
1738264528.63197,708
1738264529.33983,750
1738264529.82052,802
1738264530.72489,708
1738264531.60059,876
1738264531.9288,876
1738264532.86842,802
1738264533.67007,802
1738264534.2913,802
1738264535.2624,762
1738264536.0241,762
1738264536.57619,762
1738264537.39892,694
1738264538.09334,552
1738264538.43986,456
1738264538.89554,360
1738264539.21389,360
1738264539.5734,456
1738264540.17471,601
1738264540.9816,601
1738264541.69432,601
1738264542.053,713
1738264542.39856,713
1738264543.21438,549
1738264543.95717,743
1738264544.5066,743
1738264545.34213,712
1738264546.05425,712
1738264546.70282,712
1738264547.61322,653
1738264547.99444,653
1738264548.64746,718
1738264549.36562,718
1738264550.09659,718
1738264550.83324,731
1738264551.4367,731
1738264552.28074,737
1738264552.79242,603
1738264554.22308,844
1738264554.5444,573
1738264555.59999,592
1738264556.17346,592
1738264556.76503,632
1738264557.39751,632
1738264558.11063,644
1738264558.84766,713
1738264559.49169,713
1738264560.22216,730
1738264560.87594,730
1738264561.63541,739
1738264562.4281,739
1738264563.16703,739
1738264563.72967,739
1738264564.42634,717
1738264565.23841,697
1738264565.95554,697
1738264566.62715,717
1738264567.26017,672
1738264568.00557,643
1738264568.63805,643
1738264569.28087,643
1738264569.9474,643
1738264570.56785,649
1738264571.25869,649
1738264571.90736,620
1738264572.21699,649
1738264572.557,572
1738264573.31487,572
1738264573.88692,687
1738264574.83829,687
1738264575.52504,687
1738264575.84063,699
1738264576.53956,699
1738264577.32439,724
1738264578.10175,777
1738264578.82565,777
1738264579.6202,777
1738264580.33914,795
1738264581.18987,813
1738264582.02457,813
1738264582.8376,813
1738264583.57573,801
1738264584.37694,794
1738264585.1707,794
1738264585.94133,794
1738264586.73894,794
1738264587.30378,771
1738264588.16545,613
1738264588.77848,613
1738264589.35316,613
1738264590.06059,575
1738264590.42924,575
1738264590.73625,465
1738264591.52861,369
1738264591.99341,465
1738264592.33534,465
1738264593.23941,415
1738264593.65485,415
1738264593.99059,783
1738264594.85128,415
1738264595.63393,392
1738264595.94579,720
1738264596.33804,720
1738264597.05756,583
1738264597.90947,720
1738264598.49252,733
1738264599.24205,750
1738264599.97464,750
1738264600.81771,760
1738264601.58734,770
1738264602.34697,813
1738264603.1601,813
1738264604.02135,823
1738264604.90247,823
1738264605.72595,823
1738264606.3812,727
1738264607.10867,655
1738264607.42524,655
1738264607.74258,727
1738264608.5848,729
1738264609.33685,752
1738264610.06595,833
1738264610.92762,804
1738264611.76056,833
1738264612.56441,833
1738264613.44641,833
1738264614.20993,804
1738264615.07127,764
1738264615.7737,764
1738264616.48247,755
1738264617.2475,725
1738264618.00253,755
1738264618.72802,755
1738264619.61987,755
1738264620.37454,755
1738264621.14721,773
1738264621.8558,755
1738264622.65637,773
1738264623.4017,745
1738264624.18703,785
1738264624.82175,745
1738264625.61339,785
1738264626.30951,775
1738264627.22244,784
1738264627.99729,775
1738264628.78141,775
1738264629.53608,775
1738264630.31111,755
1738264631.0215,719
1738264631.53692,710
1738264632.25575,515
1738264632.58234,515
1738264632.97268,634
1738264633.60627,634
1738264634.37796,726
1738264635.13202,754
1738264635.85851,754
1738264636.76493,726
1738264637.46557,701
1738264638.12351,658
1738264638.64413,654
1738264638.96148,654
1738264639.61584,630
1738264640.39507,654
1738264641.02526,655
1738264641.68003,678
1738264642.60068,678
1738264643.27835,804
1738264644.0822,804
1738264644.89568,767
1738264645.60841,778
1738264646.37546,767
1738264647.15313,713
1738264647.79607,643
1738264648.12484,624
1738264648.47319,624
1738264649.09691,559
1738264649.79564,624
1738264650.35459,656
1738264651.01056,699
1738264651.80304,749
1738264652.58755,785
1738264653.3361,792
1738264654.13941,793
1738264654.93204,796
1738264655.72756,803
1738264656.5477,796
1738264657.37953,796
1738264658.16077,781
1738264658.87139,711
1738264659.27128,679
1738264659.62926,679
1738264660.30785,679
1738264661.12898,717
1738264661.84571,821
1738264662.69154,821
1738264663.54698,768
1738264664.31499,768
1738264664.75392,709
1738264665.11829,709
1738264665.82707,650
1738264666.68699,709
1738264667.33653,709
1738264668.10176,650
1738264668.67758,633
1738264669.31091,633
1738264669.94143,633
1738264670.66439,633
1738264671.33008,631
1738264671.95211,666
1738264672.54786,666
1738264673.24852,701
1738264674.00652,758
1738264674.77822,758
1738264675.64348,758
1738264675.97267,667
1738264676.46729,593
1738264677.13461,593
1738264677.72764,594
1738264678.42591,594
1738264679.01948,593
1738264679.52586,594
1738264679.83251,594
1738264680.65265,711
1738264681.36358,711
1738264682.12115,711
1738264682.69243,571
1738264683.10388,507
1738264683.61068,504
1738264684.09625,504
1738264684.59979,507
1738264685.33545,504
1738264685.96793,504
1738264686.45001,482
1738264686.76736,325
1738264687.0847,325
1738264687.40986,325
1738264688.00194,592
1738264688.63636,634
1738264689.39513,656
1738264690.05137,656
1738264691.00016,656
1738264691.3282,656
1738264691.77209,771
1738264692.54272,720
1738264693.33465,771
1738264694.05431,771
1738264694.91968,737
1738264695.65704,720
1738264696.03215,737
1738264696.39774,737
1738264697.20055,684
1738264697.98468,684
1738264698.66883,751
1738264699.33259,751
1738264700.08371,751
1738264700.99158,751
1738264701.76328,772
1738264702.43821,804
1738264703.39035,780
1738264704.19408,781
1738264704.97401,803
1738264705.75524,781
1738264706.55787,781
1738264707.19289,781
1738264708.01653,781
1738264708.71235,696
1738264709.49328,696
1738264709.90206,696
1738264710.2188,732
1738264710.95097,732
1738264711.70127,750
1738264712.5039,770
1738264713.2741,770
1738264714.05096,770
1738264714.76906,760
1738264715.33071,718
1738264716.09051,562
1738264716.52286,562
1738264716.83424,745
1738264717.57917,745
1738264718.4473,785
1738264719.23188,785
1738264720.04491,813
1738264720.66793,785
1738264721.67125,623
1738264722.01268,433
1738264722.44546,341
1738264722.78071,341
1738264723.08979,433
1738264723.78487,592
1738264724.44497,660
1738264725.03683,695
1738264725.81293,699
1738264726.51155,738
1738264727.24995,776
1738264728.03259,783
1738264728.84465,783
1738264729.66838,792
1738264730.42841,792
1738264731.22054,760
1738264731.88502,664
1738264732.21121,664
1738264732.51909,664
1738264733.29234,686
1738264733.97882,773
1738264734.76267,773
1738264735.56643,766
1738264736.33197,783
1738264737.01733,766
1738264737.79992,685
1738264738.12844,634
1738264738.45472,634
1738264739.08841,381
1738264739.91058,634
1738264740.29124,738
1738264741.52664,738
1738264742.26507,738
1738264742.8888,772
1738264743.8036,738
1738264744.57574,764
1738264745.2799,764
1738264746.04369,764
1738264746.61886,744
1738264747.42271,744
1738264748.16644,719
1738264748.88593,719
1738264749.56346,696
1738264750.25952,678
1738264750.84071,676
1738264751.51687,582
1738264752.09906,582
1738264752.66968,582
1738264753.28164,571
1738264753.64032,485
1738264754.12534,485
1738264754.47269,403
1738264755.10738,403
1738264755.51067,403
1738264755.82641,413
1738264756.60784,403
1738264757.021,413
1738264757.36736,457
1738264757.8243,457
1738264758.58091,457
1738264759.23627,655
1738264759.54415,655
1738264760.78551,655
1738264761.11721,482
1738264761.80828,691
1738264762.28999,644
1738264763.03836,644
1738264763.68238,482
1738264763.99973,644
1738264764.3111,614
1738264765.24589,614
1738264765.86035,614
1738264766.61843,614
1738264766.99985,614
1738264767.32726,695
1738264768.02261,695
1738264768.78458,695
1738264769.60455,695
1738264770.26477,762
1738264770.91633,697
1738264771.80331,661
1738264772.50026,681
1738264773.16127,697
1738264773.84248,697
1738264774.69675,696
1738264775.43651,728
1738264776.13221,728
1738264776.86043,728
1738264777.49506,714
1738264778.28749,714
1738264779.0015,714
1738264779.66753,714
1738264780.50404,666
1738264780.81061,666
1738264781.13773,391
1738264781.9301,327
1738264782.32125,391
1738264782.63364,631
1738264783.26429,631
1738264784.10552,632
1738264784.73754,662
1738264785.39977,662
1738264786.1104,633
1738264786.74329,633
1738264787.06063,633
1738264787.36947,421
1738264788.22201,421
1738264788.6435,730
1738264789.41543,765
1738264790.14585,730
1738264790.91106,730
1738264791.5729,673
1738264792.24551,673
1738264792.86726,673
1738264793.60069,673
1738264794.29372,688
1738264794.90734,688
1738264795.59517,662
1738264796.25745,614
1738264796.61921,662
1738264796.93369,603
1738264797.76769,603
1738264798.37108,733
1738264799.12211,733
1738264799.8555,689
1738264800.54416,689
1738264801.21555,689
1738264801.88562,689
1738264802.62907,671
1738264803.37588,743
1738264803.9891,743
1738264804.8146,694
1738264805.50836,633
1738264806.14099,633
1738264806.48067,633
1738264806.83461,633
1738264807.62078,664
1738264808.28467,734
1738264809.05817,734
1738264809.79216,721
1738264810.51328,721
1738264811.20014,711
1738264811.91116,706
1738264812.61718,687
1738264812.95425,633
1738264813.29144,633
1738264813.92459,344
1738264814.62808,344
1738264814.97213,633
1738264815.27674,680
1738264815.95677,664
1738264816.7078,676
1738264817.37223,680
1738264818.04852,684
1738264818.76868,676
1738264819.45231,684
1738264820.09666,684
1738264820.85736,684
1738264821.23161,644
1738264822.17674,761
1738264822.73195,718
1738264823.50547,718
1738264824.22309,718
1738264824.85539,718
1738264825.59615,696
1738264826.29184,683
1738264826.88487,683
1738264827.56814,616
1738264828.06805,593
1738264828.68391,564
1738264829.08783,564
1738264829.65171,571
1738264830.28473,571
1738264830.85586,624
1738264831.51028,633
1738264832.13421,654
1738264832.80407,654
1738264833.57819,624
1738264833.90466,670
1738264834.26922,643
1738264834.94492,643
1738264835.58788,643
1738264836.30437,643
1738264836.69504,640
1738264837.03024,640
1738264837.67002,640
1738264838.41493,640
1738264839.07677,640
1738264839.40029,613
1738264839.77307,613
1738264840.38655,613
1738264841.09776,613
1738264841.81424,711
1738264842.40781,711
1738264843.16348,714
1738264843.79596,645
1738264844.50979,645
1738264845.15492,632
1738264845.49073,562
1738264846.05255,562
1738264846.57857,526
1738264847.2443,562
1738264847.74102,641
1738264848.61045,641
1738264849.25178,641
1738264849.86466,687
1738264850.55173,655
1738264851.26225,655
1738264851.91698,687
1738264852.56821,655
1738264853.2949,651
1738264853.91706,622
1738264854.52009,603
1738264855.12251,602
1738264855.52466,582
1738264855.87256,582
1738264856.45436,498
1738264857.11984,582
1738264857.61811,613
1738264858.23088,622
1738264858.85326,622
1738264859.57149,622
1738264860.20471,633
1738264860.7439,634
1738264861.48002,633
1738264862.11358,634
1738264862.6977,634
1738264863.41244,634
1738264864.01486,693
1738264864.72549,693
1738264865.41838,614
1738264866.03241,614
1738264866.35855,614
1738264866.72597,567
1738264867.41761,567
1738264867.98482,648
1738264868.70848,648
1738264869.35617,648
1738264869.93709,658
1738264870.79293,648
1738264871.45132,658
1738264872.07731,658
1738264872.95301,643
1738264873.55543,626
1738264874.19816,624
1738264874.82248,602
1738264875.37365,551
1738264875.84663,551
1738264876.20614,551
1738264876.83535,629
1738264877.55646,696
1738264878.25233,721
1738264878.98191,721
1738264879.75928,696
1738264880.38039,730
1738264881.04366,668
1738264881.84209,668
1738264882.50999,668
1738264883.25405,668
1738264883.91581,668
1738264884.58383,673
1738264885.31861,668
1738264885.99143,673
1738264886.62391,735
1738264887.41118,738
1738264888.16205,738
1738264888.89997,738
1738264889.60421,738
1738264890.25309,704
1738264891.14933,649
1738264891.74008,649
1738264892.38878,649
1738264893.1436,649
1738264893.64264,755
1738264894.48486,755
1738264895.25353,746
1738264895.91519,755
1738264896.66112,746
1738264897.41579,746
1738264898.14664,746
1738264898.92148,735
1738264899.65697,731
1738264900.06868,655
1738264900.38976,655
1738264901.04512,655
1738264901.79005,682
1738264902.60338,682
1738264903.28566,729
1738264903.91493,729
1738264904.64426,729
1738264905.45499,738
1738264906.19252,738
1738264906.99353,738
1738264907.30991,731
1738264907.63574,712
1738264908.36659,686
1738264909.0781,712
1738264909.76446,731
1738264910.50259,738
1738264911.25534,738
1738264912.05475,738
1738264912.71057,708
1738264913.41869,704
1738264914.11196,704
1738264914.8162,708
1738264915.52948,704
1738264916.53963,704
1738264916.95194,684
1738264917.62104,684
1738264918.30519,669
1738264919.07822,669
1738264919.40384,684
1738264919.80385,548
1738264920.51318,548
1738264921.06124,637
1738264921.8646,709
1738264922.50132,711
1738264923.21271,711
1738264923.95002,711
1738264924.57944,711
1738264925.37074,629
1738264925.75009,629
1738264926.0783,664
1738264926.74246,664
1738264927.50382,711
1738264928.21938,711
1738264928.93076,716
1738264929.56869,711
1738264930.31207,665
1738264930.97629,664
1738264931.64154,665
1738264932.21074,665
1738264933.06658,665
1738264933.77213,682
1738264934.43223,686
1738264935.11379,685
1738264935.80008,685
1738264936.48518,685
1738264937.1922,685
1738264937.50855,585
1738264937.92257,585
1738264938.50746,414
1738264939.27228,414
1738264939.62143,585
1738264939.95145,655
1738264940.67767,655
1738264941.33303,665
1738264941.99773,665
1738264942.73903,665
1738264943.37018,681
1738264944.12826,681
1738264944.80938,681
1738264945.47126,698
1738264946.16956,698
1738264946.89383,698
1738264947.65825,724
1738264948.23917,724
1738264948.9632,724
1738264949.71623,724
1738264950.43439,724
1738264951.16209,718
1738264951.83871,718
1738264952.44259,720
1738264953.16262,677
1738264953.9384,633
1738264954.57167,720
1738264955.19513,673
1738264955.96394,673
1738264956.63648,679
1738264957.31573,702
1738264958.04027,679
1738264958.74258,679
1738264959.42052,702
1738264960.08544,678
1738264960.82892,678
1738264961.44889,665
1738264962.15572,643
1738264962.77721,643
1738264963.42057,643
1738264964.08596,623
1738264964.70871,643
1738264965.31246,623
1738264966.01417,623
1738264966.62592,624
1738264967.37702,649
1738264968.00075,624
1738264968.64941,638
1738264969.27216,638
1738264969.91038,649
1738264970.59025,672
1738264971.26208,672
1738264971.93657,674
1738264972.50256,672
1738264973.19462,674
1738264973.82698,632
1738264974.58267,692
1738264975.16283,654
1738264975.86072,654
1738264976.51498,654
1738264977.16941,654
1738264977.92014,654
1738264978.45098,658
1738264979.26401,658
1738264979.9224,623
1738264980.54515,645
1738264981.09886,645
1738264981.74362,645
1738264982.48795,645
1738264983.14007,645
1738264983.78077,652
1738264984.42506,652
1738264985.14882,661
1738264985.81015,661
1738264986.51948,661
1738264987.0575,538
1738264987.42651,538
1738264987.76463,538
1738264988.44185,612
1738264989.09149,650
1738264989.7033,677
1738264990.42236,650
1738264991.10348,681
1738264991.69508,681
1738264992.37781,681
1738264992.93946,663
1738264993.63657,663
1738264994.29967,650
1738264994.94301,653
1738264995.59338,653
1738264996.24653,653
1738264996.97469,654
1738264997.62858,675
1738264998.38994,675
1738264999.06497,655
1738264999.72033,662
1738265000.3212,655
1738265000.98286,642
1738265001.62507,642
1738265002.22509,642
1738265002.88676,600
1738265003.19863,600
1738265003.52924,614
1738265004.1679,614
1738265004.78183,639
1738265005.42242,641
1738265006.10285,641
1738265006.83718,680
1738265007.43075,680
1738265008.12805,594
1738265008.43594,584
1738265008.77026,584
1738265009.35377,584
1738265009.99694,640
1738265010.63665,640
1738265011.32355,643
1738265011.93548,640
1738265012.66987,612
1738265013.24542,576
1738265013.55221,576
1738265013.94119,576
1738265014.61898,584
1738265015.29379,584
1738265015.87763,584
1738265016.4232,584
1738265016.72957,584
1738265017.3336,604
1738265018.0399,619
1738265018.71129,671
1738265019.33077,706
1738265020.07146,671
1738265020.80601,687
1738265021.45455,735
1738265022.14148,687
1738265022.89091,687
1738265023.52533,687
1738265024.25496,658
1738265024.89898,658
1738265025.55701,677
1738265026.31222,672
1738265026.98952,677
1738265027.66119,715
1738265028.37646,677
1738265029.09282,672
1738265029.75609,715
1738265030.4232,667
1738265031.19023,667
1738265031.81135,704
1738265032.51495,704
1738265033.28277,704
1738265033.96389,704
1738265034.67091,707
1738265035.2353,707
1738265036.04897,707
1738265036.84291,677
1738265037.45593,677
1738265038.13306,677
1738265038.75653,677
1738265039.58902,678
1738265040.28719,678
1738265040.96502,678
1738265041.31772,353
1738265041.64337,337
1738265041.95993,337
1738265042.29656,337
1738265043.0469,720
1738265043.76682,720
1738265044.50276,720
1738265044.86759,672
1738265045.22824,614
1738265045.8999,614
1738265046.51365,661
1738265047.17466,672
1738265047.91456,661
1738265048.60783,661
1738265048.96073,693
1738265049.26654,685
1738265050.07967,685
1738265050.76467,698
1738265051.46253,698
1738265052.21242,685
1738265052.85675,698
1738265053.38344,742
1738265054.19691,644
1738265054.93926,728
1738265055.53159,742
1738265056.25942,728
1738265057.00925,728
1738265057.73768,728
1738265058.35748,728
1738265059.25867,687
1738265059.84209,687
1738265060.52948,705
1738265061.24623,705
1738265061.95084,705
1738265062.66967,705
1738265063.34486,686
1738265063.97816,686
1738265064.66422,675
1738265065.37113,633
1738265065.68759,665
1738265066.1016,624
1738265066.7663,423
1738265067.39032,423
1738265067.81327,624
1738265068.15202,624
1738265068.80531,653
1738265069.47104,666
1738265070.18843,666
1738265070.89599,686
1738265071.52915,708
1738265072.21474,708
1738265072.93978,686
1738265073.6519,686
1738265073.98372,624
1738265074.29659,624
1738265074.92028,624
1738265075.67131,643
1738265076.35667,685
1738265076.99963,685
1738265077.68466,685
1738265078.41549,652
1738265079.06778,672
1738265079.7055,652
1738265080.3775,638
1738265080.69278,638
1738265081.06349,623
1738265081.73586,623
1738265082.35861,672
1738265083.08217,674
1738265083.7561,713
1738265085.11245,721
1738265085.82571,713
1738265086.54714,713
1738265087.11476,675
1738265087.7901,659
1738265088.41276,659
1738265089.07161,675
1738265089.76654,695
1738265090.48523,719
1738265091.2866,719
1738265092.00942,719
1738265092.35264,723
1738265092.69175,634
1738265093.46235,634
1738265094.09634,634
1738265094.82484,634
1738265095.17684,610
1738265095.51276,610
1738265096.12251,352
1738265096.75499,336
1738265097.06555,610
1738265097.40147,632
1738265098.05046,644
1738265098.69409,649
1738265099.40882,649
1738265100.15404,644
1738265100.77679,715
1738265101.35433,623
1738265102.11629,623
1738265102.63204,762
1738265104.0967,762
1738265105.43082,516
1738265105.75828,827
1738265106.11436,681
1738265106.94161,674
1738265107.62251,681
1738265108.29693,681
1738265109.3225,681
1738265109.70696,674
1738265110.49162,785
1738265110.90397,642
1738265111.88868,785
1738265112.53053,642
1738265113.33286,802
1738265113.94669,697
1738265114.74825,697
1738265115.44555,697
1738265116.06917,697
1738265116.7879,697
1738265117.47533,697
1738265118.24466,719
1738265118.94196,697
1738265119.71121,769
1738265120.31414,697
1738265121.24757,692
1738265121.93913,692
1738265122.60483,692
1738265123.40206,666
1738265123.71233,666
1738265124.02608,710
1738265124.83911,710
1738265125.54876,731
1738265126.38028,731
1738265127.111,725
1738265127.83618,725
1738265128.18471,725
1738265128.6807,718
1738265129.4417,683
1738265130.15979,718
1738265130.84306,718
1738265131.61718,704
1738265132.31775,701
1738265133.02205,701
1738265133.63926,617
1738265134.17728,617
1738265134.50357,617
1738265135.25452,697
1738265136.04615,751
1738265136.74284,765
1738265137.50823,765
1738265138.33099,757
1738265139.04587,757
1738265139.80241,753
1738265140.55587,731
1738265141.28683,753
1738265142.00359,731
1738265142.79595,731
1738265143.34964,717
1738265144.18295,768
1738265144.8837,768
1738265145.65173,768
1738265146.4341,768
1738265147.11952,768
1738265147.90355,705
1738265148.60845,702
1738265149.28008,705
1738265149.9817,702
1738265150.86994,672
1738265151.17595,702
1738265151.53463,727
1738265152.28627,704
1738265153.01336,704
1738265153.71769,704
1738265154.39952,682
1738265155.0747,682
1738265155.69853,675
1738265156.41616,624
1738265156.78484,624
1738265157.09338,660
1738265157.77711,611
1738265158.43678,660
1738265159.04786,684
1738265159.75602,708
1738265160.62032,817
1738265161.46435,844
1738265162.28119,844
1738265163.14362,817
1738265163.78156,638
1738265164.37267,591
1738265164.68357,584
1738265165.26741,584
1738265165.58718,584
1738265166.30964,629
1738265166.93824,706
1738265167.65887,721
1738265168.36499,721
1738265169.16746,802
1738265170.05469,844
1738265170.92039,844
1738265171.76443,866
1738265172.58779,844
1738265173.46928,834
1738265174.3035,829
1738265175.13209,834
1738265175.61382,829
1738265176.51615,829
1738265176.98169,482
1738265177.877,895
1738265178.1891,466
1738265179.33583,663
1738265179.76719,663
1738265180.43028,761
1738265181.41414,761
1738265182.1755,800
1738265182.9754,823
1738265183.79843,800
1738265184.63372,800
1738265184.94248,750
1738265185.39766,750
1738265186.14733,716
1738265186.97106,716
1738265187.68684,738
1738265188.38741,716
1738265189.12554,716
1738265189.82167,738
1738265190.6461,781
1738265191.42703,824
1738265192.26177,824
1738265193.1364,835
1738265193.96013,835
1738265194.80467,824
1738265195.60759,803
1738265195.93504,728
1738265196.37853,644
1738265197.10676,443
1738265197.75112,501
1738265198.06399,644
1738265198.56481,644
1738265199.32739,737
1738265200.06407,745
1738265200.94909,763
1738265201.69439,794
1738265202.53724,839
1738265203.33082,794
1738265204.16967,839
1738265204.90061,794
1738265205.7543,731
1738265206.46831,714
1738265206.78505,623
1738265207.21425,429
1738265207.837,365
1738265208.2021,429
1738265208.53271,623
1738265209.39924,811
1738265210.20987,811
1738265211.03712,827
1738265211.78173,827
1738265212.61357,827
1738265213.52158,775
1738265214.2331,813
1738265215.00764,775
1738265215.82113,712
1738265216.25061,702
1738265216.56486,702
1738265217.26664,695
1738265217.99231,695
1738265218.6876,695
1738265219.02562,695
1738265219.40474,695
1738265220.21726,768
1738265221.1799,813
1738265221.94764,813
1738265222.8491,833
1738265223.62262,833
1738265224.45519,833
1738265225.3292,815
1738265226.01456,815
1738265226.82952,775
1738265227.60495,775
1738265228.33918,775
1738265229.12082,734
1738265229.50236,691
1738265229.82938,623
1738265230.52087,623
1738265231.14389,623
1738265231.81692,673
1738265232.43948,673
1738265233.29454,777
1738265234.07121,777
1738265234.97405,855
1738265235.578,777
1738265236.55294,774
1738265237.32706,717
1738265238.04382,774
1738265238.71521,717
1738265239.50309,671
1738265239.82977,671
1738265240.20609,764
1738265241.08612,423
1738265241.85052,423
1738265242.27398,764
1738265242.61755,764
1738265243.41921,802
1738265244.22252,803
1738265245.05064,803
1738265245.85395,803
1738265246.56,781
1738265247.34093,706
1738265247.96496,706
1738265248.59918,692
1738265249.3849,692
1738265250.07684,692
1738265250.98618,716
1738265251.67472,716
1738265252.39048,813
1738265253.20369,716
1738265254.08866,716
1738265254.63702,563
1738265254.96249,548
1738265255.52539,548
1738265255.96807,547
1738265257.00244,547
1738265257.54941,443
1738265257.88965,547
1738265258.21061,547
1738265258.86078,650
1738265259.56921,701
1738265260.2957,701
1738265260.99627,701
1738265261.61075,614
1738265261.96664,614
1738265262.33543,511
1738265263.00826,402
1738265263.51877,511
1738265263.92038,673
1738265264.66852,748
1738265265.50244,766
1738265266.33057,766
1738265267.09691,766
1738265267.41042,766
1738265267.89987,686
1738265268.7129,585
1738265269.39896,585
1738265269.98371,686
1738265270.30743,686
1738265271.05706,585
1738265271.78169,585
1738265272.36653,585
1738265272.94065,585
1738265273.27295,585
1738265274.07578,574
1738265274.81701,352
1738265275.16128,443
1738265275.51304,355
1738265275.95586,355
1738265276.31051,443
1738265277.1043,443
1738265277.74753,361
1738265278.10805,546
1738265278.42532,546
1738265278.97116,546
1738265283.10347,662
1738265283.91953,685
1738265284.5812,696
1738265285.27752,696
1738265285.97358,696
1738265286.61801,696
1738265287.37794,696
1738265287.96187,644
1738265288.74618,630
1738265289.37578,584
1738265289.72067,630
1738265290.24022,520
1738265290.92744,403
1738265291.24073,520
1738265291.64377,650
1738265292.36532,650
1738265293.01573,722
1738265293.75892,743
1738265294.51459,745
1738265295.25953,745
1738265296.1021,756
1738265296.66834,745
1738265297.67281,566
1738265298.19729,524
1738265298.51374,488
1738265298.84994,488
1738265299.33748,488
1738265299.9832,488
1738265300.83753,488
1738265301.25112,646
1738265301.59507,544
1738265302.45881,544
1738265303.00259,571
1738265303.62574,591
1738265304.19637,591
1738265304.78766,591
1738265305.38001,591
1738265305.96413,591
1738265306.57239,592
1738265307.13268,608
1738265307.79629,664
1738265308.47741,664
1738265309.37457,681
1738265309.97829,681
1738265310.74241,604
1738265311.10697,604
1738265311.44358,472
1738265312.1111,472
1738265312.58296,508
1738265313.49193,614
1738265314.00008,508
1738265314.61392,508
1738265314.95819,508
1738265315.2652,614
1738265315.94273,678
1738265332.83369,678
1738265335.07436,678
1738265335.41579,735
1738265335.75121,821
1738265341.49603,772
1738265342.31692,772
1738265343.0885,772
1738265343.40933,772
1738265343.76452,355
1738265345.04991,355
1738265345.35898,823
1738265346.52681,1168
1738265347.34957,1168
1738265349.49438,1168
1738265351.19836,853
1738265351.65574,1704
1738265352.50869,853
1738265354.93216,784
1738265355.70454,784
1738265356.48839,784
1738265357.17596,784
1738265358.00845,784
1738265358.82642,698
1738265359.52414,745
1738265360.1718,745
1738265360.91631,698
1738265362.19425,695
1738265362.88955,695
1738265363.5323,695
1738265363.94572,643
1738265364.83405,422
1738265365.16882,422
1738265365.59128,422
1738265366.50896,383.5
1738265366.85425,422
